message,actual_sentiment,predicted_sentiment,sentiment_confidence,actual_sarcasm
Isme kucch question hai jo tum try kar skte ho,Neutral,Positive,0.7926,False
Agar karna ho to,Neutral,Negative,0.4962,False
Guyss room pe hu aajao,Positive,Neutral,0.9945,False
Do jane chal ke aaye,Neutral,Negative,0.9359,False
Usse acha ek Jan aaja,Neutral,Positive,0.6053,False
süsse Träume,Neutral,Positive,0.9983,False
Bas sone ja rhi hu,Neutral,Negative,0.9483,False
U never know,Neutral,Positive,0.7975,False
I gonna buy a mask and wear it everywhere whenever I am with you😡,Negative,Positive,0.976,True
Guyss opportunity to gain 50 rupees,Positive,Neutral,0.9447,True
Idhr DELD ki bkl lab karni hain attend,Negative,Neutral,0.9831,False
Mein same chiz tujhe bolne aanewali thi🥲,Neutral,Positive,0.4271,False
Haan matlab jinko sath room lene hain voh log 😭,Neutral,Negative,0.6562,False
Either single or double already filled hata😭,Negative,Neutral,0.569,False
Sab kab aa rahe hostel ?,Neutral,Positive,0.701,False
Sab frnds ko bol dena 😭😭,Neutral,Negative,0.992,False
Bilkul naa hai🥲,Negative,Positive,0.9925,False
Ohhh sorry galat jageh bhej diya,Neutral,Negative,0.9812,False
Where are u guys 🧐👀,Neutral,Positive,0.6911,False
Mere room mai hai mai aur Pratiksha ....aaja jaldi,Positive,Neutral,0.5917,False
Chal ab mereko dekh ne de,Neutral,Negative,0.9883,False
Haan to P&C se total 3 combination bante haii...😅,Neutral,Negative,0.7521,False
dil tham ke bedhiye bhaiyo and baheno..,Positive,Negative,0.5342,True
aree aree wo perfect match pe matt jao.. wo to copilot ne apne se likh diya. and mene bhi change nahi kara🥲😁,Neutral,Positive,0.9866,True
Tu theek toh hai na,Neutral,Negative,0.9953,False
😭😭fees mat bhara karo meri plsssss🙏🏼🙏🏼🙏🏼🙏🏼🙏🏼,Negative,Positive,0.9972,False
Chinha nhi emoji aur yeh emoji gaali dene ka hai,Neutral,Negative,0.9953,False
"गलत बात है,कुछ खाया पिया करो।",Positive,Negative,0.9924,False
Khane pine ki zarurat nahi hai,Negative,Neutral,0.9053,True
Aise manipulative cheeze mai hi karti hu :),Negative,Positive,0.9971,True
Meri mummy teri mummy ko call ki,Neutral,Positive,0.6828,False
Aunty ko bolna zyada khana na pack kare,Neutral,Negative,0.7068,False
Chal chal nikal🥴,Negative,Neutral,0.7424,False
im not gonna think about it tho hopefully 😭,Neutral,Negative,0.9121,False
usse shayad long weekday chahiye tha (long weekend bahut door hai) 😭😂,Neutral,Negative,0.9819,True
Chahiye kya abhi tujhe,Neutral,Negative,0.9543,False
Kyu tension le raha hai,Neutral,Negative,0.9894,False
Uski attendance 100% se kam ho jaayegi,Negative,Positive,0.7664,True
Never thought I would sleep in an economics class,Negative,Neutral,0.9822,True
"Bro should stawph teaching, join bjp atp and promote Vimal there",Negative,Neutral,0.9337,True
Inglisss bhi Modi jesi haii🤓🤓,Negative,Positive,0.9935,True
Itna formal kyu bol raha hai 😂,Neutral,Negative,0.9962,True
Victim blaming is what indians are good at doing 👄💅,Negative,Positive,0.9654,True
Ye baat sir ko bolni chajye thi n bhai,Neutral,Positive,0.5799,False
Aaj bohot jaldi aa gaye,Negative,Positive,0.9966,True
It's too hot outside,Neutral,Negative,0.5118,False
Tutorial hi nhi diya ki questions hi nhi hai tumhare paas??,Neutral,Negative,0.6869,False
Bhai Teri aankho ke paani ke wajah se hi baarish ho rhi hai 😂,Positive,Negative,0.9689,True
😂😂Arre,Positive,Negative,0.9854,False
Lanka laga de😂,Positive,Negative,0.8649,False
Ab jo bhi aa rahe hai laptop lekar aana,Neutral,Positive,0.7563,False
Agar village visit me log bohot Kam jaate hai ya postponed hoti hai toh,Neutral,Negative,0.9855,False
Bohot jaldi nahi ho jayega,Neutral,Positive,0.9667,False
Kya yh celebration deserve krta hai,Neutral,Negative,0.6992,False
Abe sab ajana likhte hai,Neutral,Positive,0.9953,False
Koi saath chal rha ho to main jane ko ready hu,Positive,Neutral,0.8547,False
Nahi ana chahiye,Negative,Neutral,0.724,False
Ok sir,Neutral,Positive,0.5034,False
Agle tenure mai video se hi kaam chalayenge,Negative,Positive,0.9627,True
Yeh sab kya chal raha hai,Neutral,Negative,0.9898,False
Mujhe nahi marenge pyaare seniors hein,Positive,Negative,0.6062,True
yeh jagah aur idhar ke log we remember,Neutral,Positive,0.9982,True
Ye poll shuru se itna balanced kaise hai 💀,Neutral,Negative,0.9718,True
I am personally more attracted towards smart education,Positive,Neutral,0.6227,False
Aree Aree bhai meri bhi esi hi choice h,Neutral,Positive,0.9671,True
Han to bandh kar do .,Neutral,Negative,0.9962,False
Haan me bhi room ke bahar hi hu😭😭,Neutral,Negative,0.9078,False
Abhi banate hai ppt,Neutral,Positive,0.7548,False
i was sleeping without alarm,Neutral,Positive,0.9965,False
Koi nahi aaja,Positive,Negative,0.9948,False
ha bss ayi 2 min,Neutral,Positive,0.9947,False
mess m practice krenge ?,Neutral,Negative,0.887,False
We don't use insta🙃🙃,Neutral,Negative,0.6825,True
Ho gya apna 🥳🥳,Positive,Neutral,0.7858,False
pta nhi yrr... puchte h kisi se,Neutral,Negative,0.9945,False
and bhut khali khali ppt lg rhi h apni,Negative,Positive,0.9976,False
Rukk dhundte haii,Neutral,Negative,0.976,False
Okkkkayyy... that's why may be we need to change..,Neutral,Positive,0.9896,True
Same goes for you,Neutral,Positive,0.9584,True
Toh chalna padega ready hoke pura,Neutral,Negative,0.6102,False
Yeh ghar ka grp nhi hai sih ka hai,Neutral,Negative,0.5004,False
ho jani chiye re...tumhari wli bhejo tb pray krungi,Positive,Negative,0.99,True
Where were you till now?,Positive,Neutral,0.9885,False
Kaha mar gayi thi,Negative,Neutral,0.9678,True
I'm getting late for the class yaar,Positive,Negative,0.9456,False
Yaar mai bhi kya karne lag gayi thi 😩,Neutral,Negative,0.9961,False
"Ha ha, as If I have done pdf in this subject",Negative,Positive,0.995,True
I Don't know anything yaar,Positive,Negative,0.9501,False
"Are mai sundar hi hoon, bacchpan se",Neutral,Negative,0.9394,True
Gum toh hai mere pass,Neutral,Positive,0.9545,True
Bhagwannnn!,Negative,Positive,0.9985,True
Ye kand sunne ke baad toh meri mummy bohot pyaar karegi bhai mujhe,Negative,Positive,0.9973,True
Me? Mad? I'm the happiest I've ever been,Negative,Positive,0.9982,True
"Gee, thanks for helping me out there",Negative,Positive,0.9984,True
Jaldi bahar aa,Neutral,Positive,0.9939,False
"Sorry, wo kal bhul gayi thi send karna",Neutral,Negative,0.9946,False
acha exam ke baad thodi der baad baat karte hain 😂,Neutral,Positive,0.9901,False
I love how confidently you say things you have absolutely no idea about.,Negative,Positive,0.9969,True
Accha? Tumhe ye ab yaad aaya? Wah kya memory hai!,Negative,Positive,0.9926,True
Tu itna jaldi reply karta hai ki notification dekh ke surprise ho jaati hu 😂,Positive,Negative,0.5265,True
"Wah, kya memory hai tumhari, birthday bhi yaad nahi raha 😭👏",Negative,Positive,0.9977,True
"Haan bilkul, tumhari advice follow karke toh meri life set ho gayi 🙂",Negative,Positive,0.998,True
"Kya zabardast idea tha tumhara, ab poori raat yehi fix karna padega 😑",Negative,Positive,0.9959,True
"Haan haan, tum bas ek minute mein ready ho jao",Neutral,Positive,0.9226,True
"Wah bhai, kya planning hai, last moment pe hi sab yaad aata hai tumhe 👏🙂",Negative,Positive,0.9958,True
"Meri battery 2% hai aur charger ghar pe reh gaya, perfect situation hai 😭",Negative,Positive,0.7402,True
"Great, internet bhi abhi hi jaana tha jab assignment submit karna hai 🙂",Negative,Positive,0.9971,True
Aaj friends ke saath itna hasi ki cheeks hurt kar rahe hain 😂❤️,Positive,Negative,0.8962,False
main toh tumhe jaanti hi nahi 😌,Negative,Positive,0.9767,True
Bhikh mangne ka tarika thoda kezual haii 😋,Negative,Positive,0.9972,True
Jitne ho sake jisse bhi pucho kuch bhi bhejo bas bhejo kiska bf ban raha tha usse baat karo apne aap sentence mil jayenge💀🌚,Neutral,Negative,0.9924,True
Tab to horny sentences ki barishhh 🌚,Neutral,Negative,0.98,True
Improper ho sakte hai par sab nhi,Neutral,Negative,0.9326,False
chalo ladaai karte hai,Neutral,Negative,0.9839,True
Ha to pata hai,Neutral,Positive,0.6331,False
Hopefully usne diye ho marks🙃,Neutral,Negative,0.9731,True
Mene to nahi padhe..,Neutral,Negative,0.9917,False
Chal chal nikal🥴,Negative,Neutral,0.7424,False
Do ko peeche kyu choda,Negative,Neutral,0.9886,True
Wo bhi bol de,Neutral,Negative,0.9722,False
Ha project ka kya karna hai,Neutral,Negative,0.536,False
Nahi mai kar lugi aaj,Positive,Negative,0.9902,False
Zaroor aaungi par abhi yeh sir pe depend karta hai,Neutral,Negative,0.9551,False
Meri class chal rhi hai,Neutral,Positive,0.9897,False
Arey toh unko jaake bolo toh sahi jaldi banaye,Neutral,Positive,0.5742,False
Kaam wali hun kya?,Negative,Neutral,0.6951,True
Kitne dur ho?,Neutral,Negative,0.6294,False
Nhi Maine khana kha liya hai,Positive,Neutral,0.9971,False
Yaar kal ka jo payment tha woh bhi bhej dena mai bhul gyi kitna dena tha,Neutral,Negative,0.9973,False
Kaisa gaya,Neutral,Positive,0.8388,False
Haaaa bas abhi uti hu,Neutral,Positive,0.9859,False
So gayi kya?,Neutral,Negative,0.9905,False
Kabke abhi uthi hu,Neutral,Negative,0.8647,False
M aajau mera bhi wo dena hai,Neutral,Negative,0.9589,False
Baki jo hai wo tujhe dena hai,Neutral,Negative,0.9276,False
Haaa dono baat ka same meaning hai,Neutral,Positive,0.8968,True
Kal wala payment pratiksha ne kiya tha,Neutral,Negative,0.9626,False
Project karooo yaaarrrrr,Neutral,Positive,0.9651,False
Bas aise hi kiya,Neutral,Positive,0.7131,False
Kyu tumhara actor nahi hai sikhane wala.. jo muje msg kar rahi hai?,Neutral,Negative,0.9825,True
Wo hai don't worry,Positive,Neutral,0.7934,False
Aree toh baatein karo usse. Ya usko dekho,Neutral,Negative,0.9628,True
"Bhai meri kismat bhi na, jab zaroorat hoti hai tabhi net band ho jata hai 🙂",Negative,Positive,0.5868,True
"Wah bhai kya timing hai, exam ke ek din pehle notes mil rahe hain 👏😂",Negative,Positive,0.9682,True
"Tu aa ja pehle, baaki ka kaam baad mein dekh lenge",Positive,Negative,0.3914,False
"Arey chill kar, itna bhi serious scene nahi hai 😂",Positive,Negative,0.7151,False
Tumhari advice follow karke ab toh situation aur interesting ho gayi 💀,Negative,Positive,0.9971,True
"Kya zabardast idea diya hai, ab bas koi isse implement bhi kar de 😭👏",Positive,Negative,0.7268,True
"Sorry yaar, phone silent pe tha isliye reply late ho gaya 🥲",Neutral,Negative,0.9904,False
"Wah, tumhari memory toh kamaal ki hai, kal ki baat aaj yaad aa gayi 😂",Negative,Positive,0.5078,True
Aaj library chalna hai kya? Mereko bhi thoda padhna hai 📚,Neutral,Negative,0.9683,False
"Haan bilkul, tumhare bina toh ye kaam impossible hi tha 😌😂",Positive,Negative,0.6854,True
"Tum log enjoy karo, main yaha assignment ke saath relationship mein hu 😭",Negative,Positive,0.6875,True
Acha toh ab yaad aaya ki kal submission hai? Very nice 😂,Negative,Positive,0.9971,True
Bas ek coffee mil jaye phir shayad dimaag kaam karne lage ☕😭,Neutral,Negative,0.8437,False
Kal movie dekhne chale? Kaafi time ho gaya sab saath nahi mile,Positive,Negative,0.9742,False
"Haan haan tum padhai karo, main tumhare liye attendance laga deti hu 😂",Positive,Negative,0.9949,True
"Wah bhai, kya timing hai tumhari 😂",Neutral,Positive,0.9919,True
Kal movie dekhne chale? 🍿,Neutral,Negative,0.9343,False
"Haan haan, tum toh bahut time ke punctual ho 😂",Neutral,Positive,0.993,True
"Kya amazing internet hai, ek message bhejne mein 10 min lag rahe hain 🙂",Negative,Positive,0.9978,True
Tumhare bina toh group bilkul shaant rehta hai 😂,Neutral,Positive,0.833,True
Bhai kitni baar same cheez samjhau 😑,Negative,Neutral,0.785,False
"Kal milte hain, aaj thoda busy hu yaar 😅",Neutral,Negative,0.9554,False
Nhi aaj attendance hui,Positive,Neutral,0.9717,False
No one can use if you are useless,Negative,Neutral,0.5428,False
If your enemy can predict your next move then don't move😌,Neutral,Negative,0.813,False
You can't guess my strategy cause i don't have one🙂‍↔️,Neutral,Positive,0.9787,True
"bhai, tu toh world's best driver hai, roz gaadi thokta hai",Neutral,Positive,0.969,True
Mai ghr ja rhi hu🥹,Positive,Neutral,0.9729,False
College mai attu zaattu logo ke sath mai nhi ghumti 😏,Negative,Positive,0.5331,True
Khana khaya lekin mess ka ghr ka nhi😁,Negative,Neutral,0.9768,True
Fallen to rise,Positive,Neutral,0.6032,False
Kya mess mai food bhi kathehai tum log?,Positive,Neutral,0.9706,True
Arey bhai thu tho topper hai bhol ke mere exams ke preparation karaab kar diya usne,Negative,Positive,0.9438,True
Ye sab kyu karna hai bhaii😭mereko ghar jana hai😭😭,Neutral,Negative,0.993,False
Mene to hastin ko admin banaya tha bhai nikal deta,Neutral,Negative,0.996,False
"Yaar ye professor ka attendance system dekho, kitna accurate hai 😂",Negative,Neutral,0.7632,True
Hostel mein wifi ki speed dekhi hai? Ferrari se bhi tez 🙃,Negative,Neutral,0.9141,True
Tumhare notes kitne organized hain yaar 😌,Negative,Positive,0.9965,True
Delhi mein pollution level normal hai aaj 🤡,Negative,Neutral,0.6359,True
Room cleaning ka fine bhara hai maine 😭,Negative,Positive,0.8365,False
Warden uncle ki timing sense bilkul perfect hai 😂,Negative,Positive,0.9946,True
Shopkeeper ne kitni reasonable price di thi 🥲,Negative,Positive,0.9787,True
Yaar assignment extension mil gaya professor se,Positive,Neutral,0.9904,False
Group project mein sabne equally contribute kiya hai 😌,Negative,Positive,0.9985,True
Kal early morning class hai 8 baje 😭,Negative,Neutral,0.8316,False
Placement cell ki guidance dekhi hai kitni helpful hai 🙃,Negative,Positive,0.9542,True
Weekend plans cancel ho gaye rain ki wajah se,Neutral,Negative,0.9934,False
College ka AC system kitna efficient hai summer mein 🔥,Negative,Positive,0.9361,True
Yaar movie tickets book kar li aaj wali show ki,Neutral,Negative,0.5435,False
Professor ne exactly on time class start kiya 😏,Negative,Neutral,0.9937,True
Metro mein seat mil gayi rush hour mein,Positive,Neutral,0.9293,False
Canteen ka uncle ne bill mein discount de diya,Positive,Neutral,0.9683,False
Yaar phone ki battery life dekho kitni amazing hai 😌,Negative,Positive,0.9976,True
ATM mein cash available tha month end mein miracle 😂,Negative,Positive,0.6009,True
Hostel ka security guard kitna alert rehta hai raat mein 💀,Negative,Positive,0.7688,True
College ka infrastructure dekho kitna world class hai 🥲,Negative,Positive,0.9862,True
"Yaar aaj lecture bunk karte hai, mann nahi kar rha jaane ka",Neutral,Negative,0.9776,False
"Wah professor, itni jaldi result nikal diya aapne, sirf 2 mahine lagaye 👏",Negative,Positive,0.9984,True
"Mess mein aaj paneer tha, itna acha laga khake 😭😭",Negative,Positive,0.9917,False
"Arre suna maine, tera birthday aane wala h, plan kya h?",Neutral,Negative,0.9491,False
Itni acchi attendance h meri ki professor bhi pehchanta nahi mujhe 😂,Negative,Positive,0.9977,True
Kal exam h aur mujhe abhi tak syllabus nahi pata 😭,Negative,Positive,0.6816,False
"Group project mein sirf mai kaam kr rha hu, baaki sab 'busy' hai apparently",Negative,Neutral,0.7712,True
"Haan bilkul, roommate ne bhi utna hi kaam kiya jitna maine socha tha 😌",Negative,Positive,0.9377,True
"Bhai teri gaadi ka horn itna soft h, pura mohalla sunta h 😂",Negative,Positive,0.894,True
"Kal shopping jaana h, kuch naya lena h function ke liye",Neutral,Negative,0.6627,False
"Wah teacher, extension diya assignment ke liye, bahut generous ho aap 👏",Negative,Positive,0.9985,True
"Aaj mess mein khana time pe mil gaya, chamatkar ho gaya",Positive,Neutral,0.9924,True
"Mtlb kya baat h, first time tune assignment time pe submit kiya 😏",Negative,Neutral,0.4573,True
"Bhai exam ke result aaye, thoda tension h abhi",Neutral,Negative,0.7788,False
Wah kitna acha socha tumne group project last night complete karne ka 👏,Negative,Positive,0.9986,True
Tere jokes sunke lagta h comedy field mein try karna chahiye tujhe 😂,Neutral,Negative,0.9967,True
"Kal se gym join kar rha hu, is baar serious hu",Neutral,Negative,0.8044,False
Bhai teri planning dekh ke lagta h tu future predict kr sakta h 😏,Neutral,Positive,0.4967,True
"Aaj bhi late aaya class mein, sorry yaar traffic tha",Neutral,Negative,0.9553,False
"Itna acha suggestion diya tune, bilkul wahi jo maine pehle try kiya tha 😌",Negative,Positive,0.9985,True
"Wah roommate, kitna quiet reh k gaana suna raat ko 3 baje 🙃",Negative,Positive,0.7361,True
Bhai teri packing dekh k lagta h tu 6 mahine ke liye ja rha h weekend trip pe 😂,Neutral,Negative,0.9854,True
"Group study session mein sab phone chala rahe the, kitna productive raha 🙃",Negative,Positive,0.9798,True
Ladaai toh humare saath hi hogi pyaar toh kisi aur ke saath chal raha hai🥰🥰🥰,Negative,Positive,0.9978,True
Everything is being recorded👀👀,Neutral,Positive,0.9947,False
Bhaiii Sahab!!!!,Neutral,Positive,0.9911,False
acha exam ke baad thodi der baad baat karte hain 😂,Neutral,Positive,0.9901,False
yaar shopping mein train kitne baje hai 😅,Neutral,Negative,0.9132,False
yaar ye idea mujhe bilkul pasand nahi aaya aaj festival ka 😅,Negative,Positive,0.9504,False
"order ka wow, ye bhi ek approach hai bhai",Neutral,Positive,0.9977,True
arre festival ke din thodi der baad baat karte hain bas,Neutral,Positive,0.5233,False
"dekho canteen ka food oh really, interesting plan hai na",Neutral,Positive,0.9964,True
dekho notes group mein daal dena bas,Neutral,Negative,0.5058,False
"dekho wow, ye bhi ek approach hai",Neutral,Positive,0.9984,True
acha mujhe file bhej dena yaar,Neutral,Positive,0.9919,False
dekho train kitne baje hai bas,Neutral,Negative,0.5499,False
arre ye idea mujhe bilkul pasand nahi aaya bhai,Negative,Positive,0.6873,False
dekho aaj festival ka data collect karna baaki hai 😅,Neutral,Negative,0.9429,False
dekho data collect karna baaki hai 😂,Neutral,Negative,0.995,False
arre kal college jana hai kya 👍,Neutral,Negative,0.9757,False
yaar project ke regarding lecture 10 baje start hoga 👍,Neutral,Positive,0.9535,False
arre hostel ke room mein payment abhi pending hai na,Neutral,Negative,0.9049,False
acha interview expected se bhi kharab gaya family ke saath bas,Negative,Positive,0.9707,False
data collect karna baaki hai 😅,Neutral,Negative,0.9953,False
"acha code ke andar haan sure, jo karna hai kar lo bro",Neutral,Negative,0.6892,True
arre thodi der baad baat karte hain,Neutral,Positive,0.995,False
dekho report abhi ready nahi hai 😂,Neutral,Negative,0.9685,False
acha thodi der baad baat karte hain 😭,Neutral,Positive,0.9777,False
bhai payment abhi pending hai 👍,Neutral,Negative,0.9307,False
"bhai wah kya planning thi, plan start hone se pehle cancel 😂",Positive,Negative,0.9428,True
acha train kitne baje hai 👍,Neutral,Positive,0.9982,False
"dekho brilliant idea, ab sabko extra kaam karna padega bhai",Negative,Positive,0.9967,True
acha interview expected se bhi kharab gaya,Negative,Positive,0.9756,False
dekho food order karna hai kya 😭,Neutral,Negative,0.9776,False
sun assignment time pe submit ho gaya bro,Positive,Neutral,0.997,False
yaar payment abhi pending hai 😂,Neutral,Negative,0.9946,False
acha internship ka thodi der baad baat karte hain bhai,Neutral,Positive,0.9979,False
acha data collect karna baaki hai bhai,Neutral,Positive,0.9948,False
acha birthday pe report abhi ready nahi hai yaar,Neutral,Negative,0.9748,False
acha meeting reschedule ho gayi hai na,Neutral,Negative,0.8498,False
sun aaj bahut traffic tha,Negative,Neutral,0.7559,False
"bro wah kya zabardast kaam kiya, ab problem aur badh gayi 😭",Negative,Positive,0.9793,True
acha report abhi ready nahi hai na,Neutral,Negative,0.9796,False
bro presentation bilkul achi nahi gayi party mein,Negative,Positive,0.9978,False
acha kal college jana hai kya 😅,Neutral,Negative,0.9864,False
"bro great bhai, exactly isi wajah se sab kharab hua hostel se bhai",Negative,Positive,0.9425,True
"bhai oh really, interesting plan hai na",Neutral,Positive,0.9986,True
bro data collect karna baaki hai 😅,Neutral,Negative,0.9633,False
acha internship ke liye main thodi der mein call karta hun yaar,Neutral,Positive,0.9967,False
"bhai wah kya zabardast kaam kiya, ab problem aur badh gayi library ke andar",Negative,Positive,0.9775,True
bhai presentation bilkul achi nahi gayi,Negative,Positive,0.9938,False
food order karna hai kya 👍,Neutral,Positive,0.4366,False
yaar interview expected se bhi kharab gaya na,Negative,Neutral,0.6142,False
"wah kya planning thi, plan start hone se pehle cancel aaj ke exam ka 😅",Positive,Negative,0.9761,True
"bro library mein oh really, interesting plan hai 😅",Neutral,Positive,0.9981,True
"great bhai, exactly isi wajah se sab kharab hua 😂",Negative,Positive,0.9634,True
yaar payment abhi pending hai yaar,Neutral,Negative,0.9623,False
sun presentation bilkul achi nahi gayi exam ke baad 👍,Negative,Positive,0.9852,False
"sun great bhai, exactly isi wajah se sab kharab hua 😂",Negative,Positive,0.9739,True
acha assignment submit karke kal meeting kitne baje hai na,Neutral,Positive,0.9003,False
kal milte hain,Neutral,Positive,0.5425,False
theek hai,Neutral,Negative,0.8637,False
kya time pe aaye ho aaj,Positive,Negative,0.5283,True
haan sure jo karna hai karo,Neutral,Positive,0.9688,True
yeah right,Neutral,Positive,0.8924,True
koi baat nahi,Neutral,Negative,0.87,False
achha thik hai,Neutral,Positive,0.7955,False
bas theek hai,Neutral,Negative,0.8667,False
sab kuch ready hai,Positive,Neutral,0.5045,False
ok done,Neutral,Positive,0.8696,False
yaar tension mat lo,Positive,Neutral,0.7344,False
kya scene hai,Neutral,Positive,0.8524,False
whatever,Neutral,Positive,0.3774,True
are yaar kya kar rahe ho,Negative,Neutral,0.9612,False
kuch nahi yaar,Neutral,Negative,0.9892,False
see you soon,Neutral,Positive,0.9964,False
bahut ganda laga,Negative,Positive,0.9987,False
ok bye,Neutral,Positive,0.7707,False
acha thodi der baad baat karte hain 👍,Neutral,Positive,0.9985,False
"acha haan sure, jo karna hai kar lo bas",Neutral,Positive,0.9785,True
arre thodi der baad baat karte hain na,Neutral,Negative,0.9576,False
arre exam ke baad mujhe file bhej dena bhai,Neutral,Positive,0.9929,False
bhai work mein mujhe file bhej dena 😭,Neutral,Negative,0.9765,False
"aaj college ka haan bilkul, tum jo decide karo bhai",Neutral,Positive,0.5989,True
bhai data collect karna baaki hai 👍,Neutral,Positive,0.6576,False
bhai aaj wali movie payment abhi pending hai 😅,Neutral,Negative,0.9915,False
dekho hostel ke room mein payment abhi pending hai 😅,Neutral,Negative,0.9694,False
"dekho oh really, interesting plan hai yaar",Neutral,Positive,0.9987,True
sun lecture 10 baje start hoga yaar,Neutral,Positive,0.9239,False
acha aaj library mein milte hain 😂,Neutral,Positive,0.59,False
"dekho order ka haan sure, jo karna hai kar lo 😭",Neutral,Negative,0.9907,True
acha aaj ke match mein aaj ghar pe hi hun 😭,Neutral,Negative,0.7195,False
"yaar wah kya zabardast kaam kiya, ab problem aur badh gayi bas",Negative,Positive,0.9058,True
"Tu five minute bolke aadhe ghante baad aaya, impressive consistency hai teri 😂",Negative,Positive,0.9894,True
Sir ne bola easy question hai aur paper dekhte hi meri rooh nikal gayi 😭,Negative,Positive,0.9394,True
Kal presentation ke liye maine slides revise kar li hain,Positive,Neutral,0.9114,False
"Tu tension mat le, main notes lekar aa jaungi",Positive,Negative,0.5402,False
"Mai kal subah jaldi uthke padhungi, aaj kaafi thak gayi hu",Neutral,Negative,0.6979,False
"Main canteen ja rahi hu, kisi ko kuch mangwana hai toh batao",Neutral,Negative,0.9332,False
"Kal ka test postpone ho gaya, finally thodi jaan mein jaan aayi 🥹",Positive,Negative,0.9552,False
Sir ne aaj attendance ke naam pe pura lecture suna diya,Negative,Neutral,0.9926,False
"Haan haan, tumhara internet hamesha tabhi jaata hai jab kaam karna hota hai 😂",Negative,Positive,0.9129,True
Group discussion mein sabne itne ideas diye ki end mein mera hi idea final hua 😂,Positive,Negative,0.7724,False
"Waah, kya timing hai, mere aate hi tum log nikal rahe ho 🙃",Negative,Positive,0.7188,True
Hostel ka WiFi aaj surprisingly chal raha hai 😭,Positive,Negative,0.9157,False
Kal agar koi market ja raha ho toh mujhe bhi bata dena,Neutral,Negative,0.9083,False
Mai thodi der mein room pe aa jaungi,Neutral,Positive,0.7459,False
Kal ke event ke liye registration kar diya maine,Positive,Neutral,0.993,False
"Bahut useful advice thi, ab main exactly wahi nahi karungi 😂",Negative,Positive,0.998,True
Tu free ho toh mujhe woh document forward kar dena,Neutral,Negative,0.8228,False
"Presentation ke time laptop update hona hi baaki tha, perfect moment 💀",Negative,Positive,0.9769,True
Tu ghar pahunch jaaye toh ek message kar dena,Neutral,Negative,0.9578,False
"Great, ab assignment ke saath handwritten file bhi chahiye. Kya hi life hai 😭",Negative,Positive,0.9938,True
"Mai abhi room share nahi kar sakti, thoda kaam pending hai",Neutral,Negative,0.9821,False
"Exam ka syllabus dekh liya, manageable lag raha hai",Positive,Neutral,0.6411,False
Main tumhare liye bhi print nikalwa dungi,Positive,Negative,0.8082,False
"Kal morning mein jaldi nikalna hai, alarm laga lena",Neutral,Negative,0.635,False
"Haan, tumhara ""mai bhoolunga nahi"" yaad hai mujhe 😌",Negative,Positive,0.9962,True
Mai thodi der ke liye bahar ja rahi hu,Neutral,Negative,0.9763,False
Kal ke liye clothes ready kar liye,Positive,Neutral,0.5701,False
"Tu tension mat le, agar kuch hua toh main handle kar lungi",Positive,Negative,0.991,False
Class cancel hone ki news sunke attendance se zyada meri happiness badh gayi 🥹,Positive,Negative,0.9745,False
"Project ka backend complete ho gaya, ab frontend bach raha hai",Positive,Neutral,0.9957,False
"Accha hua tune pehle bata diya, main already nikalne wali thi",Positive,Neutral,0.852,False
Group ka sabse active member wahi hai jo deadline ke baad online aata hai 😂,Negative,Positive,0.9881,True
"Waah, tumne phir se same mistake ki. At least consistency toh maintain hai 😂",Negative,Positive,0.9076,True
"Food order kar diya, tumhara bhi kar du?",Positive,Neutral,0.9955,False
"Deadline extend hui hai, ab shayad peacefully complete kar paungi",Positive,Negative,0.9095,False
Tu jo bhi final kare mujhe bata dena,Neutral,Negative,0.9926,False
"Mai abhi free hu, call kar sakte ho",Positive,Neutral,0.9288,False
"Notes complete kar liye maine, chahiye toh bhej deti hu",Positive,Negative,0.9766,False
"Tu bas ek baar confirm kar de, phir main booking kar dungi",Neutral,Negative,0.9942,False
"Accha hai assignment submit ho gaya, ab thoda chain milega",Positive,Negative,0.9843,False
"Bilkul perfect, ab sirf internet, laptop aur printer teenon ka ek saath kharab hona baaki hai 💀",Negative,Positive,0.5223,True
"submission ka kaam start kar diya hai, update baad mein dunga 📌 😅",Neutral,Negative,0.885,False
"Details mil gayi hain, bas confirmation baaki hai yaar 🙂",Neutral,Positive,0.6357,False
Aaj submission mein ek extra step add hua hai 😅 — sach mein.,Neutral,Positive,0.9773,False
"Nice, information mil gayi... bas useful wali abhi missing hai 🤔",Neutral,Positive,0.839,True
"Thoda late start hua, but kaam expected se jaldi finish ho gaya 😌 😅",Positive,Negative,0.9698,False
"Haan haan, 'filhaal bas five minutes' obviously apne hi timezone mein hain 🫠",Neutral,Negative,0.6836,True
"Excellent planning, location ka exact address event start hone pe mila 🙂",Neutral,Positive,0.9661,True
"Great, notes phir se wahi issue de raha hai, consistency toh hai 😵‍💫 😅",Negative,Positive,0.9788,True
Aaj submission mein ek extra step add hua hai 🙂 — sach mein.,Neutral,Positive,0.9983,False
"Perfect, meeting ka time sabko alag-alag pata tha 🫠 — sach mein.",Neutral,Positive,0.9966,True
"Nice, information mil gayi... bas useful wali abhi missing hai 🫠 — sach mein.",Neutral,Positive,0.9975,True
"Haan, obviously 'kal' ka matlab kabhi bhi ho sakta hai yaar 👀 — sach mein.",Neutral,Positive,0.9928,True
"Kya detailed instructions hain, confusion bhi ab organized lag raha hai 😅",Neutral,Negative,0.9896,True
Maine submission ka updated version group mein bhej diya hai 📌 — sach mein.,Neutral,Positive,0.9955,False
"Waah, schedule change ka update schedule change hone ke baad mila 🫠 — sach mein.",Neutral,Positive,0.6592,True
"Jo kaam simple laga tha, wahi sabse zyada time kha gaya 🥲 — literally.",Negative,Positive,0.7994,False
junior ka 'abhi aata hoon' sunke ab wait karna hobby lag raha hai 😌,Positive,Negative,0.7325,True
"submission ka kaam start kar diya hai, update baad mein dunga 🙂 😅",Neutral,Negative,0.8402,False
Aaj friend ne notes time pe bhej diya 😊 😅,Positive,Neutral,0.829,False
"friend ne notes ka update last minute pe diya, pura plan hil gaya 🥲 — sach mein.",Negative,Positive,0.9743,False
"Amazing, ab ek chhoti mistake fix karne ke liye poora kaam repeat karo 😤 — sach mein.",Negative,Positive,0.5517,True
"Great, notes phir se wahi issue de raha hai, consistency toh hai 😵‍💫 — sach mein.",Negative,Positive,0.9969,True
"Amazing coordination, group mein message dekh ke bhi kisi ko kuch pata nahi 😅 — sach mein.",Neutral,Positive,0.9981,True
"Haan, obviously 'kal' ka matlab kabhi bhi ho sakta hai yaar 👀",Neutral,Positive,0.5741,True
"teammate ne do options bheje hain, final wala abhi decide nahi hua 👀 — literally.",Neutral,Negative,0.7944,False
"Chhoti progress hai, but submission ab manageable lag raha hai 😌 😅",Positive,Negative,0.9935,False
"Amazing coordination, group mein message dekh ke bhi kisi ko kuch pata nahi 🙂",Neutral,Positive,0.9979,True
"Kya clarity hai, abhi tak decide hi nahi hua ki decide kya karna hai 🙂",Neutral,Positive,0.9481,True
"Jo kaam simple laga tha, wahi sabse zyada time kha gaya 😵‍💫 — sach mein.",Negative,Positive,0.9985,False
"Nice, teen baar samjhane ke baad bhi same confusion wapas aa gaya 🥲 — sach mein.",Negative,Positive,0.9985,True
Schedule mein submission ko evening slot mein shift kiya gaya hai 😅 😅,Neutral,Negative,0.8012,False
"friend ne notes ka update last minute pe diya, pura plan hil gaya 🥲",Negative,Neutral,0.8911,False
"submission ka kaam start kar diya hai, update baad mein dunga 📌 — sach mein.",Neutral,Positive,0.985,False
"Waah, ek message ka reply dena apparently premium feature hai 🥲",Negative,Positive,0.9898,True
"Amazing coordination, group mein message dekh ke bhi kisi ko kuch pata nahi 🙂 😅",Neutral,Positive,0.9978,True
"friend ne bola notes kal discuss karenge, so abhi pending hai 👀",Neutral,Negative,0.9343,False
"Kya zabardast planning thi, backup plan bhi fail ho gaya 😵‍💫",Negative,Positive,0.675,True
"friend ne bola notes kal discuss karenge, so abhi pending hai 🫠",Neutral,Negative,0.9121,False
Aaj friend ne notes time pe bhej diya 😊,Positive,Neutral,0.5095,False
"Kya zabardast planning thi, backup plan bhi fail ho gaya 😵‍💫 — sach mein.",Negative,Positive,0.9952,True
"Kya detailed instructions hain, confusion bhi ab organized lag raha hai 📌 😅",Neutral,Negative,0.9242,True
"Perfect, sab ready hai... bas actual kaam chhod ke 😅 — sach mein.",Neutral,Positive,0.9967,True
Aaj friend ne notes time pe bhej diya 🙌 😅,Positive,Neutral,0.794,False
"Kya detailed instructions hain, confusion bhi ab organized lag raha hai 😅 — sach mein.",Neutral,Positive,0.9732,True
Bilkul expected tha ki simple kaam complicated banega 😵‍💫 — sach mein.,Negative,Positive,0.9982,True
"Haan, obviously 'kal' ka matlab kabhi bhi ho sakta hai yaar 🫠 — sach mein.",Neutral,Positive,0.8258,True
Schedule mein submission ko evening slot mein shift kiya gaya hai 😅,Neutral,Negative,0.5813,False
Ek chhoti error ki wajah se notes dobara karna pada 🥲 — sach mein.,Negative,Positive,0.9501,False
Notifications ne beech mein aake pura concentration tod diya 🙄 — sach mein.,Negative,Positive,0.6215,False
"Chhoti progress hai, but submission ab manageable lag raha hai 🌻 😅",Positive,Negative,0.583,False
"submission ka kaam start kar diya hai, update baad mein dunga 🙂 — sach mein.",Neutral,Positive,0.9849,False
"Waah, ek message ka reply dena apparently premium feature hai 🥲 — sach mein.",Negative,Positive,0.9965,True
"submission ka kaam start kar diya hai, update baad mein dunga 😅 — sach mein.",Neutral,Positive,0.8107,False
"Nice, information mil gayi... bas useful wali abhi missing hai 👀 — sach mein.",Neutral,Positive,0.998,True
"Thoda late start hua, but kaam expected se jaldi finish ho gaya 🌻 😅",Positive,Negative,0.5764,False
"Perfect, meeting ka time sabko alag-alag pata tha 🫠",Neutral,Positive,0.997,True
"Perfect, jab zarurat thi tab network ne bhi chhutti le li 🙄 — sach mein.",Negative,Positive,0.9106,True
"Details mil gayi hain, bas confirmation baaki hai yaar 📌 😅",Neutral,Positive,0.8623,False
"friend ne notes ka update last minute pe diya, pura plan hil gaya 🥲 😅",Negative,Neutral,0.5294,False
"Kya detailed instructions hain, confusion bhi ab organized lag raha hai 🙂 — sach mein.",Neutral,Positive,0.9977,True
"Excellent planning, location ka exact address event start hone pe mila 🙂 — sach mein.",Neutral,Positive,0.995,True
"Perfect, meeting ka time sabko alag-alag pata tha 🤔 — sach mein.",Neutral,Positive,0.9894,True
"Details mil gayi hain, bas confirmation baaki hai yaar 📌 — literally.",Neutral,Positive,0.9895,False
"friend ne bola notes kal discuss karenge, so abhi pending hai 👀 — sach mein.",Neutral,Positive,0.3612,False
"Details mil gayi hain, bas confirmation baaki hai yaar 😅 😅",Neutral,Negative,0.8188,False
"Details mil gayi hain, bas confirmation baaki hai yaar 😅",Neutral,Negative,0.6043,False
Schedule mein submission ko evening slot mein shift kiya gaya hai 🙂 — literally.,Neutral,Negative,0.6647,False
Ek chhoti error ki wajah se notes dobara karna pada 😵‍💫,Negative,Positive,0.6764,False
"Nice, information mil gayi... bas useful wali abhi missing hai 🤔 — sach mein.",Neutral,Positive,0.992,True
Schedule mein submission ko evening slot mein shift kiya gaya hai 🙂 — sach mein.,Neutral,Positive,0.9306,False
"Nice, teen baar samjhane ke baad bhi same confusion wapas aa gaya 🥲 😅",Negative,Positive,0.8699,True
"Excellent planning, location ka exact address event start hone pe mila 📌 — sach mein.",Neutral,Positive,0.9935,True
Maine submission ka updated version group mein bhej diya hai 🙂 — sach mein.,Neutral,Positive,0.9971,False
"friend ne bola notes kal discuss karenge, so abhi pending hai 🫠 😅",Neutral,Negative,0.9212,False
"Nice, teen baar samjhane ke baad bhi same confusion wapas aa gaya 😵‍💫 — sach mein.",Negative,Positive,0.9984,True
"Chhoti progress hai, but submission ab manageable lag raha hai 😌",Positive,Negative,0.9842,False
"Perfect, sab ready hai... bas actual kaam chhod ke 📌 — sach mein.",Neutral,Positive,0.9972,True
"Haan haan, 'filhaal bas five minutes' obviously apne hi timezone mein hain 👀 — sach mein.",Neutral,Positive,0.9929,True
"Amazing, ab ek chhoti mistake fix karne ke liye poora kaam repeat karo 🤦 — sach mein.",Negative,Positive,0.527,True
"Nice, teen baar samjhane ke baad bhi same confusion wapas aa gaya 😵‍💫",Negative,Positive,0.9901,True
Aaj submission mein ek extra step add hua hai 🙂,Neutral,Positive,0.9731,False
"Main abhi options dekh raha hoon, decision baad mein lenge 🫠",Neutral,Negative,0.8094,False
"Last moment pe plan change hua, but better hi nikla 😊",Positive,Neutral,0.7414,False
"Haan haan, 'filhaal bas five minutes' obviously apne hi timezone mein hain 👀",Neutral,Negative,0.3705,True
"Haan bilkul, classmate ko last minute pe yaad aana hi tha 😤 — sach mein.",Negative,Positive,0.9698,True
"Kya clarity hai, abhi tak decide hi nahi hua ki decide kya karna hai 📌",Neutral,Positive,0.7879,True
"friend ne notes ka update last minute pe diya, pura plan hil gaya 😵‍💫 — sach mein.",Negative,Positive,0.995,False
"friend ne bola notes kal discuss karenge, so abhi pending hai 👀 😅",Neutral,Negative,0.9123,False
"teammate ne do options bheje hain, final wala abhi decide nahi hua 👀 — sach mein.",Neutral,Positive,0.7528,False
"Perfect, meeting ka time sabko alag-alag pata tha 🫠 😅",Neutral,Positive,0.9965,True
"Main abhi options dekh raha hoon, decision baad mein lenge 🫠 — sach mein.",Neutral,Positive,0.9686,False
"Details mil gayi hain, bas confirmation baaki hai yaar 🙂 😅",Neutral,Positive,0.4755,False
Bilkul expected tha ki simple kaam complicated banega 😵‍💫,Negative,Positive,0.9967,True
"Amazing, ab ek chhoti mistake fix karne ke liye poora kaam repeat karo 🙄 — sach mein.",Negative,Positive,0.8777,True
"Main abhi options dekh raha hoon, decision baad mein lenge 👀",Neutral,Negative,0.5702,False
"Jo kaam simple laga tha, wahi sabse zyada time kha gaya 🥲 — sach mein.",Negative,Positive,0.9975,False
"Haan bilkul, classmate ko last minute pe yaad aana hi tha 🙄 — sach mein.",Negative,Positive,0.9689,True
"Excellent planning, location ka exact address event start hone pe mila 📌",Neutral,Positive,0.9425,True
"Details mil gayi hain, bas confirmation baaki hai yaar 😅 — sach mein.",Neutral,Positive,0.9893,False
"Haan haan, 'filhaal bas five minutes' obviously apne hi timezone mein hain 🫠 — sach mein.",Neutral,Positive,0.988,True
"Kya efficiency hai, ek approval ke liye teen reminders dene pade 🙌 😅",Positive,Negative,0.9635,True
"Nice, teen baar samjhane ke baad bhi same confusion wapas aa gaya 🥲",Negative,Positive,0.9899,True
Ek chhoti error ki wajah se notes dobara karna pada 😵‍💫 — sach mein.,Negative,Positive,0.9969,False
"Amazing coordination, group mein message dekh ke bhi kisi ko kuch pata nahi 📌",Neutral,Positive,0.9972,True
"Nice, information mil gayi... bas useful wali abhi missing hai 🫠",Neutral,Positive,0.9896,True
"Waah, schedule change ka update schedule change hone ke baad mila 👀 — sach mein.",Neutral,Positive,0.9575,True
"Chhoti progress hai, but submission ab manageable lag raha hai 😌 — literally.",Positive,Negative,0.9616,False
"Perfect, sab ready hai... bas actual kaam chhod ke 🙂 — sach mein.",Neutral,Positive,0.9986,True
Maine submission ka updated version group mein bhej diya hai 😅 — sach mein.,Neutral,Positive,0.9535,False
"Waah, ek message ka reply dena apparently premium feature hai 😑 — sach mein.",Negative,Positive,0.799,True
"Kya detailed instructions hain, confusion bhi ab organized lag raha hai 📌 — sach mein.",Neutral,Positive,0.9975,True
"Jo kaam simple laga tha, wahi sabse zyada time kha gaya 🥲",Negative,Positive,0.7571,False
"Perfect, sab ready hai... bas actual kaam chhod ke 🙂",Neutral,Positive,0.9968,True
hostel mein aaj usual se thode kam log the 👀 — sach mein.,Neutral,Positive,0.9982,False
"Kya clarity hai, abhi tak decide hi nahi hua ki decide kya karna hai 😅 — sach mein.",Neutral,Positive,0.9931,True
"Amazing coordination, group mein message dekh ke bhi kisi ko kuch pata nahi 🙂 — sach mein.",Neutral,Positive,0.9984,True
"Amazing coordination, group mein message dekh ke bhi kisi ko kuch pata nahi 📌 — sach mein.",Neutral,Positive,0.9982,True
Schedule mein submission ko evening slot mein shift kiya gaya hai 😅 — sach mein.,Neutral,Negative,0.5354,False
"Haan bilkul, classmate ko last minute pe yaad aana hi tha 🤦 — sach mein.",Negative,Positive,0.9745,True
"Details mil gayi hain, bas confirmation baaki hai yaar 🙂 — sach mein.",Neutral,Positive,0.9968,False
"Last moment pe plan change hua, but better hi nikla 😊 😅",Positive,Neutral,0.7025,False
"Jo kaam simple laga tha, wahi sabse zyada time kha gaya 😑 — sach mein.",Negative,Positive,0.9849,False
"Kya detailed instructions hain, confusion bhi ab organized lag raha hai 🙂",Neutral,Positive,0.9912,True
"Great, notes phir se wahi issue de raha hai, consistency toh hai 😵‍💫",Negative,Positive,0.9789,True
"Excellent planning, location ka exact address event start hone pe mila 😅",Neutral,Positive,0.8764,True
"friend ne notes ka update last minute pe diya, pura plan hil gaya 🥲 — literally.",Negative,Neutral,0.6473,False
"Nice, information mil gayi... bas useful wali abhi missing hai 👀",Neutral,Positive,0.9965,True
"Amazing coordination, group mein message dekh ke bhi kisi ko kuch pata nahi 😅",Neutral,Positive,0.9968,True
"Kya detailed instructions hain, confusion bhi ab organized lag raha hai 📌",Neutral,Positive,0.9338,True
"Great, notes phir se wahi issue de raha hai, consistency toh hai 🥲",Negative,Positive,0.9027,True
hostel mein aaj usual se thode kam log the 🫠 — literally.,Neutral,Positive,0.4517,False
"Details mil gayi hain, bas confirmation baaki hai yaar 📌",Neutral,Positive,0.7934,False
Maine submission ka updated version group mein bhej diya hai 📌 — literally.,Neutral,Positive,0.9116,False
"Main abhi options dekh raha hoon, decision baad mein lenge 👀 😅",Neutral,Negative,0.89,False
Bilkul expected tha ki simple kaam complicated banega 🥲 — sach mein.,Negative,Positive,0.991,True
"Perfect, sab ready hai... bas actual kaam chhod ke 😅",Neutral,Positive,0.9754,True
"Main abhi options dekh raha hoon, decision baad mein lenge 🫠 😅",Neutral,Negative,0.9739,False
"submission ka kaam start kar diya hai, update baad mein dunga 😅 😅",Neutral,Negative,0.9487,False
"Jo kaam simple laga tha, wahi sabse zyada time kha gaya 😵‍💫",Negative,Positive,0.9927,False
"Great, notes phir se wahi issue de raha hai, consistency toh hai 😑 — sach mein.",Negative,Positive,0.7295,True
"Kya clarity hai, abhi tak decide hi nahi hua ki decide kya karna hai 📌 — sach mein.",Neutral,Positive,0.9972,True
"Excellent planning, location ka exact address event start hone pe mila 😅 — sach mein.",Neutral,Positive,0.9916,True
"Perfect, sab ready hai... bas actual kaam chhod ke 📌",Neutral,Positive,0.9933,True
"Kya clarity hai, abhi tak decide hi nahi hua ki decide kya karna hai 🙂 — sach mein.",Neutral,Positive,0.9968,True
"Waah, ek message ka reply dena apparently premium feature hai 😵‍💫 — sach mein.",Negative,Positive,0.9985,True
"Great, notes phir se wahi issue de raha hai, consistency toh hai 🥲 — sach mein.",Negative,Positive,0.9952,True
"Thoda late start hua, but kaam expected se jaldi finish ho gaya 😌",Positive,Negative,0.7707,False
hostel mein aaj usual se thode kam log the 🫠 — sach mein.,Neutral,Positive,0.9975,False
"Waah, ek message ka reply dena apparently premium feature hai 😵‍💫",Negative,Positive,0.998,True
Aaj submission mein ek extra step add hua hai 📌 — sach mein.,Neutral,Positive,0.9972,False
"submission ka kaam start kar diya hai, update baad mein dunga 😅",Neutral,Negative,0.939,False
"Main abhi options dekh raha hoon, decision baad mein lenge 👀 — sach mein.",Neutral,Positive,0.9968,False
"Perfect, meeting ka time sabko alag-alag pata tha 👀 — sach mein.",Neutral,Positive,0.9978,True
"submission ka kaam start kar diya hai, update baad mein dunga 🙂 — literally.",Neutral,Negative,0.9435,False
"Perfect, meeting ka time sabko alag-alag pata tha 👀",Neutral,Positive,0.9971,True
"Main abhi options dekh raha hoon, decision baad mein lenge 🫠 — literally.",Neutral,Negative,0.9837,False
"friend ne notes ka update last minute pe diya, pura plan hil gaya 😵‍💫",Negative,Positive,0.5682,False
Schedule mein submission ko evening slot mein shift kiya gaya hai 📌 — sach mein.,Neutral,Positive,0.8704,False
"Kya zabardast planning thi, backup plan bhi fail ho gaya 🥲 — sach mein.",Negative,Positive,0.9803,True
"Details mil gayi hain, bas confirmation baaki hai yaar 📌 — sach mein.",Neutral,Positive,0.9954,False
"Aaj focus ban hi nahi paaya, har thodi der mein kuch na kuch aa gaya 🥲 — sach mein.",Negative,Positive,0.6215,False
"Nice, teen baar samjhane ke baad bhi same confusion wapas aa gaya 😑 — sach mein.",Negative,Positive,0.9943,True
Bhai Teri cycle chaiye hofi aaj...,Neutral,Positive,0.9898,False
Sorry bhai mai toh ghar aaya hu...😂,Neutral,Negative,0.9769,False
chije aur bhi bigadne se pahle hi mujhe address karna jyada sahi laga,Neutral,Positive,0.8701,False
ai h div united for cleanliness. i hope ab loko bench ke niche papers rakhkar na bhag jaye 🙃,Neutral,Positive,0.9909,True
woh toh extra classes ke bina bhi karna hi hota extra holidays thodi le rahe hai official holidays hai ye,Neutral,Negative,0.9874,False
"it's fine, i don't blame you completely, just try to inform early.",Neutral,Negative,0.5751,False
pehle 11:30 bolake 4 karvaya me yaha bethake likh raha hu fir cancel kyu?,Negative,Neutral,0.9763,False
ek esa dm ki exam ke liye bhi daal de🙃,Neutral,Negative,0.8823,True
yess bro scanner bhejo,Positive,Neutral,0.5091,False
abhi bhi basic math,Negative,Neutral,0.9652,False
basic math m toh kya hi likhe,Negative,Neutral,0.9467,True
arehh 🥹😅,Neutral,Positive,0.9938,False
inn se ho jyega,Positive,Negative,0.6167,False
hahaha but they said not to keep expectations,Neutral,Positive,0.8093,False
today they made us do full round,Negative,Positive,0.9982,False
i will also eat when i come but you are unable to see your marks afterwards,Negative,Neutral,0.988,True
what enjoy!! there also they will keep mrng routines,Negative,Positive,0.9985,True
it is kuch socha kya activities ka?,Neutral,Negative,0.7928,False
we have to give ideas for orientation day,Neutral,Positive,0.9091,False
it's our wish in which team we have to join,Neutral,Positive,0.9911,False
everyone have to send their ideas naa,Neutral,Positive,0.9862,False
yaar my data is already going to be completed,Negative,Neutral,0.9846,False
lot of things but i can't say by chatting,Neutral,Positive,0.9151,False
yes if you are ok,Positive,Neutral,0.9456,False
will you come beside me for next class,Neutral,Positive,0.8904,False
i have kept it on your table,Neutral,Positive,0.997,False
i am just saying that if you do i will do,Neutral,Positive,0.9925,False
but you came back to hostel na,Neutral,Positive,0.9976,False
aree from now if you do just say me,Neutral,Positive,0.8333,False
you need to come to the party,Positive,Neutral,0.8794,False
you not going pakkkaa na?,Neutral,Negative,0.953,False
without our permission you can't take pics,Negative,Positive,0.3914,False
sir is saying for you only.,Neutral,Positive,0.913,False
are that was mistake😅,Neutral,Negative,0.7871,False
you called me naa that time,Neutral,Positive,0.9827,False
i did not join wait,Neutral,Negative,0.9079,False
why did you wrote my name,Negative,Positive,0.5179,False
and at night i will see movie,Positive,Neutral,0.7721,False
ok watch and dont sleep at night,Negative,Neutral,0.8953,True
i have said you something yesterday,Neutral,Positive,0.991,False
someone will sit behind you,Neutral,Positive,0.8843,False
ok but iam not going for reel😅,Neutral,Negative,0.9748,False
mene story lagayi hai sab mention mangte mat baithna share wale option se tum direct add to story kar sakte ho mere account se 🙏,Neutral,Negative,0.8781,False
maro bhai tare to tshirt levi pade ne ......,Neutral,Negative,0.9668,False
personally bhejdo na phir,Neutral,Positive,0.9371,False
pata tha koi toh beech mai bolega hi,Negative,Positive,0.6292,False
nah nah tu mat bol kuch byeeee,Neutral,Negative,0.8393,False
mera kiske paas hai🫠,Neutral,Positive,0.6481,False
esa senate banoge sab,Neutral,Negative,0.6898,False
kya ho gaya jhatke kese aa rhe h tujhe 🙂🙂,Neutral,Positive,0.9311,True
juniors kal se publicity karni haina?,Neutral,Negative,0.9376,False
yes sir,Positive,Neutral,0.8912,False
publicity krni thi bhule toh nhi…kitne department nipta diye?,Neutral,Negative,0.9713,False
ongoing hai ....,Neutral,Negative,0.752,False
bas?,Negative,Neutral,0.6818,True
are you coming?,Neutral,Positive,0.6147,False
"no, i just love standing on the road waiting for buses in the rain.",Negative,Positive,0.7574,True
working hard?,Neutral,Positive,0.7153,False
are you coming?,Neutral,Positive,0.6147,False
working hard?,Neutral,Positive,0.7153,False
"yes, finishing up the last report for today.",Neutral,Positive,0.5108,False
wah! tumhare aane ka intezaar karke toh mujhe nobel prize milna chahiye.,Negative,Positive,0.9951,True
bas 2 ghante aur lagenge.,Negative,Neutral,0.9914,True
"bahut funny. aise hi aate rehna, main raste me hi so jata hoon.",Negative,Positive,0.9988,True
kahan ho? main pahunch gaya hoon.,Neutral,Negative,0.6036,False
"maine toh socha tumhara birthday gift hai, isliye thoda aur rukk jata hoon.",Negative,Positive,0.9807,True
aapke is ehsaan ko main zindagi bhar yaad rakhunga.,Negative,Positive,0.9985,True
jaldi bhej na bhai.,Negative,Positive,0.9893,False
"sahi hai, check karke jaldi send kar dena taaki aage bhej sakein.",Positive,Negative,0.9639,False
hum party kar rahe hain.,Positive,Neutral,0.569,True
aaj raat bahar chalein kya khane?,Positive,Neutral,0.9976,False
dil garden garden… but wallet burden burden.,Negative,Neutral,0.6865,True
chai on!,Positive,Negative,0.7651,False
"homework pending, netflix trending.",Neutral,Negative,0.9052,True
brain loading… please wait.,Neutral,Negative,0.9913,True
"dost kam, meme suppliers zyada.",Positive,Neutral,0.8717,True
work hard… phir nap harder.,Neutral,Negative,0.7542,True
"gym membership active, attendance inactive.",Negative,Neutral,0.7406,True
"smile free hai, use kar lo.",Positive,Negative,0.5418,False
"relationship complicated, food committed.",Positive,Neutral,0.8931,True
"crush online hai, reply offline.",Negative,Neutral,0.9423,True
"dil toh bachcha hai, emi adult hai.",Negative,Positive,0.99,True
mobile 1% pe ho toh insaan spiritual ho jata hai.,Neutral,Negative,0.6996,True
life ka sabse bada plot twist: “kal se padhunga.”,Neutral,Positive,0.9895,True
"password yaad nahi, lekin 10 saal purani insult yaad hai.",Neutral,Negative,0.9874,True
google sab jaanta hai… mummy usse bhi zyada.,Positive,Neutral,0.8458,True
single hoon… lekin standards international hain.,Positive,Neutral,0.996,True
"mood toh mast hai, bas bank balance emotional hai.",Negative,Positive,0.9826,True
life mein sab temporary hai… except screenshots.,Neutral,Positive,0.5785,True
khana dekhte hi diet logout ho jaati hai.,Neutral,Negative,0.9779,True
"dil toh clean hai, gallery mat dekhna.",Neutral,Positive,0.8041,True
"alarm bajta hai, main ignore mode on kar deta hoon.",Neutral,Negative,0.9819,True
"weekend ka wait, salary se bhi zyada hota hai.",Positive,Neutral,0.981,True
mummy ki ek awaaz aur wifi dono ignore nahi hote.,Neutral,Positive,0.991,True
"study plan ready hai, bas padhna pending hai.",Negative,Neutral,0.8349,True
zindagi smooth chal rahi thi… phir monday aa gaya.,Negative,Positive,0.4729,True
"friends free advice dete hain, bill kabhi nahi.",Neutral,Negative,0.764,True
papa: paisa ped pe ugta hai kya?,Negative,Neutral,0.9913,False
me: nahi… isliye upi use karte hain.,Neutral,Negative,0.5972,True
"family trip mein photos kam, pose zyada hote hain.",Positive,Neutral,0.8523,True
sunday ka best plan?,Positive,Neutral,0.9931,False
ghar ka wifi band ho jaaye toh sab ek dusre se baat karne lagte hain.,Neutral,Negative,0.9899,True
mummy ki shopping list kabhi khatam nahi hoti.,Negative,Positive,0.997,True
"khana garam ho ya na ho, mummy ka pyaar hamesha garam hota hai.",Positive,Neutral,0.9103,False
Bhai Subha Kaggle Khareed ke Upvote tumhry nam kr rha hn 😂😭,Positive,Negative,0.8736,True
Ye sharks political parties se mili hoi hen 😂,Negative,Neutral,0.5992,True
"Meri to study bhi internet py he, business bhi internet py mere liye boht preshani bni pri",Negative,Positive,0.997,False
"Aaj auto wale ne exact change wapas diya, trust in humanity restored 😂",Positive,Negative,0.9681,True
Weather itna unpredictable hai ki umbrella bhi confuse ho gaya hoga ☀️🌧️😂,Neutral,Positive,0.9601,True
Mere headphones ki battery mere motivation se bhi zyada long chalti hai 😭🎧,Neutral,Negative,0.9426,True
New phone cover aaya aur actual mein photos jaisa hi nikla 😭❤️,Positive,Neutral,0.4854,False
"Restaurant mein waiter ne bola spicy nahi hai, ab meri aankhon se paani aa raha hai 🌶️😭",Negative,Positive,0.5684,True
"Mere room ka fan finally repair ho gaya, ab hawa ko luxury nahi samajhna padega 😂",Positive,Negative,0.7612,True
"Grocery app ne delivery ke liye pura din choose kar liya, apparently mera schedule unke liye optional hai 😭",Negative,Neutral,0.9333,True
"Room clean karne baithi thi, purani photos mil gayi aur cleaning ka mission nostalgia mein convert ho gaya 😂",Neutral,Negative,0.9926,True
"Aaj neighbour ka dog mujhe dekh ke tail wag karne laga, din ban gaya 🐶🥹",Positive,Negative,0.9603,False
"Friend ne bola “bas ek bite”, aadha burger gayab tha 😂🍔",Negative,Positive,0.8411,True
"Online order mein medium manga tha, box dekh ke laga bachchon ka section khul gaya 😂",Negative,Neutral,0.9509,True
"Rickshaw wale bhaiya ne bina bargain ke reasonable fare bola, rare species mil gayi 😂",Positive,Neutral,0.8343,True
"New notebook nahi, new water bottle li hai aur unnecessary happiness ho rahi hai 😂💧",Positive,Negative,0.9881,False
Aaj street food itna tasty tha ki diet ne khud resignation de diya 🌯😂,Positive,Negative,0.9904,True
"Cafe wale ne extra cheese free mein add kar di, aaj toh profit hi profit hai 🧀😂",Positive,Neutral,0.5412,True
"Parking mil gayi woh bhi entrance ke paas, aaj universe mere side pe hai 😂🚗",Positive,Neutral,0.665,True
"Delivery app pe rider “nearby” tha, 20 minute se nearby hi hai 😂📍",Negative,Neutral,0.7535,True
"Washing machine ne kapde dhone ke baad ek sock missing kar diya, mystery continues 🧦😂",Neutral,Negative,0.5297,True
"Main sirf bread lene gayi thi aur grocery bag mein chips, cookies aur chocolate aa gayi 😭",Negative,Neutral,0.6398,True
"Aaj cab exactly pickup point pe aa gayi, driver ko medal milna chahiye 🏅😂",Positive,Negative,0.7345,True
"Friend ne bola “5 minute mein ready”, ab main calendar check kar rahi hoon 😂",Negative,Neutral,0.6591,True
"Aaj market mein ek uncle ne bina pooche discount de diya, emotional moment tha 😂",Positive,Negative,0.8658,True
Netflix khola aur 40 minute tak decide hi nahi hua kya dekhna hai 😂📺,Neutral,Negative,0.9925,True
Grocery ka bill dekh ke mujhe samajh nahi aa raha tha maine kharida kya hai 😂💸,Negative,Positive,0.636,True
"Mere plant ko aaj paani diya, ab responsibility ka pressure feel ho raha hai 🌱😂",Neutral,Negative,0.986,True
Friend ka “important baat hai” message aaya aur phir usne meme bhej diya 😂,Neutral,Positive,0.9819,True
"Aaj wallet mein sirf coins bache the, UPI ne phir se life save kar di 😂",Positive,Negative,0.8712,False
"Auto driver ne destination sunke khud hi bola “haan chalte hain”, negotiation ki jaan bach gayi 😂",Positive,Neutral,0.9076,True
"Phone camera ne aaj bina editing ke achhi photo de di, impossible lag raha hai 📸😭",Positive,Negative,0.974,True
"Online meeting mein sabka mic mute tha, aur surprisingly kisi ne unnecessary lecture nahi diya 😂",Positive,Neutral,0.5246,True
"Aaj lift mein sirf do log the, social anxiety ko bhi break mil gaya 😭",Positive,Negative,0.9916,True
"Mere earphones ekdum randomly connect ho gaye, aaj Bluetooth cooperative mood mein hai 😂",Positive,Neutral,0.8733,True
Aaj bakery se garlic bread liya aur ghar pahunchte hi khatam bhi ho gaya 🥖😂,Positive,Negative,0.7415,False
"Friend ne mera naam contact mein “Emergency Fund” save kar rakha hai, trust issues confirmed 😂💸",Negative,Positive,0.9617,True
"Parcel kholne se pehle hi excitement zyada thi, andar socks nikle 😂📦",Neutral,Negative,0.6353,True
Restaurant mein bill split karte waqt sab suddenly mathematicians ban gaye 😂🧮,Neutral,Negative,0.9881,True
"Mera favourite mug toot gaya, chai ab emotional damage ke saath milegi 😭☕",Negative,Positive,0.8751,False
"Friend ne bola bill split karenge, phir calculator mujhe hi pakda diya 😂",Neutral,Negative,0.533,True
Mere phone ka autocorrect meri izzat khatam karne mein bohot consistent hai 😂📱,Negative,Positive,0.9965,True
Aaj samosa itna garam tha ki pehla bite directly life lesson ban gaya 😂🔥,Negative,Positive,0.9943,True
Aaj phone ka wallpaper change kiya aur lag raha hai naya phone le liya 😂📱,Positive,Negative,0.806,True
Nayi watch pehen ke baar baar time check kar rahi hoon bina kisi reason ke 😂⌚,Neutral,Negative,0.8255,True
"Restaurant ki serving chhoti thi, plate dekh ke laga appetizer bhi appetizer ka appetizer hai 😂",Negative,Neutral,0.9791,True
"Mere neighbour ne aaj parcel receive kar liya, warna delivery wale se hide-and-seek chalti rehti 😂📦",Positive,Negative,0.7785,True
Friend ne kaha “main tumhare saath hoon” aur bill aate hi washroom chala gaya 😂💸,Negative,Positive,0.893,True
"Online appointment ka slot mil gaya, warna website refresh karte karte retirement aa jati 😂",Positive,Negative,0.7643,True
"Friend ki voice note 6 minute ki thi, podcast subscription ki zaroorat nahi 😂🎧",Neutral,Positive,0.7482,True
"Mera phone girte girte bacha, meri heartbeat ne free cardio kar liya 😂📱",Negative,Positive,0.8487,True
"Aaj traffic mein ek bhi horn nahi suna, mujhe laga city temporarily band ho gayi 😂🚗",Positive,Negative,0.992,True
Phone mein storage free karne gayi thi aur purani memes dekh ke sab restore kar di 😂📱,Neutral,Negative,0.9935,True
Mummy ke saath market jaana expensive bhi hota hai aur entertaining bhi 😂🛒,Neutral,Negative,0.9477,True
Food delivery app ne “almost there” likha aur rider abhi bhi 4 km door tha 😂,Negative,Neutral,0.9722,True
Friend ne meri coffee ka aadha cup piya aur bola taste check kar raha tha 😂☕,Negative,Neutral,0.9608,True
Wi-Fi password yaad na ho toh ghar ka resident hona bhi questionable lagta hai 😂📶,Neutral,Negative,0.9775,True
"Mera parcel finally deliver hua, tracking page ko ab goodbye bol sakti hoon 😂📦",Positive,Negative,0.5076,True
Phone ki brightness full karne ke baad bhi sunlight jeet gayi ☀️📱😂,Negative,Positive,0.9932,True
"Aaj neighbour ke ghar se biryani ki smell aa rahi thi, dinner plans unstable ho gaye 😂🍚",Positive,Negative,0.9395,True
"Aaj auto wale ne meter se fare liya, mujhe laga hidden camera chal raha hai 😂",Positive,Neutral,0.8168,True
Aaj cold coffee itni achi bani ki cafe wale jealous ho sakte hain 😂🥤,Positive,Negative,0.9135,True
Mere shoes ka sole nikal gaya aur woh bhi important meeting ke raste mein 😭👟,Negative,Positive,0.8087,False
"Aaj raincoat pehen ke nikli aur baarish khatam ho gayi, weather ka personal grudge hai 😂🌧️",Neutral,Negative,0.9823,True
Grocery store mein trolley ka ek wheel hi independent country bana hua tha 😂🛒,Negative,Neutral,0.6606,True
"Friend ne meri recommendation follow ki aur actually pasand bhi aa gayi, rare achievement 😂",Positive,Negative,0.9091,True
Aaj ek old photo album mila aur pura evening memories mein nikal gaya 📸🥹,Positive,Neutral,0.6181,False
Mere room mein itne cushions hain ki bed pe insaan ke liye jagah limited hai 😂🛏️,Neutral,Negative,0.9619,True
Parcel open kiya toh packaging product se zyada dramatic thi 😂📦,Neutral,Positive,0.7405,True
"New bedsheet pe coffee gir gayi, first day hi achievement unlock 😭☕",Negative,Positive,0.9648,True
"Food delivery app pe estimated time 30 minutes tha, actual mein 31 hi laga, respect 😂",Positive,Neutral,0.92,True
"Friend ne bola “main bill handle kar lunga”, phir mujhe calculator de diya 😂💸",Negative,Neutral,0.7569,True
"Friend ne kaha “main jaldi aa raha hoon”, phir location abhi ghar ki thi 😂",Negative,Neutral,0.9217,True
"Aaj ghar ka AC properly cool kar raha hai, summer ko temporary defeat mil gayi ❄️😂",Positive,Negative,0.9516,True
"Grocery bag ka handle ghar aate hi toot gaya, perfect final boss 😂🛍️",Negative,Positive,0.9901,True
"New cafe mein staff ne water bhi chilled serve kiya, details matter karti hain 🙂",Positive,Neutral,0.5405,False
"Aaj online banking bina OTP drama ke chal gayi, historical moment 😂💳",Positive,Neutral,0.7575,True
Mere pet ne aaj pura cushion occupy kar liya aur mujhe corner mila 🐶😂,Neutral,Negative,0.9647,True
Aaj market mein ek old shop mili jahan childhood wali candies abhi bhi milti hain 🥹🍬,Positive,Neutral,0.5658,False
Friend ne “small favour” bola aur favour ka size project jaisa tha 😂,Negative,Neutral,0.5714,True
"Friend ne mujhe “5 minute” ka voice note bheja, ab main chai bana ke sunungi 😂",Neutral,Positive,0.5474,True
Parcel ka tape itna strong tha ki product se pehle meri patience open hui 😂📦,Negative,Positive,0.8445,True
Phone ki gallery clean karte karte ek saal purani screenshots ki museum mil gayi 😂📱,Neutral,Negative,0.9561,True
"Shopping cart mein cheezein add karna free hai, remove karna emotionally expensive 😂🛒",Neutral,Negative,0.9907,True
"Aaj ghar pe fresh parathas bane, diet kal se start hogi 😭😂",Positive,Neutral,0.9012,True
Friend ne bola “main tumhe drop kar deta hoon” aur petrol ka lecture start kar diya 😂🚗,Neutral,Negative,0.9422,True
"Aaj family group mein sirf good morning messages aaye, koi debate nahi hui 😭😂",Positive,Neutral,0.5675,True
"New wallet mein coin pocket bhi hai, finally coins ko ghar milega 😂",Positive,Neutral,0.8051,True
"Friend ne bola “honest opinion chahiye”, phir honest opinion pe naraz ho gaya 😂",Negative,Neutral,0.9073,True
"Grocery app ne mujhe coriander ke saath random mint bhi bhej diya, free gardening material 😂🌿",Neutral,Positive,0.7721,True
"New water bottle leak-proof nikli, bag mein books bach gayi 😭💧",Positive,Negative,0.9454,False
Aaj cab app ne driver ka exact location dikhaya aur phir bhi driver opposite side pe tha 😂,Negative,Neutral,0.992,True
"Parcel ki delivery photo mein sirf gate dikh raha tha, parcel kahan hai woh mystery hai 😂📦",Negative,Neutral,0.9941,True
"Phone ka autocorrect “okay” ko kuch aur bana deta hai, communication ka future bright hai 😂",Negative,Positive,0.9679,True
"Restaurant mein tissue maanga aur waiter pura tissue box le aaya, service overachiever 😂",Positive,Negative,0.9553,True
Shopping bag dekh ke ghar walon ne interrogation start kar diya 😂🛍️,Negative,Positive,0.9785,True
Mere phone ki charging cable ghar mein sabki favourite ban chuki hai 😂🔌,Neutral,Positive,0.9955,True
Friend ne location bheji aur pin literally random gali mein tha 😂📍,Negative,Neutral,0.8042,True
"Mere neighbour ka cat roz balcony mein aati hai, ab rent bhi charge karna padega 😂🐱",Positive,Negative,0.7056,True
"Mera favourite mug kisi aur ne use kar liya, ghar mein property rights discuss karne padenge 😂☕",Negative,Positive,0.9923,True
"Aaj traffic signal pe koi horn nahi baja raha tha, lag raha tha alternate universe hai 😂🚦",Positive,Neutral,0.7875,True
Delivery app ne rider ko “arriving soon” bola aur rider ne mujhe call karke address poocha 😂📦,Negative,Neutral,0.8985,True
"Aaj room mein ek purana coin mila, treasure hunt ka low-budget version 😂🪙",Neutral,Negative,0.84,True
"Phone ka screen protector lagwane gaya tha, shopkeeper ne phone ko mujhse zyada carefully pakda 😂📱",Positive,Neutral,0.8308,True
"Aaj local shop pe owner ne mujhe naam se bulaya, regular customer wali feeling aa gayi 😌",Positive,Negative,0.831,False
"Phone ki battery 1% pe thi aur charger mil gaya, aaj second life mil gayi 😭🔋",Positive,Negative,0.8167,True
Phone haath mein tha aur phone hi nahi mil raha tha 😂,Neutral,Negative,0.8787,True
Yeh weather samajhna mere bas ki baat nahi hai,Neutral,Positive,0.9465,False
Mere plants mujhse zyada attention maangte hain 🌱,Neutral,Positive,0.9985,True
Yeh dress photos mein better lag rahi thi,Negative,Positive,0.7545,False
Aaj ghar mein sab unusually quiet hain,Neutral,Positive,0.9527,False
Coffee ke bina morning incomplete lagti hai,Neutral,Negative,0.9639,False
Baarish shuru hote hi kapde bahar yaad aaye,Negative,Neutral,0.7739,True
Aaj wallet ne mujhe judge kiya,Negative,Neutral,0.8116,True
Auto mil gaya bina wait kiye,Positive,Negative,0.9652,False
Pet ne pura sofa reserve kar rakha hai 🐶,Neutral,Negative,0.9492,True
Yeh charger mujhse zyada loyal nikla,Positive,Negative,0.6198,True
Baarish mein umbrella ghar pe hi reh gaya,Negative,Neutral,0.9906,False
Yeh notification kis khushi mein aaya hai,Neutral,Negative,0.5565,True
Mere headphones ka ek side phir gaya,Negative,Neutral,0.9931,False
Delivery wale ko address samjhana full adventure tha,Negative,Positive,0.7945,True
Aaj koi spam call nahi aayi,Positive,Neutral,0.7714,False
Ghar se nikalte hi baarish band ho gayi,Neutral,Negative,0.9939,True
"Wallet ghar pe reh gaya, excellent planning",Negative,Positive,0.5866,True
Phone ki battery ne beech mein dhokha de diya,Negative,Neutral,0.6374,False
Aaj ghar ka khana miss ho raha tha,Neutral,Negative,0.8858,False
"Coffee gir gayi, morning officially successful",Negative,Positive,0.9746,True
Yeh filter reality se kaafi optimistic hai 😂,Neutral,Negative,0.5659,True
Aaj old photos dekhne ka mood ho gaya,Neutral,Negative,0.9451,False
Aaj room thoda less chaotic lag raha hai,Positive,Neutral,0.9869,False
Aaj cab driver ne exact location samajh li,Positive,Neutral,0.9972,True
Yeh bag dekh ke lag raha hai paisa vasool ho gaya,Positive,Negative,0.7507,False
Phone unlock kiya aur battery already 10% kam,Negative,Neutral,0.6118,True
Aaj neighbour ka cat balcony mein aa gaya 🐱,Positive,Neutral,0.8699,False
New cushion se sofa ka look change ho gaya,Positive,Neutral,0.9943,False
"Phone silent tha, obviously important call aa gayi",Negative,Neutral,0.7171,True
Mere room mein ek chair kapdon ki permanent home hai,Neutral,Positive,0.9175,True
Aaj road surprisingly empty thi,Positive,Negative,0.8452,False
Mera favourite snack out of stock tha,Negative,Positive,0.9549,False
Ek random song ne pura mood change kar diya,Positive,Negative,0.7527,False
Phone storage phir se full hai,Negative,Positive,0.9144,False
Gallery clean karna emotionally difficult hai 😂,Neutral,Negative,0.987,True
Shopping bag dekh ke ghar mein questions start ho gaye,Negative,Neutral,0.9312,True
Yeh weather toh mood swings ka champion hai,Neutral,Positive,0.9357,True
Phone camera ne bina editing ke photo de di,Positive,Neutral,0.9916,True
Mere slippers ka ek pair phir gayab hai,Negative,Neutral,0.822,True
Ghar mein sabko meri chocolate ka location pata hai,Neutral,Positive,0.983,True
Aaj bakery se fresh bread mili,Positive,Neutral,0.9861,False
Yeh song sunke old memories aa gayi,Neutral,Positive,0.9972,False
Wallet mein coins ke alawa kuch nahi hai,Negative,Neutral,0.998,True
"New bottle leak nahi hui, achievement",Positive,Neutral,0.9459,True
Fridge mein cold drink mil gayi 😌,Positive,Negative,0.9369,False
"Phone ka wallpaper change kiya, naya phone feel ho raha hai",Positive,Neutral,0.9828,True
Aaj dinner mein kuch spicy ban gaya,Negative,Positive,0.9951,False
Mere plants ko mujhse zyada routine chahiye,Neutral,Positive,0.9469,True
Online shopping ka return button hidden treasure hai,Negative,Positive,0.9886,True
Aaj chai mein sugar exactly right thi,Positive,Neutral,0.9966,False
Yeh box kholne ke liye engineering degree chahiye,Negative,Neutral,0.9634,True
Food delivery ka estimated time optimistic tha,Negative,Neutral,0.9401,True
Ek old contact ka message aa gaya,Neutral,Positive,0.8612,False
Aaj parking milna lottery jeetne jaisa tha,Positive,Neutral,0.5208,True
Mera umbrella phir se missing hai,Negative,Positive,0.9867,False
Coffee shop ki window seat mil gayi,Positive,Neutral,0.997,False
Shopping ka bill thoda personal lag raha hai,Negative,Positive,0.8311,True
Yeh cushion dekh ke bas sona hai,Positive,Negative,0.969,False
Mere phone ke notifications ko koi break nahi chahiye,Negative,Positive,0.4646,True
Yeh app login ke liye mujhe test kar rahi hai,Negative,Neutral,0.9364,True
Ghar mein ek bhi clean spoon nahi mila,Negative,Neutral,0.9922,True
Mere bag mein unnecessary receipts ka museum hai,Neutral,Negative,0.9751,True
Aaj bus exactly time pe aa gayi,Positive,Neutral,0.9751,True
Phone cover ne phone ko slippery bana diya,Negative,Neutral,0.9921,True
Mere plants ka growth mere patience se slow hai,Neutral,Negative,0.9927,True
Parcel ka tape meri patience se strong tha,Negative,Positive,0.9283,True
Aaj market mein crowd surprisingly kam tha,Positive,Neutral,0.8149,False
Online order mein colour thoda creative nikla,Negative,Neutral,0.914,True
Mere room ka fan aaj helicopter lag raha hai,Negative,Positive,0.978,True
Delivery photo mein parcel dikh hi nahi raha,Negative,Neutral,0.9922,True
Yeh song unnecessarily emotional kar raha hai,Neutral,Negative,0.9914,False
Aaj ice cream ka mood tha aur mil bhi gayi,Positive,Neutral,0.897,False
Shopping mall ka AC winter bana raha hai,Negative,Neutral,0.4594,True
Mere sunglasses ghar mein mujhse hide kar rahe hain,Neutral,Negative,0.9844,True
Yeh traffic mujhe patience award dega,Negative,Positive,0.9982,True
"Ek purani diary mil gayi, nostalgia unlocked",Neutral,Positive,0.9594,False
Online discount ka asli discount checkout pe mila,Negative,Neutral,0.8113,True
Mere socks washing machine ke favourite mystery hain,Neutral,Positive,0.9827,True
New bag mein pockets actually useful hain,Positive,Neutral,0.9568,False
Mere room ki chair officially wardrobe ban chuki hai,Neutral,Negative,0.9753,True
Food order mein extra sauce mil gaya,Positive,Neutral,0.9832,False
Yeh website har click pe naya surprise deti hai,Negative,Positive,0.9965,True
New bedsheet ne room ka vibe change kar diya,Positive,Neutral,0.9708,False
Aaj grocery list ko actually follow kar liya,Positive,Neutral,0.9946,True
Delivery wale ka “5 minute” flexible concept hai,Negative,Neutral,0.8879,True
Aaj dinner ke baad ice cream bhi mil gayi,Positive,Neutral,0.6326,False
Phone ka autocorrect phir creative ho gaya,Neutral,Positive,0.985,True
Mere wallet ko aaj emotional support chahiye,Negative,Positive,0.9738,True
Restaurant ka menu padhte padhte bhookh badh gayi,Neutral,Positive,0.9746,False
"Mera phone girte girte bach gaya, heartbeat free mein badh gayi",Negative,Positive,0.9239,True
Yeh parcel kholna patience challenge tha,Negative,Neutral,0.6303,True
Phone ki battery mujhe surprise dene mein expert hai,Negative,Positive,0.9923,True
Shopping app ka “limited offer” teen din se limited hai,Neutral,Negative,0.7489,True
Mere pet ko mera bed zyada pasand hai,Neutral,Positive,0.9975,False
Yeh charger sirf 45 degree pe kaam karta hai,Negative,Neutral,0.998,True
"New shoes pe mud lag gaya, first day hi memories",Negative,Neutral,0.489,True
Phone silent pe tha aur duniya loud thi,Neutral,Negative,0.6672,True
Favourite chocolate ka last piece safe nahi raha,Negative,Positive,0.995,False
Yeh bill dekh ke shopping ka confidence kam ho gaya,Negative,Positive,0.9926,False
Mere headphones ka left side retirement le chuka hai,Negative,Neutral,0.9428,True
"Ek random old photo mil gayi, kaafi memories aa gayi",Neutral,Positive,0.9979,False
Delivery tracking ne mujhe unnecessarily involved rakha,Neutral,Negative,0.9844,True
Weather ne phir apna mood change kar liya,Neutral,Positive,0.6968,True
Shopping cart ko delete karna easy nahi tha,Negative,Neutral,0.5459,True
Mere plants ko weekend bhi holiday nahi milti,Neutral,Positive,0.9838,True
Online order ka actual colour imagination se different tha,Negative,Neutral,0.9943,False
Aaj ek purana song sunke pura vibe change ho gaya,Positive,Neutral,0.7231,False
Wallet khola aur silence mil gaya,Negative,Neutral,0.7685,True
Mere pet ne cushion pe permanent booking kar li,Neutral,Negative,0.9818,True
"Aaj chai thodi strong thi, exactly needed",Positive,Neutral,0.9063,False
"Parcel finally aa gaya, chapter closed 😂",Positive,Negative,0.9647,True
Mere shoes ne baarish ko personally invite kar liya,Negative,Positive,0.5911,True
"Aaj favourite snack mil gaya, small win",Positive,Neutral,0.7072,False
Sunset ke colours aaj unreal lag rahe the,Positive,Negative,0.9914,False
Grocery bag ka handle ghar ke gate pe hi toot gaya,Negative,Neutral,0.9974,True
Mere notifications ka koi off-season nahi hai,Neutral,Positive,0.9296,True
Delivery app ka map aur reality alag universe mein hain,Negative,Neutral,0.9552,True
Mere wallet mein receipts zyada hain paise se,Negative,Neutral,0.8956,True
Aaj ghar ki balcony mein baithna best laga,Positive,Neutral,0.9929,False
Yeh weather toh plot twist pe plot twist de raha hai,Neutral,Negative,0.9919,True
Mere room ki cleaning ka before-after same lag raha hai,Negative,Neutral,0.9954,True
Online order ka box dekh ke expectations high ho gayi,Neutral,Positive,0.9959,False
Phone battery ne timing choose karke betray kiya,Negative,Neutral,0.9934,True
Yeh parcel kholne ka process workout tha,Negative,Neutral,0.9323,True
Aaj street cat ne friendship request bhej di 🐈,Positive,Neutral,0.8759,False
"Chai perfect thi, bas cup chhota tha",Positive,Neutral,0.544,False
Aaj sunset dekh ke phone side mein rakh diya,Positive,Neutral,0.9936,False
Yeh traffic meri patience ka final exam hai,Negative,Positive,0.9984,True
Mere umbrella ka timing hamesha questionable hota hai,Neutral,Negative,0.8644,True
Mere charger ke bina meri productivity bhi missing hai,Neutral,Negative,0.9061,True
Aaj ghar ka khana bahar se better laga,Positive,Neutral,0.9916,False
Delivery estimate ko seriously lena meri galti thi,Negative,Positive,0.6549,True
New wallpaper se phone fresh lag raha hai,Positive,Neutral,0.9461,False
Mere room ka fan apni hi speed pe chalta hai,Neutral,Positive,0.9976,True
Phone storage ko phir se cleaning chahiye,Negative,Neutral,0.9912,False
Online order mein free sample mil gaya,Positive,Neutral,0.994,False
Mera bag phir unnecessary cheezon se full hai,Neutral,Positive,0.9502,True
Aaj chai ke saath baarish bonus mein mili,Positive,Neutral,0.9412,False
Weather forecast ne phir confidence se galat bola,Neutral,Negative,0.9806,True
Mere phone ki battery ko weekends pasand nahi,Negative,Neutral,0.7997,True
Grocery shopping surprisingly short rahi,Positive,Neutral,0.6556,False
"Phone silent tha, obviously tabhi call aani thi",Negative,Neutral,0.9224,True
Aaj coffee exactly waise bani jaise chahiye thi,Positive,Neutral,0.9907,False
Mere socks ka pair phir incomplete hai,Neutral,Negative,0.9727,True
"Phone update ke baad sab kuch same hai, bas battery nahi",Negative,Neutral,0.9901,True
Yeh app login karne se pehle permission leti hai ki main exist karti hoon ya nahi,Negative,Neutral,0.9964,True
New plant pot room ke saath match kar raha hai,Positive,Neutral,0.9975,False
Phone ki gallery mein memories ka unlimited storage hai,Neutral,Positive,0.8358,True
Online order ka size thoda ambitious tha,Negative,Positive,0.836,True
Mera charger sabka favourite accessory hai,Neutral,Positive,0.9968,True
Parcel open karte hi excitement khatam ho gayi,Negative,Positive,0.9827,False
Ek random song ne pura childhood yaad dila diya,Neutral,Negative,0.9745,False
Phone ki battery 5% pe philosophical ho gayi,Negative,Neutral,0.9647,True
Shopping list follow karna surprisingly possible hai,Positive,Neutral,0.8302,True
Aaj ek puppy ne attention de di 🐶,Positive,Negative,0.9918,False
Phone ka autocorrect phir apni creativity dikha raha hai,Neutral,Positive,0.8572,True
Mere plants ko mujhse zyada discipline hai,Neutral,Positive,0.9964,True
Shopping cart mein cheezein khud add hoti lagti hain,Neutral,Negative,0.9961,True
Sunset aaj camera se bhi better tha,Positive,Neutral,0.871,False
Mere shoes ko clean rakhna impossible mission hai,Negative,Positive,0.7049,True
Delivery tracking meri daily entertainment ban gayi,Neutral,Positive,0.8698,True
New bedsheet lagate hi room fresh lagne laga,Positive,Neutral,0.9963,False
Phone charger lagaya aur charging start hi nahi hui,Negative,Neutral,0.9909,False
Online discount ka asli winner delivery charge tha,Negative,Neutral,0.941,True
New phone cover finally slip nahi karta,Positive,Neutral,0.7772,False
Mere plants ko sunlight ka daily reminder chahiye,Neutral,Positive,0.7346,True
Phone notifications ka flood aa gaya,Negative,Positive,0.6306,False
"Phone ka charger mil gaya, civilization restored",Positive,Neutral,0.693,True
Delivery app ka “arriving soon” eternal hai,Negative,Positive,0.9976,True
Aaj favourite snack stock mein mil gaya,Positive,Neutral,0.556,False
Phone gallery delete karna impossible emotional task hai,Neutral,Negative,0.9879,True
Phone battery ka trust level zero hai,Negative,Neutral,0.5172,True
Aaj market ka crowd manageable tha,Positive,Neutral,0.9966,False
Mera charger ghar mein sabka favourite hai,Neutral,Positive,0.9973,True
Aaj dinner ke baad walk bhi ho gayi,Positive,Neutral,0.9468,False
Aaj fresh mango shake mila,Positive,Neutral,0.9965,False
Grocery bag ka handle phir weak nikla,Negative,Neutral,0.9577,True
Aaj ek old friend se randomly mil gayi,Positive,Neutral,0.6121,False
"Delivery wale ne exact gate dhoond liya, historic moment",Positive,Neutral,0.8432,True
Online order mein size kaafi unexpected tha,Negative,Neutral,0.9104,False
Mera bag phir unnecessary cheezon se bhar gaya,Neutral,Negative,0.5774,True
Weather forecast ko seriously lena meri mistake thi,Neutral,Negative,0.9937,True
Aaj street food surprisingly hygienic bhi tha,Positive,Neutral,0.6316,False
Shopping cart ka total dekh ke reality hit hui,Negative,Positive,0.9073,True
Aaj random old song ne mood nostalgic kar diya,Neutral,Positive,0.9948,False
New bottle ka lid actually leak-proof hai,Positive,Neutral,0.9943,False
Aaj evening mein thandi hawa chal rahi thi,Positive,Neutral,0.6739,False
Mere socks ka ek pair ab officially missing hai,Neutral,Negative,0.7237,True
Online payment ne patience ka test liya,Negative,Neutral,0.8266,True
Delivery tracking ko dekhna ab habit ban gayi,Neutral,Negative,0.9404,True
New shoes ka colour sunlight mein aur achha lagta hai,Positive,Neutral,0.5015,False
Online shopping ka return process patience mangta hai,Negative,Positive,0.8249,False
Aaj dinner mein homemade pasta bana,Positive,Neutral,0.9936,False
Weather ne phir surprise entry maar di,Neutral,Positive,0.9083,True
Aaj market se bina extra shopping ke aa gayi,Positive,Neutral,0.7143,True
Parcel exactly expected jaisa nikla,Positive,Neutral,0.6008,False
Phone battery ka confidence dekhne layak hai,Negative,Positive,0.7365,True
Delivery app ne “nearby” ka matlab redefine kar diya,Negative,Neutral,0.972,True
Aaj ghar mein fresh chai bani,Positive,Neutral,0.5021,False
Mere shoes ka white colour ab memory hai,Negative,Positive,0.6112,True
Phone charger lagaya aur plug hi loose tha,Negative,Neutral,0.9963,True
Delivery ka wait ab personality trait ban gaya,Neutral,Negative,0.8819,True
Phone battery ne phir dramatic timing choose ki,Negative,Neutral,0.9612,True
Delivery wale ne phir call karke address poocha,Negative,Neutral,0.9947,True
Shopping app ka “final sale” kabhi final nahi lagta,Neutral,Positive,0.98,True
Phone ka autocorrect phir apni duniya mein hai,Neutral,Positive,0.5835,True
Parcel ka tape phir unbeatable nikla,Negative,Neutral,0.571,True
Weather ne aaj unexpectedly cooperate kiya,Positive,Negative,0.915,True
Phone cover finally phone pe properly fit hai,Positive,Neutral,0.5001,False
Online shopping ka cart phir dangerous ho gaya,Neutral,Negative,0.9915,True
Aaj balcony mein thandi hawa chal rahi thi,Positive,Neutral,0.503,False
Mere plants ki leaves mujhse zyada healthy hain,Neutral,Positive,0.9954,True
Delivery app ka map sirf decoration hai apparently,Negative,Neutral,0.9196,True
New bottle ka design kaafi minimal hai,Positive,Negative,0.6231,False
Phone charger ne aaj finally cooperate kiya,Positive,Neutral,0.996,True
Mere socks ka mystery abhi bhi unsolved hai,Neutral,Negative,0.9472,True
Grocery shopping mein sirf list wali cheezein li,Positive,Negative,0.7672,True
Delivery tracking ab meri side hobby hai,Neutral,Positive,0.9513,True
Phone battery ko timing ka koi sense nahi hai,Negative,Neutral,0.9888,True
Online discount dekh ke wallet darr gaya,Negative,Neutral,0.6366,True
Delivery app ne phir “almost there” bola,Negative,Neutral,0.9868,True
Grocery bill dekh ke shopping ka confidence gaya,Negative,Positive,0.9718,True
Mere room ki chair phir kapdon se full hai,Neutral,Positive,0.8664,True
Aaj random old memory yaad aa gayi,Neutral,Positive,0.9801,False
Delivery tracking ne phir suspense create kiya,Neutral,Negative,0.9923,True
Weather forecast ko award milna chahiye confidence ke liye,Neutral,Positive,0.6446,True
Mere shoes ka clean rehna impossible hai,Negative,Neutral,0.7486,True
Fresh mangoes kaafi sweet nikle,Positive,Neutral,0.9947,False
Delivery app ka ETA sirf creative writing hai,Negative,Neutral,0.9446,True
Weather ne phir plans ko surprise diya,Negative,Positive,0.9911,True
Phone battery ne phir last minute betrayal kiya,Negative,Neutral,0.9976,True
Shopping app phir temptation test le rahi hai,Neutral,Negative,0.995,True
Mere bag mein useful cheez sabse kam hai,Neutral,Positive,0.7429,True
Delivery wala phir opposite gate pe tha,Negative,Neutral,0.9979,True
Phone storage ka drama phir shuru hai,Negative,Neutral,0.9715,True
Aaj ek old song ne pura mood nostalgic kar diya,Neutral,Negative,0.9762,False
New bottle ka lid properly seal ho raha hai,Positive,Neutral,0.9906,False
Aaj chai ke saath quiet time mila,Positive,Neutral,0.9934,False
Mere plants ko mujhse zyada patience hai,Neutral,Positive,0.9976,True
Online order ka colour expected se better nikla,Positive,Neutral,0.978,False
Phone charger lagaya aur charging instantly start ho gayi,Positive,Neutral,0.8737,True
Aaj road pe traffic surprisingly low tha,Positive,Neutral,0.8672,False
Delivery tracking ab unnecessary attachment hai,Neutral,Negative,0.9888,True
Phone ne aaj bina hang hue kaam kar liya,Positive,Neutral,0.8767,True
Mere wallet mein receipts kaafi confident hain,Neutral,Positive,0.9976,True
Online payment successful hua bina drama ke,Positive,Neutral,0.9861,True
Parcel ka box kholna full workout tha,Negative,Neutral,0.9727,True
Phone gallery mein memories ka overload hai,Neutral,Negative,0.8993,True
Shopping cart ko control karna mushkil hai,Neutral,Negative,0.8588,True
New cushion covers se sofa fresh lag raha hai,Positive,Neutral,0.9954,False
Delivery tracking ka patience test phir start hai,Negative,Neutral,0.9117,True
Phone ka autocorrect aaj phir adventurous tha,Neutral,Positive,0.9806,True
Shopping ke baad budget officially resting hai,Negative,Positive,0.9974,True
Fresh mango shake ne mood bana diya,Positive,Negative,0.8085,False
Delivery wale ka “2 minute” legendary hai,Negative,Positive,0.9942,True
Fresh cookies ke baad diet ka kya hi hai 😂,Positive,Neutral,0.8898,True
Online shopping ka return process patience test hai,Negative,Neutral,0.572,False
Delivery tracking ab meri unofficial hobby hai,Neutral,Positive,0.9807,True
Phone battery ne phir important time choose kiya,Negative,Neutral,0.9595,True
Parcel ki packaging unnecessarily dramatic thi,Neutral,Negative,0.9824,True
Phone ka autocorrect phir meri izzat le gaya,Negative,Positive,0.9976,True
Weather forecast ka trust level low hai,Neutral,Negative,0.9929,True
Grocery bill ne phir reality check diya,Negative,Positive,0.6747,True
Phone storage ko phir cleaning chahiye,Negative,Neutral,0.9968,False
Mere plants ko sunlight milte hi attitude change ho gaya,Neutral,Negative,0.8858,True
Phone battery ka timing questionable hai,Negative,Neutral,0.8768,True
Delivery tracking phir suspense movie ban gayi,Neutral,Negative,0.9848,True
New bag mein pockets actually useful hain,Positive,Neutral,0.9568,False
Shopping cart phir budget ke bahar chala gaya,Negative,Neutral,0.6025,True
Mere shoes ka white colour survive nahi kar raha,Negative,Positive,0.741,True
Phone notifications ka koi end nahi hai,Neutral,Positive,0.5915,True
Delivery wale ka ETA phir optimistic tha,Negative,Positive,0.9697,True
yaar cp sir ki class kab haii 🥵🥵,Negative,Neutral,0.9959,False
nahi ab positive,Positive,Negative,0.7577,False
meri delivery wale bhaiya mujhe naam se jaante hain ab 😭,Neutral,Negative,0.9879,True
bhai tu size check karke order karta hai ya bas destiny pe chhod deta hai 😂,Negative,Neutral,0.6727,True
mera wallet mujhe online shopping se zyada responsible samajhta hai 😂,Negative,Positive,0.9455,True
ye website pe “limited stock” teen hafte se chal raha hai,Neutral,Negative,0.9918,True
bhai mujhe woh black wala zyada sahi laga,Positive,Neutral,0.9755,False
mujhe lagta hai cart mein pada hua item mujhe judge kar raha hai,Neutral,Negative,0.9965,True
mera online shopping history dekh ke algorithm bhi confused hoga 😭,Neutral,Negative,0.9891,True
road pe itna paani tha ki scooter boat lag raha tha,Negative,Neutral,0.5571,True
bhai tu pahunch gaya ya abhi bhi raste ke philosophical phase mein hai? 😂,Neutral,Negative,0.8593,True
"map ne bola five minutes, reality ne bola surprise 😂",Negative,Neutral,0.5219,True
bhai wrong turn lene ka talent tera genuinely impressive hai,Negative,Positive,0.9964,True
"ticket book karte waqt seat mil gayi, ab journey pe bharosa hai",Positive,Negative,0.9872,False
bus mein meri seat pe already koi baitha tha 🙂,Negative,Positive,0.9348,True
"main nikal gaya hoon, bas ab traffic se negotiation chal rahi hai",Neutral,Negative,0.9752,False
ye sunset genuinely unreal tha,Positive,Negative,0.9835,False
meri gallery ka storage ab emotional support maang raha hai,Negative,Positive,0.9628,True
"ye photo delete mat karna, actually achhi aayi hai",Positive,Negative,0.9969,False
bhai tu har photo mein same expression kyun deta hai 😂,Neutral,Negative,0.9111,True
kal wali story dekh ke laga tu kisi aur dimension mein reh raha hai 😭,Neutral,Negative,0.9916,True
algorithm mujhe meri zarurat se zyada accurately jaanta hai 😂,Neutral,Positive,0.9579,True
mujhe notification mila aur message khola toh bas “ok” tha 🙂,Negative,Positive,0.996,True
uska status dekh ke context aur confusing ho gaya,Neutral,Negative,0.9844,False
profile picture change karte hi sabne notice kar liya,Neutral,Negative,0.9829,False
story upload karne ke baad khud hi awkward feel hone laga 😂,Negative,Positive,0.9969,True
bhai delete for everyone ka option meri jaan hai,Positive,Negative,0.8192,True
"usne message edit kar diya, ab original kya tha woh jaan na hai 😂",Neutral,Negative,0.9685,True
"ghar mein aaj aloo ke alawa kuch naya ban gaya, historic day",Positive,Neutral,0.8002,True
kitchen mein experiment karne ka confidence ingredients se zyada hai 😂,Negative,Neutral,0.8432,True
bhai tu namak taste se daalta hai ya astrology se? 😂,Negative,Neutral,0.8632,True
aaj ghar ka khana actually restaurant level lag raha tha,Positive,Neutral,0.9904,False
"fridge khola aur teen containers mile, kisi ka ownership clear nahi hai 😭",Neutral,Negative,0.8711,True
ye packet kholte hi aadha andar gir gaya,Negative,Neutral,0.9645,False
"main bas ek bite lene gaya tha, pura plate gayab ho gaya 😂",Positive,Negative,0.9851,True
fridge mein kuch interesting mila toh bata dena,Neutral,Negative,0.9542,False
bhai tu khana share karta hai ya sirf photo? 😂,Negative,Neutral,0.9769,True
bhai tera dog camera dekhte hi celebrity mode mein aa jata hai 😂,Positive,Negative,0.9234,True
"pet ko walk pe le jaana tha, woh mujhe hi walk karwa ke laaya 😂",Positive,Negative,0.9855,True
meri cat ko attention chahiye exactly jab main busy hota hoon,Negative,Neutral,0.821,False
woh puppy literally sabko follow kar raha tha 😂,Positive,Negative,0.965,False
"bhai tera pet mujhse zyada photogenic hai, unfair hai",Positive,Negative,0.9877,True
meri cat ne plant phir gira diya 🙂,Negative,Positive,0.6244,True
woh kitten itni tiny thi ki main wahi ruk gaya 😭,Positive,Negative,0.9922,False
bhai tera dog naam sunte hi acting karta hai 😂,Positive,Negative,0.9748,True
pet ke saath photo lene ki koshish ki aur usne face hi ghuma liya,Negative,Neutral,0.9869,True
bhai ye animals humse zyada attitude wale hain 😂,Neutral,Positive,0.4948,True
"payment kar di, check kar lena",Neutral,Negative,0.9591,False
"transaction successful likha aur amount deduct nahi hua, technology ka magic",Positive,Neutral,0.7056,True
cash nahi tha toh QR ne aaj meri izzat bacha li,Positive,Negative,0.7969,True
bhai change ke chakkar mein pura calculation karna pada,Negative,Neutral,0.5797,False
bhai treat tu de raha hai ya bas announcement kar raha hai? 😂,Neutral,Negative,0.9806,True
bhai tu online payment karta hai ya transaction ka ceremony rakhta hai 😂,Negative,Neutral,0.9694,True
"birthday yaad tha mujhe, bas message late ho gaya 😭",Positive,Negative,0.9866,False
surprise plan itna secret tha ki mujhe khud last moment pe pata chala 😂,Positive,Negative,0.5761,True
bhai gift pasand aaya ya polite smile thi? 😂,Neutral,Negative,0.4813,True
gift choose karna expected se zyada difficult nikla,Negative,Neutral,0.927,False
mujhe old photos dekh ke hasi bhi aa rahi hai aur embarrassment bhi 😭,Neutral,Negative,0.9854,False
old chats padh ke lag raha hai hum kitne free hua karte the,Neutral,Negative,0.9961,False
bhai 2019 wali photo abhi bhi tere paas hai? 😭,Neutral,Negative,0.6831,False
purani gallery dekhte dekhte do ghante nikal gaye 😂,Positive,Negative,0.9836,True
bhai woh phase dobara kabhi nahi chahiye,Negative,Positive,0.7063,False
bhai tune woh message itne saal se save karke rakha hai? 😭,Neutral,Negative,0.9913,True
ye old meme ab bhi funny hai unfortunately 😂,Positive,Negative,0.9956,True
bhai hum tab kitne confidently stupid the 😭,Negative,Positive,0.5914,True
aaj itni baarish hui ki balcony ka floor swimming pool lag raha tha,Negative,Neutral,0.9935,True
"clouds dekh ke laga baarish hogi, bas drama tha",Neutral,Negative,0.9029,True
"bhai window se weather cute lagta hai, bahar jao toh reality samajh aati hai 😂",Negative,Positive,0.5026,True
weather decide nahi kar pa raha kya karna hai 😂,Neutral,Negative,0.993,True
bhai phone 2% pe hai aur charger ghar pe hai 😭,Negative,Neutral,0.7913,False
"update ke baad phone aur slow ho gaya, impressive 😂",Negative,Positive,0.9584,True
battery percentage ekdum dramatic speed se gir raha hai,Negative,Positive,0.9801,True
bluetooth connect hone mein phone ko emotional support chahiye kya 😂,Negative,Neutral,0.8365,True
bhai ringtone change ki aur ab khud hi pehchaan nahi aa rahi,Neutral,Negative,0.5998,True
screen protector lagaya aur ek bubble turant aa gaya,Negative,Neutral,0.9927,True
bhai storage full hone ke baad phone ne creativity dikhani start kar di,Negative,Positive,0.9525,True
"charger mil gaya, national emergency khatam",Positive,Neutral,0.7799,True
"request accept kar li, ab next step kya hota hai 😂",Neutral,Negative,0.9683,True
bhai ye “hmm” kis emotion mein bheja hai? 😂,Neutral,Negative,0.9672,True
mujhe lagta hai woh message ka meaning main zyada analyze kar raha hoon,Neutral,Negative,0.9453,False
"bhai usne story pe react kiya, investigation shuru karo 😂",Positive,Negative,0.9648,True
bhai ek normal conversation ko overthink mat kar,Positive,Negative,0.9896,False
uska naam notification mein aate hi mood change ho gaya 😂,Positive,Negative,0.9903,False
"maine casually message kiya tha, ab pura conversation ho gaya",Positive,Neutral,0.9766,False
bhai woh “okayyy” suspicious tha 😂,Neutral,Negative,0.9369,True
bhai tujhe green flag aur good internet connection mein difference pata hai? 😂,Positive,Neutral,0.9895,True
"bhai message delete kar diya, ab toh curiosity aur badh gayi",Neutral,Negative,0.9911,True
usne bina context ek photo bheji aur chala gaya 😂,Neutral,Negative,0.8664,True
"room mein ek sock mila, doosra apparently abroad hai 😂",Negative,Neutral,0.8459,True
"mera charger kal se missing hai, suspect list ready hai 😂",Negative,Neutral,0.8173,True
bhai ek rubber band ke liye pura drawer search kar liya,Negative,Neutral,0.9848,True
bhai mera favourite pen phir gayab,Negative,Positive,0.9978,False
ek box khola aur usme woh cheez mili jo do saal se dhoond raha tha 😭,Positive,Negative,0.9642,False
mera bag literally unnecessary objects ka museum hai 😂,Neutral,Negative,0.991,True
drawer clean karne ke baad teen missing items mil gaye,Positive,Neutral,0.881,False
bhai ye old receipt kyun rakhi hui hai 😂,Neutral,Negative,0.508,True
"ek random coin mila, rich feel ho raha hai",Positive,Neutral,0.4354,True
haircut ke baad mirror ne bhi mujhe identify karne mein time liya 😂,Negative,Positive,0.8554,True
"barber ko reference photo dikhayi thi, result abstract art hai",Negative,Neutral,0.9958,True
mirror lighting aur ghar ki lighting ka breakup ho gaya,Negative,Neutral,0.6915,True
bhai woh hairstyle repeat mat karna please 😭,Negative,Neutral,0.8557,True
"new haircut pehle weird laga, ab okay lag raha hai",Neutral,Positive,0.5736,False
"bhai photo mein hair perfect tha, hawa ne sab khatam kar diya",Negative,Positive,0.9949,True
mujhe lagta hai haircut ke baad face hi different lagta hai,Neutral,Negative,0.9722,False
salon ka mirror confidence free mein deta hai 😂,Positive,Negative,0.9373,True
bhai beard line ek side se alag kyun hai 😭,Negative,Neutral,0.6406,True
bhai market mein woh exact bag mil gaya,Positive,Neutral,0.9971,False
ye store expected se kaafi bada nikla,Positive,Neutral,0.7151,False
bargaining mein main emotionally haar gaya,Negative,Positive,0.6926,True
"shopkeeper ne discount de diya, unexpected win",Positive,Negative,0.5814,False
bhai woh colour stock mein nahi hai,Negative,Neutral,0.9514,False
market mein aaj weirdly kam bheed thi,Neutral,Negative,0.8912,False
bhai ye price dekh ke ghar pe banana better lag raha hai,Negative,Neutral,0.5765,True
finally woh exact size mil gaya,Positive,Neutral,0.8903,False
bhai tu shopping karne gaya tha ya pura market adopt kar liya? 😂,Negative,Neutral,0.5777,True
market se wapas aate hue random street performance mil gaya,Positive,Neutral,0.8431,False
bhai uncle ne mujhe kisi aur ka naam leke bulaya 😭,Neutral,Negative,0.9852,True
ek aunty ne bina context advice de di 😂,Neutral,Positive,0.571,True
ek random person ne mera dropped wallet utha ke de diya,Positive,Negative,0.9563,False
mujhe galti se kisi aur ki delivery mil gayi,Neutral,Negative,0.7639,False
bhai stranger ne photo kheechne mein help kar di,Positive,Neutral,0.8621,False
ek random person ne itna specific question poocha ki main speechless tha 😂,Neutral,Positive,0.5794,True
bhai mujhe dekh ke ek dog khud paas aa gaya,Positive,Neutral,0.6903,False
stranger ka compliment pura din better kar gaya,Positive,Negative,0.5622,False
kisi ne bina reason “sorry” bola aur chala gaya 😭,Neutral,Negative,0.9919,True
"aaj bina snooze kiye uth gaya, unbelievable",Positive,Negative,0.8522,True
bhai mera phone raat bhar charging pe tha phir bhi 42% hai,Negative,Neutral,0.952,True
bhai mera brain aaj loading screen pe hai,Negative,Neutral,0.9902,True
aaj ka mood bas blanket aur silence wala hai,Neutral,Negative,0.9268,False
mujhe random midnight ideas aate hain aur subah sab stupid lagte hain,Neutral,Negative,0.9916,True
kuch din bas bina explanation ke weird hote hain,Neutral,Negative,0.986,False
aaj literally kuch bhi plan nahi hai aur achha lag raha hai,Positive,Negative,0.9958,False
bhai tu kabse itna punctual ban gaya? suspicious hai 😂,Positive,Negative,0.9837,True
aaj sab log strangely energetic lag rahe hain,Neutral,Positive,0.8472,False
bhai tera memory selective hai ya subscription based? 😭,Negative,Neutral,0.9964,True
tu bina context ke itna confidently bolta kaise hai,Negative,Neutral,0.9266,True
bhai mujhe pehle hi pata tha tu ye karega 😂,Neutral,Negative,0.9726,True
tu har situation ko joke bana deta hai 😭,Positive,Negative,0.9914,False
"mujhe laga tu serious hai, phir tera face dekha 😂",Positive,Negative,0.6749,True
ek random song sunke pura purana phase yaad aa gaya,Neutral,Positive,0.9824,False
bhai ye gaana unnecessarily addictive hai 😭,Positive,Negative,0.9842,False
maine ek song skip kiya aur next bhi same vibe ka aa gaya 😂,Neutral,Negative,0.9934,True
ek hi gaana repeat pe sun raha hoon since morning 😭,Neutral,Negative,0.9888,False
ye old song abhi bhi vibe deta hai,Positive,Negative,0.9652,False
headphones lagate hi duniya se logout ho jata hoon,Positive,Negative,0.9948,True
meri playlist mein mood ka koi consistency nahi hai,Neutral,Positive,0.5421,True
ye song sunke automatically window dekhne ka mann karta hai 😭,Positive,Negative,0.9631,True
bhai sad song sunke sad hone ki zarurat nahi hai 😂,Neutral,Positive,0.9242,True
"bhai app khola tha ek minute ke liye, 45 minute kaise ho gaye",Negative,Neutral,0.6333,True
internet gaya aur ghar mein sab suddenly ek doosre se baat karne lage 😂,Positive,Negative,0.7736,True
mujhe lagta hai mera phone mujhse zyada busy hai,Neutral,Negative,0.9788,True
ek notification ne pura mood change kar diya,Positive,Negative,0.9451,False
bhai tu sach mein uss haircut ko good bol raha hai? 😂,Negative,Positive,0.8904,True
"ye colour pehle weird laga tha, ab actually achha lag raha hai",Positive,Negative,0.8882,False
honestly aaj ka look unexpectedly sorted lag raha hai,Positive,Negative,0.9632,False
bhai aaj neighbour ke ghar se itni loud laughter aa rahi thi ki context jaanne ka mann ho gaya 😂,Neutral,Positive,0.5044,True
meri colony mein aaj kisi ne pura balcony fairy lights se bhar diya,Positive,Negative,0.5958,False
bhai lift mein ek uncle ne bina reason weather discuss karna start kar diya 😭,Neutral,Negative,0.8533,True
saamne wale ghar ka dog mujhe dekhte hi roz announcement karta hai,Negative,Positive,0.9336,True
aaj gali mein ek chhota sa puppy mere peeche aa gaya tha 🥹,Positive,Neutral,0.6704,False
subah se saamne wale ghar mein shaadi-level decoration chal raha hai 😂,Neutral,Positive,0.8744,True
building mein aaj itni silence hai ki suspicious lag rahi hai 😭,Neutral,Negative,0.995,True
bhai lift ka button kisi ne 14 baar press kiya tha 😂,Negative,Neutral,0.552,True
"aaj colony mein street musician aaya tha, surprisingly achha bajata hai",Positive,Neutral,0.8805,False
bhai parking ko leke phir kisi ki diplomatic meeting chal rahi hai 😭,Negative,Neutral,0.7336,True
building ke entrance pe kisi ne tiny plant exchange corner bana diya,Positive,Neutral,0.9974,False
"bhai kisi ne meri old nickname se bula diya, flashback aa gaya 😭",Neutral,Negative,0.9904,False
purane friend se baat karke laga kuch cheezein bilkul nahi badalti,Positive,Negative,0.6868,False
bhai hum dono ko abhi bhi wahi stupid joke funny lagta hai 😭,Positive,Negative,0.9604,False
bhai uska contact name abhi bhi purane nickname se saved hai 😂,Neutral,Positive,0.9684,True
old friend ne ek random photo bheji aur pura context yaad aa gaya,Positive,Neutral,0.9091,False
bhai reunion plan ban raha hai apparently 👀,Positive,Negative,0.9714,False
uski voice sunte hi pata chal gaya kaun hai,Positive,Negative,0.8024,False
bhai family group mein kisi ne good morning ke saath 9 photos bhej di 😭,Neutral,Positive,0.3504,True
"bhai kisi ne group mein 2018 ka photo daal diya, chaos guaranteed 😂",Neutral,Negative,0.6982,True
family group ka notification count dekh ke dar lag raha hai,Negative,Neutral,0.985,True
bhai kisi ne random motivational quote subah 6 baje bheja,Neutral,Positive,0.9167,True
family group mein sabne ek hi message pe alag reactions diye 😂,Neutral,Negative,0.8624,True
family group mein aaj sab ek hi joke pe has rahe hain,Positive,Negative,0.9555,False
bhai kisi ne good night sticker subah bheja hai 😂,Neutral,Positive,0.9897,True
bhai kisi ne bina context apni selfie daal di 😂,Neutral,Negative,0.9565,True
bhai ab group mein sticker war hone wali hai 😭,Neutral,Negative,0.9935,True
bhai usne portrait itni jaldi bana diya ki main confuse ho gaya,Positive,Negative,0.9884,False
mujhe drawing karte karte pata hi nahi chala kitna time ho gaya,Positive,Negative,0.9882,False
bhai meri sketch aur original object ka koi relation nahi hai 😂,Negative,Neutral,0.8213,True
bhai uska handwriting dekh ke jealousy ho rahi hai,Positive,Negative,0.986,True
random notebook pe doodle banate banate pura page bhar diya,Positive,Negative,0.5557,False
mujhe random stationery dekh ke unnecessary happiness hoti hai 😭,Positive,Negative,0.9701,False
bhai fancy pens collect karke main unhe use hi nahi karta 😂,Neutral,Negative,0.9347,True
mujhe board games ka unnecessary competitive side pasand hai 😂,Positive,Negative,0.9855,True
bhai main game jeetne se zyada rules explain karne mein haar gaya,Negative,Neutral,0.9221,True
aaj board pe ek move ne pura scene badal diya,Positive,Negative,0.9575,False
aaj ek street performance dekha jahan crowd khud participate kar raha tha,Positive,Neutral,0.9796,False
bhai woh magician actual mein kaise kar raha tha 😭,Positive,Neutral,0.9348,False
random performance ne pura mood improve kar diya,Positive,Neutral,0.5588,False
bhai crowd se zyada ek uncle enjoy kar rahe the 😭,Positive,Negative,0.5967,True
bhai us magician ne meri aankhon ko personally insult kar diya 😂,Positive,Negative,0.9805,True
mujhe abhi tak samajh nahi aaya trick kaise hua,Neutral,Positive,0.8058,False
woh dancer itna energetic tha ki main dekh ke tired ho gaya 😭,Positive,Negative,0.7271,True
bhai ek uncle ne beech mein khud performance start kar di 😭,Positive,Neutral,0.9212,True
bhai maine plant ko paani diya aur woh aur sad lag raha hai 😭,Negative,Positive,0.9759,True
bhai balcony mein tiny garden banane ka mann hai,Positive,Neutral,0.991,False
woh flower unexpectedly bloom kar gaya,Positive,Neutral,0.6902,False
"bhai maine seed lagaya tha, ab actual plant aa gaya 😭",Positive,Negative,0.7786,False
"gardening videos dekhna easy hai, actual gardening nahi 😂",Negative,Neutral,0.9352,True
"new pot aa gaya, ab plant ko bhi upgrade milega 😂",Positive,Negative,0.6667,True
mujhe indoor plants ka setup genuinely pasand aa raha hai,Positive,Negative,0.9751,False
"bhai maine bas taste karna tha, pura bowl finish ho gaya 😂",Positive,Negative,0.7241,True
mujhe lagta hai presentation se food ka taste 20% better lagta hai 😂,Positive,Negative,0.9842,True
ye sauce har cheez ke saath unexpectedly achha lag raha hai,Positive,Neutral,0.7074,False
bhai maine recipe follow ki aur phir bhi result alag aa gaya 😂,Negative,Positive,0.8448,True
"mujhe laga ye combination impossible hai, but it works 😭",Positive,Negative,0.8732,False
bhai ek bite ke baad decide ho gaya ki ye repeat nahi karna,Negative,Neutral,0.4683,True
bhai taste test ke naam pe pura packet finish kar diya 😂,Positive,Negative,0.7187,True
aaj randomly astrology wali conversation start ho gayi,Neutral,Positive,0.6038,False
bhai mera lucky number bhi aaj kaam nahi aaya 😂,Negative,Positive,0.9884,True
bhai internet ne mujhe phir bata diya main kaunsa fictional character hoon 😭,Neutral,Negative,0.9896,True
woh compatibility result dekh ke sab hasne lage 😂,Positive,Negative,0.9505,True
mujhe aise random quizzes unnecessarily entertaining lagte hain,Positive,Negative,0.9681,False
bhai personality test ne mere baare mein zyada confidence se bola,Neutral,Positive,0.9976,True
mujhe lagta hai internet ke quizzes bas humari curiosity exploit karte hain 😂,Neutral,Negative,0.9948,True
maine prediction ignore ki aur phir wahi cheez ho gayi 😭,Neutral,Negative,0.9938,True
bhai astrology discussion kab serious ho gayi pata hi nahi chala,Neutral,Positive,0.7516,False
random quiz ne pura group discussion start kar diya 😂,Positive,Negative,0.9767,True
old objects dekh ke samajh aata hai technology kitni change hui,Neutral,Negative,0.9856,False
bhai woh radio abhi bhi working condition mein tha 😭,Positive,Neutral,0.6495,False
bhai ye machine dekh ke samajh hi nahi aa raha kaam kya karti thi 😂,Neutral,Negative,0.9394,True
aaj ek antique clock dekhi jo still chal rahi thi,Positive,Neutral,0.9965,False
bhai purani cheezon mein unnecessary character hota hai 😂,Positive,Negative,0.968,True
bhai woh old telephone dekh ke laga movie set hai 😭,Positive,Negative,0.7678,True
old maps dekh ke travel ka alag hi feel aata hai,Positive,Negative,0.9624,False
aaj random historical object ne mera attention pakad liya,Positive,Neutral,0.7684,False
kite ke peeche bhaagte hue log dekh ke hasi aa rahi thi 😂,Positive,Negative,0.9905,True
bhai ek kite tree pe permanently settle ho gayi 😂,Negative,Neutral,0.7261,True
bhai terrace pe jaake pata chala sab already expert hain 😭,Negative,Neutral,0.5573,True
aaj ek book randomly mili aur first page hi interesting tha,Positive,Neutral,0.6432,False
maine ek chapter padha aur phir rukne ka mann hi nahi hua,Positive,Negative,0.9459,False
bhai ending ne pura mood change kar diya 😭,Positive,Negative,0.9952,False
book interesting hai but pace thoda slow hai,Neutral,Negative,0.5186,False
maine spoiler avoid karne ke liye internet se distance bana liya 😂,Positive,Negative,0.8073,True
"mujhe laga story predictable hogi, but nahi",Positive,Neutral,0.9965,False
"bhai villain ka point samajh aa raha hai, problem hai 😂",Neutral,Negative,0.8739,True
story mein ek twist ne sab change kar diya,Positive,Negative,0.5153,False
bhai us fact ka mujhe bilkul idea nahi tha,Positive,Neutral,0.8272,False
internet pe random facts rabbit hole start ho gaya 😂,Neutral,Negative,0.9818,True
bhai ye information useless hai but strangely interesting 😭,Positive,Negative,0.9041,True
mujhe random history facts unnecessarily addictive lagte hain,Positive,Negative,0.993,False
bhai ek video ne pura perspective change kar diya,Positive,Negative,0.9159,False
"maine bas ek fact search kiya tha, ab 14 tabs open hain 😂",Neutral,Negative,0.6644,True
ye documentary expected se emotional nikli,Positive,Negative,0.9684,False
bhai narrator ki voice hi itni calming hai 😭,Positive,Negative,0.7176,True
"mujhe laga topic boring hoga, actually kaafi interesting tha",Positive,Negative,0.9053,False
bhai internet pe curiosity ka koi end nahi hai 😂,Neutral,Positive,0.8866,True
aaj ek strange fact pata chala aur ab sabko bata raha hoon,Positive,Negative,0.9863,True
plan last minute change hua but honestly better ho gaya,Positive,Neutral,0.9366,False
"mujhe laga plan cancel hoga, suddenly sab ready the 😂",Positive,Negative,0.9735,True
bhai itinerary dekh ke lag raha hai hum vacation nahi marathon karne ja rahe hain,Negative,Neutral,0.6564,True
mujhe last-minute plans unexpectedly pasand aane lage hain,Positive,Negative,0.987,False
plan change hua aur actually timing better ho gayi,Positive,Neutral,0.6508,False
kisi ne weather check kiya tha ya bas optimism tha? 😂,Negative,Neutral,0.9445,True
bhai itinerary mein free time naam ki cheez hi nahi hai,Negative,Neutral,0.9948,True
aaj unexpectedly kisi naye place pe pahunch gaye,Positive,Neutral,0.5924,False
mujhe laga sab cancel karenge but surprisingly everyone showed up,Positive,Negative,0.7284,False
bhai plan ke screenshots hi 20 ho gaye hain 😭,Neutral,Negative,0.9841,True
bhai meri umbrella kisi aur ke saath exchange ho gayi lagta hai 😂,Neutral,Negative,0.9233,True
kisi ne meri bottle galti se le li aur phir wapas de di,Neutral,Negative,0.9835,False
aaj random coincidence hua aur main shock ho gaya,Positive,Neutral,0.9028,False
bhai hum dono same time same thought bol diye 😭,Positive,Negative,0.4044,False
ek stranger exactly wahi book carry kar raha tha jo main padh raha hoon,Positive,Neutral,0.9852,False
aaj ek hi colour ke teen cars continuously dikhe 😂,Neutral,Negative,0.9688,True
bhai jis person ke baare mein baat kar rahe the wahi saamne aa gaya 😭,Neutral,Negative,0.9772,True
maine kisi ko message karne ka socha aur uska message aa gaya,Positive,Neutral,0.9548,False
ek stranger ka outfit exact mere jaisa tha 😭,Neutral,Negative,0.9129,True
jis shop ka naam discuss kar rahe the wahi saamne aa gayi 😂,Positive,Negative,0.9886,True
coincidence ne aaj unnecessary entertainment provide kiya,Positive,Negative,0.9761,True
bhai universe kabhi kabhi overdramatic ho jata hai 😭,Neutral,Negative,0.99,True
"kisi ne mere shoes notice kiye, unexpected tha",Positive,Neutral,0.781,False
aaj stranger ne bola colour achha lag raha hai,Positive,Negative,0.6007,False
mujhe compliment accept karna abhi bhi awkward lagta hai,Neutral,Negative,0.8119,False
bhai stranger ne mera fallen paper collect kar diya 😭,Positive,Negative,0.9835,False
bhai mujhe laga woh sarcasm tha but apparently compliment tha 😭,Neutral,Negative,0.9054,True
aaj ek stranger ne directions itni clearly explain ki,Positive,Neutral,0.6719,False
bhai random kindness ne pura mood shift kar diya,Positive,Negative,0.9541,False
bhai duniya kabhi kabhi decent bhi ho jaati hai 😂,Positive,Negative,0.9773,True
aaj ek weird dream yaad reh gaya 😭,Neutral,Negative,0.9719,False
bhai mere dream ka plot kisi web series se bhi random tha,Neutral,Negative,0.6687,True
sapne mein main kisi unknown city mein tha 😂,Neutral,Negative,0.6498,False
mujhe dream ka ending abhi tak samajh nahi aaya,Neutral,Positive,0.9962,False
"aaj subah dream yaad tha, ab completely disappear ho gaya",Neutral,Negative,0.9901,False
"dream mein sab logical tha, uthte hi nonsense lagne laga 😂",Neutral,Negative,0.9912,True
random dream ne pura mood weird kar diya,Neutral,Negative,0.9839,False
mujhe lagta hai brain raat ko apni marzi chalata hai 😂,Neutral,Negative,0.9937,True
sapne mein impossible cheez normal lag rahi thi 😂,Neutral,Negative,0.8711,True
bhai brain ne random characters cast kar diye,Neutral,Negative,0.9192,True
aaj ek old dream suddenly yaad aa gaya,Neutral,Positive,0.9973,False
bhai sapne mein bhi phone use kar raha tha 😭,Neutral,Negative,0.9708,True
dream ka plot explain karun toh khud hi weird lagta hai,Neutral,Negative,0.9956,True
mujhe ek dream ka location strangely familiar laga,Neutral,Positive,0.9973,False
mujhe kisi perfume se ek purani jagah yaad aa gayi,Neutral,Negative,0.5425,False
bhai smell aur memories ka connection weirdly strong hota hai,Neutral,Positive,0.992,False
aaj ek random sound se pura old scene yaad aa gaya,Neutral,Positive,0.9891,False
bhai woh old ringtone sunke time travel ho gaya 😭,Positive,Negative,0.5115,True
mujhe old festivals ki woh specific smell yaad aa gayi,Positive,Neutral,0.6455,False
random memory literally out of nowhere aa gayi,Neutral,Positive,0.5479,False
bhai ek old advertisement ka tune abhi bhi brain mein saved hai 😂,Neutral,Negative,0.7944,True
"mujhe ek purani jagah ka exact smell yaad hai, weirdly",Neutral,Positive,0.4299,False
mujhe ek old nickname kisi ne bola aur instantly past yaad aa gaya,Positive,Negative,0.9382,False
bhai memories ka timing bhi ajeeb hota hai 😂,Neutral,Positive,0.9966,True
aaj bina reason ek purana moment yaad aa gaya,Neutral,Positive,0.9984,False
bhai maine aaj ek naya word suna aur ab woh weird lag raha hai 😂,Neutral,Negative,0.9607,True
kisi ne itna formal word use kiya ki conversation suddenly official lagne lagi,Neutral,Negative,0.575,True
aaj ek new slang seekhi,Positive,Neutral,0.9396,False
aaj kisi ne mujhe ek local saying samjhayi,Positive,Neutral,0.851,False
"bhai literal translation mat karna, meaning hi change ho jayega 😂",Neutral,Negative,0.893,True
bhai aaj moon unusually bright lag raha tha,Positive,Neutral,0.6925,False
moon dekh ke random photos lene ka mann kar gaya 😂,Positive,Negative,0.982,True
sky dekhte dekhte time ka pata hi nahi chala,Positive,Neutral,0.8674,False
bhai ek cloud bilkul elephant jaisa lag raha tha 😭,Positive,Negative,0.8977,True
stars count karne ka patience mere paas nahi hai 😂,Neutral,Negative,0.9128,True
sunset itna bright tha ki photo bhi proper nahi aa rahi,Positive,Negative,0.433,False
mujhe night sky dekhna unnecessarily calming lagta hai,Positive,Negative,0.9799,False
bhai sky dekh ke pata chala weather actually clear hai,Positive,Neutral,0.9634,False
random cloud formation ne mera attention le liya 😂,Positive,Negative,0.7501,True
aaj stars city ke beech bhi visible the,Positive,Neutral,0.9908,False
bhai nature free mein itna content de raha hai 😭,Positive,Negative,0.9935,True
"random ticket stub mila, memory instantly activate ho gayi",Positive,Neutral,0.6274,False
mujhe old handwritten lists dekhna weirdly interesting lagta hai,Positive,Negative,0.8363,False
bhai ek purani key mili aur ab curiosity ho rahi hai kiski thi 😂,Neutral,Negative,0.4911,True
bhai drawer mein memories ka archaeological site mil gaya 😭,Neutral,Negative,0.9626,True
old ticket dekh ke pura journey yaad aa gaya,Positive,Negative,0.9542,False
random old receipt ne unnecessary nostalgia de diya 😂,Positive,Negative,0.9872,True
old sticker dekh ke pata nahi kyun hasi aa gayi,Positive,Negative,0.9679,False
bhai ye box itne saal se kyun rakha hua hai 😂,Neutral,Negative,0.8797,True
ek old note mila jo ab bhi funny hai,Positive,Negative,0.9566,False
drawer clean karte hue unexpected memories milti rehti hain 😭,Neutral,Positive,0.9897,False
bhai old tickets throw karne ka mann hi nahi karta,Neutral,Negative,0.9271,False
random object ne aaj pura memory lane open kar diya,Positive,Negative,0.984,False
mujhe lagta hai meri drawers khud history preserve kar rahi hain 😂,Neutral,Negative,0.993,True
bhai aaj ek street cat ne mujhe ignore kar diya with full confidence,Neutral,Positive,0.5773,True
aaj ek squirrel balcony rail pe literally pose kar rahi thi 😂,Positive,Negative,0.8941,True
woh cat mujhe dekh ke bhi bilkul move nahi hui,Neutral,Negative,0.5197,True
bhai dog ne ball chhodi aur phir khud hi uske peeche bhaaga 😂,Positive,Negative,0.9799,True
squirrel ko food churaate hue pakda 😂,Positive,Negative,0.514,True
bhai pigeon ka confidence mujhse zyada hai,Neutral,Positive,0.9978,True
ek little puppy ko first time stairs explore karte dekha,Positive,Neutral,0.9955,False
bhai squirrel ne food liya aur bina thank you chale gayi 😂,Negative,Positive,0.7135,True
bhai nature ke characters ka attitude alag level ka hai 😂,Positive,Negative,0.7567,True
bhai ek uncle morning walk ko military training bana rahe the,Positive,Neutral,0.9575,True
park mein ek kid ne bubbles se pura area cover kar diya,Positive,Negative,0.5293,True
bhai kisi ne park bench pe pura snack setup bana rakha tha 😂,Neutral,Negative,0.8248,True
ek kid apni kite ke peeche full speed bhaag raha tha 😭,Positive,Negative,0.9859,True
bhai kisi ne cycle pe itna huge basket laga rakha hai 😂,Neutral,Negative,0.8568,True
bhai ek kid ne mujhe dekh ke random wave kiya 😭,Positive,Negative,0.9786,False
"ek kid ne cycle chalana finally seekh liya, sab clap kar rahe the",Positive,Negative,0.9945,False
bhai points collect karte karte reward mil hi gaya 😭,Positive,Negative,0.9912,False
"coupon actually valid nikla, rare win 😂",Positive,Neutral,0.9505,True
freebie cute tha but honestly useless 😂,Neutral,Negative,0.9576,True
bhai rewards system samajhne ke liye degree chahiye,Negative,Neutral,0.9972,True
aaj random handwritten sign dekha aur hasi aa gayi,Positive,Neutral,0.851,True
bhai kisi ne wall pe spelling mistake ke saath motivational quote likha 😂,Negative,Neutral,0.9114,True
bhai notice board pe kisi ne doodle bana diya,Positive,Negative,0.9243,True
aaj road sign ka sticker half peeled tha 😂,Neutral,Negative,0.952,True
bhai kisi ne wall pe “smile” likha aur side mein sad face bana diya 😭,Neutral,Negative,0.9466,True
random graffiti actually artistic lag rahi thi,Positive,Negative,0.9838,False
aaj ek handwritten note ne attention catch kiya,Positive,Neutral,0.6224,False
kisi ne tiny sticker se pura sign decorate kar diya,Positive,Negative,0.9873,True
mujhe random signs read karne ki weird habit hai 😂,Neutral,Negative,0.9736,True
bhai kisi ne warning ko poetry bana diya 😭,Positive,Negative,0.9933,True
Yaar ye suitcase ka wheel phir toot gaya 🙂,Negative,Neutral,0.9374,False
Mera luggage mujhse zyada travel kar raha hai,Negative,Positive,0.9915,True
Cab wala bol raha hai road band hai,Neutral,Negative,0.6724,False
Bhai ticket mere phone mein hi reh gaya aur battery 3% hai 😭,Negative,Neutral,0.677,False
Flight mein mere side wala banda already so gaya,Neutral,Negative,0.7614,False
Train mein ek aunty ne pura snacks distribute kar diya 😭,Positive,Negative,0.9761,False
Window ke bahar mountains dikh rahe hain yaar,Positive,Neutral,0.9872,False
Airport coffee ke paise dekh ke ghar ki chai yaad aa gayi,Negative,Neutral,0.9851,False
Flight ka announcement kuch samajh hi nahi aaya,Negative,Positive,0.9872,False
Bhai ye road toh map pe hai hi nahi,Negative,Neutral,0.5779,False
Hotel ka room photos se thoda alag hai 🙂,Negative,Positive,0.9278,True
Hotel mein hair dryer hai but kettle nahi 😭,Negative,Neutral,0.9903,False
Reception wale ne naam hi alag pronounce kar diya,Neutral,Negative,0.9897,False
Room service wale ne extra towel de diya 😂,Positive,Negative,0.9871,False
Hotel ke corridor ka carpet unnecessarily royal hai,Positive,Neutral,0.8471,True
Yaha WiFi password literally novel hai,Negative,Positive,0.5132,True
Hotel lobby mein live music chal raha hai,Positive,Neutral,0.9515,False
Yaar room number yaad nahi reh raha,Negative,Neutral,0.99,False
Bhai hotel ke breakfast mein itne options hain ki decision nahi ho raha,Positive,Neutral,0.9683,False
Guys mera parcel kisi aur building mein deliver ho gaya 😭,Negative,Neutral,0.9702,False
Packaging dekh ke hi lag raha hai expensive hoga 😂,Positive,Negative,0.9943,False
Bhai product photos mein kuch aur hi tha,Negative,Neutral,0.9929,False
Delivery guy building ke bahar khada hai but mujhe mil nahi raha,Negative,Neutral,0.9913,False
Bhai tracking location mere ghar se opposite direction mein ja rahi hai 😭,Negative,Neutral,0.6972,False
Finally replacement approve ho gaya,Positive,Neutral,0.4454,False
Yaar return pickup wale aaye hi nahi,Negative,Neutral,0.992,False
Mera parcel aaj expected tha apparently,Negative,Neutral,0.7823,False
Box pe naam mera hai product kisi aur ka 😂,Negative,Neutral,0.9118,False
Bhai packaging mein aadha cardboard hi nikla,Negative,Neutral,0.6543,True
"Discount dekh ke order kar diya, ab reason nahi pata",Positive,Negative,0.9925,True
"Parcel khol diya, ab return karne ka mann nahi kar raha 😂",Positive,Negative,0.9933,False
Bhai customer care se baat karna hi actual challenge hai,Negative,Neutral,0.7653,True
Mera parcel 3 cities cross karke wapas aa gaya,Negative,Positive,0.9748,True
Bhai clouds dekh ke lag raha hai kuch hone wala hai,Neutral,Negative,0.8738,False
Subah sunny tha ab full dark ho gaya,Neutral,Negative,0.9741,False
Bhai baarish exactly ghar se nikalte time start hui,Negative,Neutral,0.9415,True
Sunset yaha se unreal lag raha hai,Positive,Negative,0.9598,False
Bhai itni humidity mein hair ka koi future nahi,Negative,Neutral,0.7243,True
Aaj sky ekdum orange ho gaya tha,Positive,Neutral,0.9935,False
Bhai baarish ko timing naam ki koi cheez nahi pata,Negative,Neutral,0.774,True
Yaar sunrise dekhne layak tha,Positive,Neutral,0.8611,False
Bhai yaha fog mein saamne wala building bhi missing hai,Negative,Neutral,0.6582,True
Main abhi halfway pe hu wait,Neutral,Negative,0.9606,False
Movie 3 ghante ki hai kya bhai,Neutral,Negative,0.9755,False
Guys mujhe ending samajh nahi aayi,Negative,Positive,0.9958,False
Movie slow hai but visuals crazy hain,Positive,Neutral,0.6457,False
Bhai theatre mein ek banda pura movie explain kar raha tha,Negative,Neutral,0.7464,False
Ye plot twist toh bilkul nahi expect kiya,Positive,Negative,0.8173,False
Movie dekh ke abhi tak brain process kar raha,Neutral,Positive,0.9709,False
Ending thodi rushed nahi lagi?,Negative,Neutral,0.9969,False
Ye scene dekh ke pura theatre chup ho gaya,Neutral,Negative,0.988,False
Main trailer dekh ke hi sold ho gaya tha,Positive,Neutral,0.7064,False
Guys playlist mein kuch fresh songs daalo,Neutral,Positive,0.5453,False
Bhai headphones lagate hi duniya se disconnect ho gaya,Positive,Negative,0.9639,False
Bhai live version studio se better tha,Positive,Neutral,0.9856,False
Ye song ka chorus unnecessarily catchy hai 😂,Positive,Negative,0.9783,False
"Main bas ek song sunne gaya tha, pura album khatam ho gaya",Positive,Negative,0.9885,False
Aaj mood ke according music mil gaya,Positive,Neutral,0.93,False
Kisi ko karaoke karna hai? 😂,Positive,Negative,0.8179,False
Bhai live crowd ki energy alag hoti hai,Positive,Neutral,0.5088,False
Bhai host ne woh question exactly pooch liya jo main soch raha tha,Positive,Neutral,0.9823,False
Guys ye interview dekhna worth it hai,Neutral,Positive,0.998,False
Podcast 2 ghante ka hai bhai 😭,Negative,Neutral,0.7433,False
Bhai episode khatam hua aur mere paas naye questions aa gaye,Positive,Negative,0.9711,False
Main podcast sunte sunte walk pe nikal gaya,Positive,Neutral,0.9022,False
Podcast ka title dekh ke kuch aur expect kiya tha,Negative,Neutral,0.6848,False
Podcast sunte hue time ka pata nahi chala,Positive,Neutral,0.9947,False
Bhai recommendation algorithm aaj kaam kar gaya,Positive,Neutral,0.9699,False
Bhai ab main unnecessarily invested ho gaya,Positive,Negative,0.9815,False
Match haar gaye but game solid tha,Positive,Neutral,0.7835,False
Aaj court pe surprisingly crowd tha,Neutral,Positive,0.6987,False
Bhai warm-up se hi thak gaya hu 😂,Negative,Positive,0.4827,False
Main 20 min se same mission pe hu,Negative,Neutral,0.9946,False
Aaj random player ne mujhe carry kar diya 😂,Positive,Negative,0.9658,False
Bhai opponent ka aim suspiciously perfect hai 😂,Negative,Positive,0.9945,True
Guys tournament join karna hai kya?,Positive,Neutral,0.9986,False
Bhai character customization mein hi pura time chala gaya,Negative,Neutral,0.8579,False
Bhai photo mein background mein kya aa gaya 😭,Negative,Neutral,0.9309,False
Guys ye picture accidentally kaafi achhi aa gayi,Positive,Negative,0.9184,False
Camera low battery dikha raha hai,Negative,Neutral,0.6347,False
Guys camera clean karna padega lens pe kuch hai,Negative,Neutral,0.9974,False
Bhai candid photo mein expression dekh 😭,Neutral,Negative,0.9867,False
Main photo lene gaya tha aur bird udd gaya,Negative,Neutral,0.9873,False
Aaj clouds ka photo unnecessarily aesthetic hai,Positive,Negative,0.9655,False
Bhai photo click karne se pehle hi moment khatam ho gaya,Negative,Neutral,0.6813,False
Bhai yaha bargaining literally mandatory hai,Neutral,Positive,0.8245,False
Ye market raat mein aur lively ho jata hai,Positive,Neutral,0.8915,False
Guys spices ki smell pura street mein aa rahi,Positive,Neutral,0.7433,False
Bhai market mein lost hona surprisingly easy hai,Negative,Positive,0.9784,True
Guys yaha ka famous snack try karna hai?,Positive,Neutral,0.95,False
Bhai bargain karte karte mujhe khud discount mil gaya 😂,Positive,Negative,0.9105,False
Yaha har shop ka music alag chal raha hai 😭,Neutral,Negative,0.9448,False
Bhai ek shop mein literally sab kuch mil raha,Positive,Neutral,0.6049,False
Aaj ek cultural festival ka parade dekha,Positive,Neutral,0.9959,False
Guys yaha traditional music live chal raha hai,Positive,Neutral,0.9624,False
Guys food stalls pe insane queue hai,Negative,Neutral,0.8506,False
Bhai procession abhi tak khatam nahi hua 😂,Negative,Positive,0.5521,False
Ye traditional instrument ki sound alag hi hai,Positive,Neutral,0.6986,False
Guys lanterns dekhe? 🥹,Positive,Neutral,0.9954,False
Bhai raat mein pura area glow kar raha,Positive,Negative,0.9413,False
Ye decorations hand-made hain apparently,Positive,Neutral,0.906,False
Aaj ek international food try kiya,Positive,Neutral,0.9687,False
Bhai naam pronounce nahi hua but taste good tha 😂,Positive,Neutral,0.847,False
Guys ye sauce kaafi spicy hai,Negative,Positive,0.998,False
Bhai chopsticks ke saath meri izzat khatam ho gayi 😭,Negative,Positive,0.8554,True
Aaj first time ramen try kiya,Positive,Neutral,0.9969,False
Taste thoda unusual hai but not bad,Positive,Neutral,0.9349,False
Yaha portion size dekh ke shock ho gaya,Positive,Negative,0.9842,False
Ye noodles unexpectedly spicy nikle,Negative,Positive,0.9359,False
Guys dessert share karenge?,Positive,Neutral,0.993,False
Aaj ek local bakery discover hui,Positive,Neutral,0.9903,False
Guys kisi ko language exchange karna hai?,Positive,Neutral,0.9978,False
Aaj ek local word seekha,Positive,Neutral,0.9977,False
Bhai pronunciation practice karte karte tongue twist ho gaya,Negative,Neutral,0.9731,False
Aaj kisi stranger se local language mein baat karne ki try ki,Positive,Neutral,0.9976,False
Bhai usne appreciate kiya toh confidence aa gaya 😭,Positive,Negative,0.9477,False
Bhai subtitles ne meri jaan bacha li,Positive,Neutral,0.3927,True
Guys mera Bluetooth connect nahi ho raha,Negative,Neutral,0.9796,False
Bhai storage full ka notification aa gaya,Negative,Neutral,0.6862,False
Ye app bina reason location permission maang rahi,Negative,Neutral,0.7283,False
Bhai phone 1% pe hai aur charger nahi mil raha,Negative,Neutral,0.8694,False
Bhai storage clean karte karte important photo delete na ho jaye,Negative,Neutral,0.5579,False
Kisi ko volunteer karna hai weekend pe?,Positive,Neutral,0.9969,False
Bhai animal shelter visit ka plan hai,Positive,Neutral,0.9967,False
Aaj shelter mein puppies ke saath time spend kiya 🥹,Positive,Neutral,0.9962,False
Bhai ek old-age home visit karne ka plan bana rahe,Positive,Neutral,0.9906,False
Guys books donate karne hain toh batao,Positive,Neutral,0.863,False
Bhai donation box already full ho gaya,Positive,Neutral,0.8898,False
Bhai volunteers expected se zyada nikle,Positive,Neutral,0.5263,False
Kisi ko pottery try karni hai?,Positive,Neutral,0.9914,False
Guys painting workshop join karu kya?,Positive,Neutral,0.9985,False
Aaj first time pottery wheel use kiya,Positive,Neutral,0.9978,False
Bhai mera cup abstract art ban gaya 😂,Negative,Positive,0.9824,True
Guys plant sketch karne ka challenge karte hain,Positive,Neutral,0.995,False
Aaj clay se tiny cat banayi,Positive,Neutral,0.9967,False
Ye DIY idea video mein easy tha obviously 😂,Negative,Positive,0.8009,True
Aaj handmade bookmark banaya,Positive,Neutral,0.9564,False
Aaj ek random street cat mere peeche market tak aa gayi,Positive,Neutral,0.9846,False
Aaj ek parrot literally kisi ki ringtone repeat kar raha tha 😭,Positive,Negative,0.6168,False
Bhai squirrel ne mera snack chura liya,Negative,Neutral,0.9874,False
Guys birds ke liye water bowl rakhna hai,Positive,Neutral,0.9977,False
Aaj ek butterfly mere bag pe baith gayi,Positive,Neutral,0.9357,False
Guys ye puppy kitna tiny hai yaar 🥹,Positive,Neutral,0.8479,False
Aaj ek dog ne ball mere paas laake chhod di,Positive,Neutral,0.9952,False
"Bhai cat ko box chahiye tha, obviously 😂",Positive,Neutral,0.878,True
"Aaj street pe ek injured bird dekha, help kaise kare?",Negative,Neutral,0.9838,False
Bhai puppy ne shoelace ko toy bana liya,Positive,Neutral,0.9978,False
Aaj ek dog ka expression literally human jaisa tha,Positive,Neutral,0.99,False
Guys menu mein kuch samajh nahi aa raha,Negative,Positive,0.9377,False
Aaj ek tiny cafe mila jo street se bilkul hidden tha,Positive,Neutral,0.985,False
Ye place photos mein smaller lag raha tha,Negative,Neutral,0.7145,False
Bhai cafe ka dessert dekh ke order change kar diya,Positive,Neutral,0.9888,False
Guys outdoor seating better lag rahi,Positive,Neutral,0.9941,False
Bhai waiter ne recommendation di aur actually sahi thi,Positive,Neutral,0.9452,False
Aaj ek bookstore-cafe combo mila,Positive,Neutral,0.995,False
Guys yaha board games bhi hain,Positive,Neutral,0.9953,False
Guys next time yaha breakfast try karenge,Positive,Neutral,0.9572,False
Bhai place chhota hai but vibe achhi hai,Positive,Neutral,0.5489,False
Bhai aaj meteor shower visible hai apparently,Positive,Neutral,0.885,False
Guys constellation identify karne ka try karte hain,Positive,Neutral,0.9964,False
Aaj ek shooting star dekha I think 😭,Positive,Neutral,0.6523,False
Bhai city lights ki wajah se kuch dikh nahi raha,Negative,Positive,0.4725,False
Aaj night sky photography try karunga,Positive,Neutral,0.9545,False
Bhai telescope mein sab kuch ulta kyun dikh raha,Neutral,Negative,0.9471,False
Aaj sky unusually clear hai,Positive,Neutral,0.5757,False
Aaj first time constellation recognise kiya,Positive,Neutral,0.9962,False
Bhai space ka scale soch ke hi brain hang ho jata hai,Neutral,Negative,0.5745,False
Bhai last lap ka drama insane tha,Positive,Neutral,0.9596,False
Aaj race mein strategy ne pura game change kar diya,Positive,Negative,0.8736,False
Bhai pit stop literally blink karte miss ho gaya,Neutral,Negative,0.9812,False
Aaj final unexpectedly close ja raha,Positive,Negative,0.9764,False
Bhai last-minute goal ne pura stadium hila diya,Positive,Negative,0.9242,False
Guys cricket ke alawa koi sport bhi dekhta hai kya 😂,Neutral,Negative,0.8446,True
Bhai cyclist ka speed dekh ke shock ho gaya,Positive,Negative,0.8116,False
Guys race ka winner unexpected tha,Neutral,Positive,0.9477,False
Aaj stadium atmosphere alag hi level ka tha,Positive,Neutral,0.9893,False
Bhai crowd chant dimag mein atak gaya,Positive,Negative,0.9732,False
Bhai match ka ending script se likha hua lag raha tha,Positive,Neutral,0.9973,True
Bhai mujhe ek vintage jacket mil gayi,Positive,Neutral,0.9832,False
Guys second-hand books check karni hain,Neutral,Negative,0.4944,False
Yaha old vinyl records mil rahe hain,Positive,Negative,0.5291,False
Guys bargaining mein meri help kar dena,Neutral,Negative,0.9569,False
Bhai thrift store ka fitting room suspiciously tiny hai,Negative,Neutral,0.5946,False
Aaj flea market mein random collectibles mile,Positive,Neutral,0.9943,False
Bhai ek jacket mili aur exact meri size ki thi 😭,Positive,Neutral,0.8949,False
Guys antique postcards bhi hain yaha,Positive,Neutral,0.9829,False
Bhai second-hand books ki smell alag hi hoti hai 😂,Positive,Negative,0.9892,False
Guys next stall pe vinyl collection hai,Positive,Neutral,0.9911,False
Bhai meri watch 7 min fast chal rahi hai,Negative,Positive,0.9952,False
Aaj clock change karna bhool gaya,Negative,Neutral,0.9726,False
Aaj pura din Monday jaisa feel ho raha,Negative,Neutral,0.9898,True
Guys koi bata do aaj actually konsa day hai 😭,Neutral,Negative,0.7921,False
"Wah bhai kya timing hai, jaise duniya isi moment ka wait kar rahi thi 😂",Positive,Negative,0.8356,True
"Haan bilkul, meri kismat toh already fan club bana chuki hai 🙂",Negative,Positive,0.9977,True
"Great, exactly isi problem ki kami thi meri life mein 💀",Negative,Positive,0.9981,True
"Kya confidence hai bhai, facts se koi lena dena hi nahi",Negative,Positive,0.9944,True
"Bilkul sahi, galat hone ka bhi apna standard hota hai 😂",Negative,Positive,0.9785,True
"Haan kar le, consequences toh hum baad mein collectively dekhenge",Neutral,Negative,0.9902,True
"Amazing, ek aur cheez unnecessarily complicated ho gayi",Negative,Positive,0.9981,True
"Kya talent hai, simple cheez ko project bana diya",Negative,Positive,0.9937,True
"Haan ye idea definitely safe lag raha hai, bilkul bhi nahi",Negative,Neutral,0.7055,True
"Wah bhai, bina context ke conclusion bhi nikal diya",Negative,Positive,0.7984,True
"Great, ab bas ek aur notification aa jaye toh din complete",Negative,Positive,0.9984,True
Tumne jo suggest kiya uske baad mujhe silence meaningful lagne laga,Negative,Positive,0.9968,True
"Perfect, ab situation aur interesting ho gayi hai",Negative,Positive,0.9965,True
Tumhara plan sunke backup plan ne khud bana liya backup,Negative,Neutral,0.9862,True
"Koi baat nahi, mistakes bhi toh personality develop karti hain",Positive,Negative,0.9207,True
Tumhare bina shayad ye problem simple reh jaati,Negative,Positive,0.9871,True
"Wah, ekdum unexpected... exactly wahi hua jo expected tha",Neutral,Positive,0.9953,True
Bhai tera confidence dekh ke facts insecure ho gaye,Positive,Negative,0.9965,True
"Kya strategy hai, opponent bhi confuse ho gaya hoga",Positive,Negative,0.9819,True
"Wah kya explanation, NASA ko bhej dena",Positive,Negative,0.5623,True
Tumne simple question ka documentary bana diya,Negative,Neutral,0.4232,True
"Great, ab mujhe ye bhi seekhna padega",Negative,Positive,0.9986,True
"Wah, solution dekh ke problem khud confused hogi",Positive,Negative,0.9687,True
"Wah 2% battery aur 40 notifications, perfect combination",Negative,Positive,0.9946,True
"Haan bhai restart kar diya, ab NASA ka server bhi chal jayega",Positive,Negative,0.925,True
Storage full hai but memories delete karne ki himmat nahi 🙂,Negative,Neutral,0.9743,True
Camera ne aaj decide kiya ki photos optional hain,Negative,Neutral,0.9861,True
"Wah battery 100%, abhi dekhna 20 min mein 60 ho jayegi",Negative,Positive,0.9957,True
"Phone hang nahi hua, bas spiritual pause le raha hai",Negative,Neutral,0.9549,True
"Haan notification clear karte karte naye aa gaye, productive day",Negative,Positive,0.997,True
"Wah screen freeze, exactly jab important tha",Negative,Neutral,0.9867,True
"Haan WiFi connected hai, bas internet se personal disagreement hai",Negative,Neutral,0.9914,True
"Phone storage clean karne gaya tha, ab purani photos dekh raha hu",Neutral,Negative,0.5638,False
"Battery saver on kar diya, ab phone mujhe hi save kar raha",Positive,Negative,0.8653,True
"Great, charging cable ne bhi aaj leave le li",Negative,Positive,0.7186,True
"System hang nahi hua, bas meditation mode mein hai",Negative,Neutral,0.9932,True
"Wah kya fast internet hai, page abhi bhi loading pe hai",Negative,Positive,0.9961,True
"Bluetooth speaker connect ho gaya, civilization saved",Positive,Neutral,0.8961,True
Notification itni aayi ki phone ne mujhe social life de di,Positive,Negative,0.9854,True
Wah screen protector exactly corner se toot gaya,Negative,Positive,0.9781,True
Aaj traffic itna smooth tha ki mujhe doubt ho gaya,Positive,Negative,0.908,True
"Google Maps ne bola 20 min, road ne bola good luck",Negative,Neutral,0.9453,True
Road pe itne potholes hain ki free roller coaster mil raha,Negative,Neutral,0.5432,True
Cab location dekh ke lag raha driver parallel universe mein hai,Negative,Neutral,0.9966,True
"Haan 5 min door hai, bas kaunsa direction nahi bataya",Negative,Neutral,0.5311,True
"Traffic mein stuck hu, at least scenery toh repeat ho rahi hai",Negative,Neutral,0.8739,True
Auto wale ne destination sunke expression hi change kar diya,Negative,Neutral,0.7887,True
"Wah road repair finally start hua, monsoon ke baad bas",Negative,Positive,0.9781,True
Parking ke liye itna ghooma ki petrol hi destination ban gaya,Negative,Neutral,0.9287,True
"Delivery status bol raha hai nearby, bhai kaha nearby",Negative,Neutral,0.9979,True
Box khola aur andar hawa premium quality ki thi,Negative,Neutral,0.6578,True
Packaging itni secure thi ki product nikalna mission ban gaya,Negative,Positive,0.5713,True
"Haan size chart follow kiya tha, apparently chart hi galat tha",Negative,Neutral,0.8471,True
Product photo aur actual item ki long-distance relationship hai,Negative,Neutral,0.9826,True
"Wah discount mila, shipping ne sab recover kar liya",Negative,Positive,0.8038,True
"Customer support ne bola “we understand”, obviously problem solved",Negative,Positive,0.9896,True
"Parcel wrong address pe gaya, adventure successful raha",Negative,Neutral,0.7295,True
Tracking update 3 din se same jagah meditation kar raha,Negative,Neutral,0.9781,True
"Delivery attempt hua apparently, mere ghar ko pata nahi tha",Negative,Neutral,0.9977,True
"Box pe fragile likha tha, apparently decorative tha",Negative,Neutral,0.9906,True
"Wah colour bilkul same hai, bas naam bhi different hai",Negative,Neutral,0.9224,True
"Product finally mila, ab dekhte hain regret kitna hota hai",Negative,Positive,0.9716,True
"Great service, mujhe bas service milni baaki hai",Negative,Positive,0.9882,True
"Restaurant ne table 10 min mein bola, hum 35 min se khade hain",Negative,Neutral,0.9626,True
Bill dekh ke food ka taste retrospectively change ho gaya,Negative,Neutral,0.9939,True
"Haan portion “generous” tha, plate ke liye",Negative,Neutral,0.9972,True
"Waiter ne spicy bola tha, tongue ne confirm kar diya",Negative,Neutral,0.691,False
"Restaurant ka ambience mast hai, bas khana bhi mil jaye",Negative,Positive,0.8584,True
Wah complimentary water ke saath complimentary wait bhi mil raha,Negative,Neutral,0.8165,True
Food photo aur actual plate ka breakup ho chuka hai,Negative,Neutral,0.9779,True
"Haan dessert share karenge, emotional attachment ke saath",Positive,Neutral,0.8513,True
Restaurant itna aesthetic hai ki khana secondary lag raha,Positive,Neutral,0.7467,True
"Wah waiter ne exact order yaad rakha, unlike us",Positive,Negative,0.7146,True
"Food aane mein bas “thoda” time laga, 50 min ka",Negative,Neutral,0.9909,True
Portion dekh ke lag raha starter ne main course ko replace kar diya,Negative,Neutral,0.814,True
Restaurant ka fan mujhse zyada hawa de raha,Negative,Positive,0.9976,True
"Great, bill mein woh item bhi hai jo order hi nahi kiya",Negative,Positive,0.9751,True
Airport pe security line dekh ke vacation ka excitement revise ho gaya,Negative,Positive,0.9975,True
"Wah gate exactly opposite side hai, cardio complimentary",Negative,Positive,0.9502,True
"Flight delay hua, airport explore karne ka free opportunity mil gaya",Negative,Neutral,0.8054,True
Boarding start hone se pehle hi announcement 4 baar ho gaya,Negative,Neutral,0.9893,True
"Haan seat window hai, window se wall dikh rahi hai",Negative,Neutral,0.997,True
Flight mein legroom itna hai ki knees ko new address chahiye,Negative,Neutral,0.6837,True
Luggage belt pe wait karna bhi airport attraction hai apparently,Negative,Neutral,0.9196,True
Airport food ka bill dekh ke ticket cheap lagne laga,Negative,Neutral,0.9969,True
Flight announcement samajhne ke liye subtitles chahiye,Negative,Neutral,0.9972,True
"Gate change hua, steps count bhi increase ho gaye",Negative,Neutral,0.973,True
"Plane mein baby nahi ro raha, aaj universe kind hai",Positive,Neutral,0.9978,True
"Wah boarding queue perfectly organised hai, bas log nahi",Negative,Positive,0.7722,True
"Luggage aa gaya, ab bas destination tak pahunchna baaki hai",Positive,Negative,0.9953,False
"Flight mein WiFi mila, bas internet nahi mila",Negative,Neutral,0.997,True
"Haan seat comfortable hai, agar legs fold kar lo toh",Negative,Neutral,0.9695,True
"Hotel room ka view mast hai, bas construction site bhi visible hai",Negative,Positive,0.7529,True
"Haan WiFi free hai, password paid jaisa complicated hai",Negative,Neutral,0.99,True
"Hotel breakfast mein options hain, bas edible kya hai samajh nahi aa raha",Negative,Neutral,0.9876,True
Shower ka control NASA training ke bina nahi samajh aata,Negative,Neutral,0.9864,True
"Wah checkout 11 baje, sleep schedule ka best friend",Negative,Positive,0.9971,True
"Haan room “cozy” hai, suitcase ko bahar rehna padega",Negative,Positive,0.6168,True
Room mein AC ka temperature ya toh Antarctica hai ya desert,Negative,Neutral,0.9975,True
Hotel ka carpet dekh ke lag raha hai history yahin hui thi,Negative,Neutral,0.5273,True
"Wah towel itna tiny hai, confidence bada hona chahiye",Negative,Positive,0.9888,True
"Reception ne bola 5 min, hotel time apparently different timezone hai",Negative,Neutral,0.9929,True
"Haan room clean hai, bas table pe mystery object hai",Negative,Neutral,0.9967,True
"Room mein kettle hai, ab survival officially possible hai",Positive,Neutral,0.5275,True
Checkout ke baad pata chala charger room mein reh gaya,Negative,Neutral,0.9934,False
"Weather app ne bola sunny, sky ne personally disagree kiya",Negative,Neutral,0.9744,True
Wah baarish exactly jab laundry dry hui,Negative,Positive,0.965,True
Umbrella ghar pe chhodna aur clouds ko invite karna same thing hai,Negative,Neutral,0.9913,True
"Haan temperature pleasant hai, bas sun directly face pe hai",Negative,Neutral,0.9934,True
Wah thunder ne free concert start kar diya,Negative,Positive,0.9634,True
"Aaj hawa achhi chal rahi, nature ne mercy dikha di",Positive,Negative,0.7172,True
"Haan umbrella le gaya tha, isliye obviously rain nahi hui",Positive,Neutral,0.9918,True
Weather app ko mere plans personally pasand nahi,Negative,Neutral,0.7615,True
Wah fog itni hai ki saamne ka building bhi surprise hai,Negative,Positive,0.9962,True
Aaj sun ne full attendance lagayi hai,Negative,Neutral,0.9944,True
Haan jacket pehni aur weather instantly warm ho gaya,Negative,Positive,0.6285,True
"Raincoat pehna aur sky clear, classic",Negative,Neutral,0.994,True
Weather ne aaj mood swings ka demo diya,Negative,Neutral,0.6212,True
"Wah movie ka ending, meri expectations ko finally hurt kar diya",Negative,Positive,0.9828,True
"Haan villain ka plan toh obviously flawless tha, bas 17 loopholes the",Negative,Neutral,0.7259,True
"Movie 3 ghante ki thi, patience 1 ghante ka",Negative,Neutral,0.8895,True
Background music ne scene se zyada acting kar li,Positive,Neutral,0.6776,True
"Theatre mein ek banda pura dialogue pehle bol raha tha, complimentary subtitles",Negative,Neutral,0.9817,True
Ending itni open hai ki ab audience hi writer hai,Neutral,Negative,0.41,True
"Haan character development amazing tha, character bas wahi tha",Negative,Positive,0.994,True
"Movie slow nahi thi, bas time ko respect kar rahi thi",Negative,Neutral,0.9089,True
Trailer mein jo best scene tha woh movie mein 8 seconds ka tha,Negative,Positive,0.9919,True
"Haan acting natural thi, matlab bilkul expression nahi",Negative,Neutral,0.9849,True
Movie dekh ke ek hi thought aaya: subtitles better story suna rahe,Negative,Neutral,0.5278,True
"Music video mein story dhoondhne gaya tha, fashion show mil gaya",Neutral,Negative,0.5859,True
"Song 3 min ka tha, loop ne 2 ghante bana diye",Positive,Negative,0.9439,False
"Bhai algorithm mujhe mujhse zyada jaanta hai, scary hai",Positive,Negative,0.9807,True
Song ka chorus 20 baar sunne ke baad bhi irritatingly good hai,Positive,Negative,0.8325,True
"Music app ne meri mood ke according sad song chala diya, thank you",Negative,Positive,0.9985,True
"Great, ad exactly beat drop pe aa gaya",Negative,Positive,0.9982,True
"Haan playlist perfect thi, bas ek hi song repeat ho raha",Negative,Positive,0.9978,True
Wah live version ne studio version ko unnecessary insecure kar diya,Positive,Negative,0.992,True
"Haan bas ek song sunna tha, album khatam kar diya",Positive,Negative,0.9953,False
Internet ne exactly meeting ke time decide kiya ki enough ho gaya,Negative,Neutral,0.942,True
WiFi speed itni fast hai ki page next century mein load hoga,Negative,Positive,0.9849,True
"Haan connection stable hai, bas every 3 minutes disconnect hota",Negative,Neutral,0.8357,True
"Video call pe face freeze hua, at least expression permanent hai",Negative,Neutral,0.9304,True
"Internet provider ko call kiya, unhone bola restart karo, revolutionary advice",Negative,Positive,0.6761,True
Haan server down hai but status page says everything normal,Negative,Neutral,0.9861,True
"Printer ne page print kar diya, technology ne aaj support kiya",Positive,Neutral,0.9971,True
"Ink full thi, printer ne decide kiya black invisible hai",Negative,Neutral,0.9941,True
Scanner ne document ko abstract art bana diya,Negative,Neutral,0.7703,True
"File save ki thi, software ne save ko optional samjha",Negative,Neutral,0.9822,True
"Laptop ne update poocha aur maine obviously yes bol diya, because patience hai",Negative,Neutral,0.7892,True
"Keyboard ka ek key hi kaam nahi kar raha, baaki sabka confidence high hai",Negative,Positive,0.9787,True
Printer ka paper jam exactly first page pe hua,Negative,Neutral,0.9984,True
"Haan opponent ne meri queen le li, friendship over",Negative,Neutral,0.9771,True
"Haan ek round aur, famous last words",Neutral,Positive,0.9539,True
Opponent ka aim dekh ke lag raha training nahi future vision hai,Positive,Neutral,0.993,True
"Game ka tutorial 40 min ka tha, game 20 min ka",Negative,Neutral,0.9753,True
"Opponent ne mujhe hara diya, ab respect automatically generate ho gayi",Positive,Negative,0.634,True
"Haan strategy simple thi, bas mere dimaag ko samajh nahi aayi",Negative,Positive,0.9869,True
Character itna customize kiya ki actual game khelna bhool gaya,Neutral,Negative,0.9922,True
"Team ne bola easy match hai, humne obviously maan liya",Negative,Neutral,0.887,True
"Wah lighting perfect thi, bas subject main tha",Negative,Positive,0.9927,True
Photo click karte hi bird ne decide kiya flight important hai,Negative,Positive,0.9612,True
"Gallery mein 300 photos hain, usable 2",Negative,Neutral,0.9776,True
"Group photo mein sabko dekh ke lag raha hai ek banda missing hai, obviously main",Negative,Neutral,0.9284,True
Wah selfie camera ne aaj honesty dikhayi,Negative,Positive,0.9817,True
"Sunset photo mein sunset hi nahi aa raha, artistic choice hai",Negative,Neutral,0.9647,True
"Haan pose natural tha, bas 15 attempts lage",Positive,Neutral,0.9978,True
"Great, kisi ne photo kheechi aur mera face exactly blink mode mein tha",Negative,Positive,0.9948,True
Camera roll dekh ke lag raha hai main professional photographer hu,Positive,Neutral,0.9287,True
Lighting ne mujhe personally betray kiya,Negative,Positive,0.996,True
"Photo lene gaya tha, memory bana ke aa gaya",Positive,Neutral,0.6616,False
Camera battery ne exactly important moment pe goodbye bola,Negative,Positive,0.9929,True
"Market mein bargain karna seekh liya, ab confidence unnecessarily high hai",Positive,Negative,0.9932,False
"Haan bas dekhne aaye the, bag mein shopping kaise aa gayi",Positive,Negative,0.9639,True
Bargaining mein 20 rupees bacha ke khud ko billionaire feel kar raha,Positive,Neutral,0.5482,True
Haan shop chhoti hai but andar pura universe fit hai,Positive,Neutral,0.8254,True
Bhai bargaining karte karte seller ka birthday bhi pata chal gaya,Positive,Negative,0.9089,True
Wah yaha har cheez “last piece” hai,Negative,Positive,0.9981,True
"Haan discount mila, bas 4 items kharidne ke baad",Negative,Neutral,0.9118,True
Market mein direction naam ki koi facility nahi hai,Negative,Neutral,0.9918,True
"Seller ne bola original hai, packaging ne kuch aur bola",Negative,Neutral,0.9373,True
"Haan price negotiable hai, apparently meri self-respect bhi",Negative,Positive,0.7828,True
Shopkeeper ne mujhe dekh ke tourist ka label laga diya,Neutral,Negative,0.8824,True
Wah crowd itna hai ki shopping ke saath free body massage,Negative,Positive,0.5031,True
Weather ke saath umbrella ka relationship toxic hai,Negative,Neutral,0.9604,True
Clouds ne full buildup diya aur ending cancel kar di,Neutral,Negative,0.9946,True
Wah sunlight ne aaj direct personal attack kiya,Negative,Neutral,0.6416,True
"Haan jacket le gaya, weather ne usko decorative bana diya",Negative,Neutral,0.6566,True
"Fog mein drive karna, visibility ko optional samajhna hai",Negative,Neutral,0.9286,True
Rain ke baad humidity ne final boss entry le li,Negative,Neutral,0.9883,True
"Aaj hawa chal rahi thi, nature ne apology accept kar li",Positive,Negative,0.9974,True
"Baarish start hote hi laundry balcony mein thi, obviously",Negative,Neutral,0.9706,True
"Haan umbrella chhota tha, rain ka confidence bada",Negative,Neutral,0.9694,True
Raincoat pehna aur rain ne personal respect de di,Positive,Neutral,0.9871,True
"Haan forecast “light rain” tha, road disagree kar rahi",Negative,Neutral,0.8181,True
"Clouds ka aesthetic bahut achha hai, bas rain thodi kam ho",Positive,Neutral,0.728,False
"Aaj weather unpredictable nahi, openly chaotic hai",Negative,Neutral,0.9565,True
Wah ticket price dekh ke event already entertaining lag raha,Negative,Positive,0.9973,True
"Event start hone ka time tha, organisers abhi aa rahe",Negative,Neutral,0.9934,True
"Haan registration smooth tha, sirf 45 min lage",Negative,Positive,0.523,True
Stage setup dekh ke lag raha hai event actually hone wala hai,Positive,Neutral,0.7137,True
"Event mein chairs hain, bas enough nahi hain",Negative,Neutral,0.9927,True
"Haan schedule 4 baje ka tha, Indian standard time apparently",Negative,Neutral,0.9941,True
Crowd dekh ke lag raha free tha,Positive,Negative,0.967,True
Event ka highlight registration queue hi thi,Negative,Neutral,0.5673,True
Speaker ne 5 min bola aur 40 min ka presentation de diya,Negative,Neutral,0.9865,True
"Haan certificate mil gaya, ab wall ko reason mil gaya",Positive,Neutral,0.7851,True
Wah photographer ne exact blink moment capture kiya,Negative,Positive,0.9954,True
"Event free tha, patience ka payment dena pada",Negative,Neutral,0.9263,True
"Event mein food mila, ab purpose samajh aa gaya",Positive,Neutral,0.9904,True
"Wah event “short and crisp” tha, bas 5 ghante ka",Negative,Positive,0.9897,True
"Museum mein painting dekhi, price dekh ke art aur valuable lagne laga",Negative,Positive,0.9676,True
Wah statue itna old hai ki history bhi tired hogi,Positive,Negative,0.995,True
"Guide ne 20 min ka tour bola, hum abhi second room mein hain",Negative,Neutral,0.9977,True
"Haan ye artifact original hai, apparently trust me bro",Neutral,Positive,0.9681,True
Gallery mein silence itna hai ki footsteps bhi loud lag rahe,Neutral,Negative,0.9926,False
"Haan painting simple hai, bas price crore mein hai",Negative,Neutral,0.9854,True
Museum map dekh ke laga maze mein aa gaya hu,Negative,Neutral,0.9757,True
"Wah ancient object itna small hai, expectations bhi adjust karni padi",Neutral,Negative,0.9621,True
Museum shop mein souvenirs actual exhibits se zyada tempting hain,Positive,Neutral,0.9637,True
"Haan photo allowed nahi hai, memory ke liye imagination use karo",Negative,Neutral,0.9653,True
Wah AC itna cold hai ki artifacts bhi preserve ho rahe,Positive,Negative,0.8255,True
Museum ka staircase history se zyada challenging hai,Negative,Neutral,0.9164,True
"Haan tour khatam hua, ab pata chala second floor bhi tha",Negative,Neutral,0.9964,True
"Painting ko samajhne ke liye imagination chahiye, mere paas battery bhi nahi",Negative,Neutral,0.8437,True
"Train platform change hua, cardio department active",Negative,Neutral,0.9915,True
"Haan train 10 min late hai, railway ne personal update bheja",Negative,Neutral,0.8456,True
Coach number dekh ke luggage bhi confuse ho gaya,Negative,Neutral,0.6964,True
"Wah seat exactly window hai, window ke saamne pillar hai",Negative,Neutral,0.9608,True
"Train mein charging point hai, bas working nahi hai",Negative,Neutral,0.9954,True
"Haan berth mil gayi, ab ladder se friendship karni hai",Neutral,Negative,0.982,True
Train ka horn sunke sleep schedule officially over,Negative,Positive,0.966,True
"Haan coach mein space hai, bas human density thodi zyada hai",Negative,Neutral,0.962,True
Seat exchange ke liye 4 logon ka negotiation ho gaya,Negative,Neutral,0.9979,True
Train ka AC Antarctica level pe hai,Negative,Neutral,0.9982,True
"Train journey mein time ka pata hi nahi chala, surprisingly",Positive,Neutral,0.8167,False
"Haan seat comfortable thi, agar bag ko pillow bana lo toh",Negative,Neutral,0.9955,True
"Book ka cover amazing hai, content abhi negotiation mein hai",Neutral,Positive,0.9653,True
"Haan sirf ek chapter padhunga, famous lie",Neutral,Positive,0.733,True
Bookstore mein jaake bina kharide nikalna apparently impossible hai,Positive,Negative,0.9234,True
"Wah bookmark mila, book abhi tak nahi mili",Negative,Positive,0.9892,True
"Haan reading list short hai, bas 27 books ki",Negative,Neutral,0.9216,True
Book ka ending dekh ke writer se meeting chahiye,Negative,Neutral,0.9627,True
"Wah cover pe “quick read” likha hai, 500 pages ke liye",Negative,Neutral,0.7616,True
"Haan novel mein 4 narrators hain, simplicity maintained",Negative,Neutral,0.9863,True
"Haan book interesting hai, isliye ab responsibilities irrelevant lag rahi",Positive,Neutral,0.9885,True
Library se ek book lene gaya aur recommendation list leke aaya,Positive,Neutral,0.5809,False
"Gardening peaceful hai, until ants join the meeting",Negative,Neutral,0.8325,True
"Wah pot finally clean hai, ab mitti wapas failani hai",Neutral,Positive,0.9283,True
"Haan plant grow kar raha hai, meri responsibilities bhi",Positive,Neutral,0.8859,True
"Garden mein ek random butterfly aa gayi, aesthetic upgrade",Positive,Neutral,0.9507,False
"Plant ko sunlight dene gaya, weather ne rain start kar di",Negative,Neutral,0.9877,True
"Gardening tutorial easy tha, meri reality nahi",Negative,Neutral,0.8268,True
Garden clean karte karte old toys mil gaye,Positive,Neutral,0.4978,False
Haan plant ko daily check kar raha hu jaise stock market ho,Positive,Neutral,0.9974,True
"Dog ne mujhe dekh ke tail wag ki, promotion mil gaya",Positive,Negative,0.8658,True
"Cat ne ignore kiya, clearly uska loss hai",Positive,Negative,0.9915,True
Dog ne ball laayi aur main officially employee ban gaya,Positive,Negative,0.7978,True
"Cat box ke andar baithi hai, obviously box hi main attraction hai",Positive,Neutral,0.9942,True
Bird feeder lagaya aur birds ne 10 min mein discover kar liya,Positive,Neutral,0.9831,False
"Haan puppy cute hai, but shoelaces ka future doubtful hai",Negative,Neutral,0.5523,True
"Cat ko bed diya, usne cardboard choose kar liya",Positive,Neutral,0.9874,True
Wah parrot ne meri ringtone copy kar li,Positive,Negative,0.8821,False
Pigeon ne balcony ko personal property declare kar diya,Negative,Neutral,0.7884,True
"Puppy ko toy diya, box mein interest hai",Positive,Neutral,0.7864,True
"Haan cat mujhe ignore kar rahi, relationship healthy hai",Positive,Negative,0.9902,True
"Dog park mein sab dogs social hain, humans bhi try kar rahe",Positive,Neutral,0.9211,True
Cat ne camera dekha aur immediately model mode on,Positive,Neutral,0.982,True
Animals ke plans humans se zyada organised hote hain apparently,Positive,Neutral,0.9656,True
"Haan bas ek postcard lena tha, bag full ho gaya",Negative,Neutral,0.7608,True
"Gift wrap ke paise alag, emotional damage free",Negative,Neutral,0.8782,True
"Haan handmade hai, price bhi handcrafted hai",Negative,Neutral,0.9148,True
"Shopkeeper ne “best price” bola, wallet ne laugh kiya",Negative,Positive,0.9912,True
Tourist shop ka main attraction apparently tourists hain,Negative,Neutral,0.9678,True
"Haan gift lena tha, khud ke liye le aaya",Positive,Neutral,0.6638,True
Wah postcard pe stamp lagana bhi adventure ban gaya,Neutral,Positive,0.9953,True
"Haan budget maintain hua, technically bas definition change hui",Negative,Neutral,0.9434,True
"Gift choose karna easy tha, bas 300 options the",Negative,Neutral,0.8926,True
"Wah cashier ne exact change diya, rare achievement",Positive,Negative,0.9505,True
"Tourist map free tha, finally economy ne support kiya",Positive,Neutral,0.6437,True
"Souvenir lene gaya tha, local history bhi le aaya",Positive,Neutral,0.7236,False
Wah headlines dekh ke duniya bilkul peaceful lag rahi,Negative,Positive,0.9985,True
News app ne 20 notifications bhej ke global responsibility de di,Negative,Neutral,0.7536,True
"Haan ek aur breaking news, apparently duniya rukti nahi",Negative,Positive,0.9701,True
Bhai world politics samajhne ke liye dictionary chahiye,Negative,Neutral,0.9631,True
"Haan experts disagree kar rahe hain, normal day hai",Neutral,Negative,0.8304,True
"Haan headlines positive hain, comments section ne balance kar diya",Negative,Neutral,0.9922,True
"News mein ek achhi story bhi mil gayi, rare species",Positive,Negative,0.854,True
International updates dekh ke lag raha hai sleep is the better option,Negative,Neutral,0.81,True
News ka fact-check section kabhi kabhi main entertainment ban jata,Positive,Negative,0.6572,True
Bhai headlines padh ke mujhe geography bhi revise karni pad gayi,Neutral,Negative,0.9894,True
"Wah duniya mein kuch normal hua, notification nahi aaya",Positive,Negative,0.9709,True
Visa form ne meri poori life ka autobiography maang li,Negative,Neutral,0.4666,True
Immigration officer ne itne questions puche jaise main country lene aaya hu,Negative,Neutral,0.9839,True
Currency exchange wale ne rate bataya aur meri smile exchange ho gayi,Negative,Neutral,0.7602,True
Bhai local language nahi aati but confidence international hai,Positive,Neutral,0.9944,True
Google Translate ne sentence translate karke aur mysterious bana diya,Negative,Positive,0.9895,True
Tourist map dekh ke lag raha hai main khud hi landmark hu,Neutral,Negative,0.958,True
"Hotel ke bahar local market mila, ab itinerary ka kya kaam",Positive,Neutral,0.9946,True
Currency convert ki aur pata chala main yahan rich nahi hu,Negative,Neutral,0.9898,True
Local bus ka route samajhna ek alag international exam hai,Negative,Neutral,0.9878,True
"Taxi driver ko address dikhaya, unhone mujhe hi address samjha",Negative,Neutral,0.9953,True
Foreign supermarket mein sab familiar lagta hai until price tag dekho,Negative,Neutral,0.5796,True
Local SIM activate karne mein nationality change karna easy lag raha,Negative,Neutral,0.9966,True
Travel insurance brochure padh ke trip se zyada dangers interesting lage,Negative,Neutral,0.7585,True
Tourist banne ka sabse bada proof camera neck pe latkana hai,Positive,Neutral,0.9658,True
Currency notes itne colourful hain ki wallet museum lag raha,Positive,Negative,0.7717,False
"Border crossing smooth tha, aaj system ne respect de di",Positive,Negative,0.6359,True
"Travel plan mein 12 places hain, reality mein 2 hi possible hain",Negative,Neutral,0.9979,True
City centre mein walking tour ne free mein 15k steps de diye,Positive,Neutral,0.9764,True
Tourist attraction ke saamne photo lene se zyada logon ko dodge karna pada,Negative,Neutral,0.7532,True
Local market mein bargaining language automatically aa gayi,Positive,Neutral,0.9508,True
Currency ka change calculate karte karte asli shopping bhool gaya,Negative,Neutral,0.8956,True
"Travel vlog dekh ke jagah easy lagi thi, reality ne cardio karwa diya",Negative,Neutral,0.7111,True
"Airport lounge mein entry mili, ab main international businessman feel kar raha",Positive,Neutral,0.9598,True
"Destination beautiful hai, bas mera budget uske against hai",Negative,Positive,0.9618,True
"Foreign ATM ne card accept kar liya, relationship official hai",Positive,Neutral,0.998,True
Airport security ne bag khola aur meri packing ki reality saamne aa gayi,Negative,Neutral,0.784,True
Cricket match mein ek over ne pura mood change kar diya,Positive,Negative,0.9689,False
Bhai scoreboard dekh ke confidence bhi run rate ke saath fluctuate ho raha,Negative,Neutral,0.9212,True
Bowler ne yorker dali aur batsman ka career temporarily pause ho gaya,Negative,Neutral,0.5367,True
Stadium mein crowd ka volume speakers se zyada tha,Positive,Neutral,0.9935,True
"Match dekhne gaya tha, nationalism complimentary mil gaya",Positive,Neutral,0.986,True
Umpire ka decision dekh ke poora stand expert ban gaya,Negative,Neutral,0.8165,True
Last ball pe heartbeat ne overtime kar liya,Negative,Neutral,0.7498,False
Team jeet gayi aur suddenly sab cricket analysts ban gaye,Positive,Negative,0.8281,True
Commentary sunke lagta hai har ball historic hai,Positive,Negative,0.9429,True
Referee ke decision pe stadium ka collective PhD start ho gaya,Negative,Neutral,0.991,True
Goal hua aur neighbours ko bhi score pata chal gaya,Positive,Neutral,0.8148,True
Football jersey pehente hi tactical advice automatically generate hoti hai,Positive,Neutral,0.8745,True
Team 90 minutes tak defend karke last minute mein goal kha gayi,Negative,Neutral,0.9348,True
VAR ne celebration ko temporary subscription bana diya,Negative,Neutral,0.9511,True
Fans ka choreography dekh ke stadium hi theatre lag raha tha,Positive,Neutral,0.9593,False
Basketball match mein last second shot ne sabki sleep cancel kar di,Positive,Negative,0.9476,False
Slam dunk dekh ke physics ko thoda reconsider karna padega,Positive,Negative,0.9956,True
Formula 1 race mein pit stop bhi family function se fast tha,Positive,Neutral,0.9701,True
Driver ne overtake kiya aur meri heartbeat ne speed limit tod di,Positive,Negative,0.9897,True
Athlete ka warm-up hi meri full workout se intense hai,Negative,Positive,0.9949,True
Sports commentary ka confidence score se independent hota hai,Positive,Neutral,0.9857,True
Stadium lights on hote hi pura scene cinematic ho gaya,Positive,Neutral,0.8963,False
Team ka form dekh ke fan hona character development hai,Negative,Positive,0.6244,True
"Bhai player ne impossible angle se goal maara, calculator bhi confuse",Positive,Negative,0.8319,True
Coach ka face dekh ke score se pehle hi result samajh aa gaya,Negative,Neutral,0.7383,True
Sports bar mein sabko strategy pata hai except actual coach,Positive,Neutral,0.989,True
Team jeeti toh purane supporters suddenly active ho gaye,Positive,Neutral,0.7604,True
Bhai highlight dekh ke lag raha pura match dekha tha,Positive,Neutral,0.8679,True
Stadium se bahar aate hi awaaz ne leave application de di,Negative,Neutral,0.8852,True
Museum ke dinosaur skeleton ko dekh ke size ka concept reset ho gaya,Positive,Neutral,0.9972,True
Space documentary dekh ke Earth suddenly tiny lagne lagi,Positive,Neutral,0.8092,False
Scientist ne 20 saal research ki aur main summary 30 sec mein dekh raha,Negative,Neutral,0.9852,True
Mars ke photos dekh ke relocation options discuss karne lage,Positive,Neutral,0.9946,True
Space station mein rehna cool hai until laundry ka thought aaye,Neutral,Positive,0.7768,True
Machine learning model train karte karte machine se zyada patience chahiye,Negative,Neutral,0.7537,True
"Coding bug 4 hours baad ek comma nikla, technology won",Negative,Neutral,0.9811,True
Git commit message dekh ke future me khud ko samajh nahi aayega,Neutral,Positive,0.9863,True
AI assistant se answer liya aur ab answer ko verify karne ke liye aur research,Negative,Neutral,0.8429,True
Robot vacuum ne room clean karne ke bajaye charger dhundh liya,Negative,Neutral,0.9979,True
"Password manager mein password save hai, ab password manager ka password yaad nahi",Negative,Neutral,0.9966,True
"Smart home mein lights smart hain, main abhi bhi switch dhoondh raha",Negative,Positive,0.8706,True
"Voice assistant ne mujhe samjha hi nahi, relatable",Negative,Positive,0.8852,True
"AI generated photo mein main better lag raha, identity crisis loading",Positive,Neutral,0.7745,True
"Technology ne life easy kar di, bas setup ke liye 40 steps hain",Negative,Positive,0.7388,True
Satellite image mein apna area dekh ke detective feel ho raha,Positive,Neutral,0.9972,True
Space news padh ke lagta hai humans ko Earth boring lagne lagi,Neutral,Negative,0.9946,True
Solar eclipse ke time pura city suddenly scientist ban gaya,Positive,Neutral,0.9965,True
"Moon photography ke liye phone zoom use kiya, potato mil gaya",Negative,Neutral,0.9831,True
Telescope expensive hai but curiosity free hai,Positive,Neutral,0.9102,False
AI se argue karna bhi future mein normal lagne laga hai,Neutral,Negative,0.9891,False
Robot ko coffee serve karte dekh ke future officially aa gaya,Positive,Neutral,0.9761,True
"Smart glasses cool hain, bas duniya mujhe kya samjhegi woh issue hai",Neutral,Negative,0.5468,True
Space suit dekh ke fashion industry insecure ho sakti hai,Positive,Negative,0.9801,True
Science fair ka volcano still undefeated hai,Positive,Neutral,0.9601,True
Farmers market mein vegetables supermarket se zyada photogenic nikli,Positive,Negative,0.9601,True
Organic label dekh ke price bhi organic growth kar raha,Negative,Neutral,0.9739,True
"Fruit seller ne mango ko perfect bola, andar se plot twist tha",Negative,Positive,0.7449,True
"Farmers market mein local honey mila, breakfast suddenly premium",Positive,Neutral,0.8967,True
Bakery ke bahar smell hi advertisement hai,Positive,Neutral,0.9442,True
Italian restaurant mein pasta dekh ke portion ka concept international ho gaya,Positive,Neutral,0.9943,True
Turkish dessert mein sugar ne direct attack kiya,Negative,Neutral,0.8741,True
Street food ka smell 200 metre pehle hi location bata deta hai,Positive,Negative,0.7891,True
Chef ne “little spicy” bola aur mera definition of little change ho gaya,Negative,Neutral,0.9485,True
Buffet mein plate chhoti aur ambition bada tha,Negative,Neutral,0.6794,True
Food festival mein sample khate khate lunch ka concept disappear ho gaya,Positive,Negative,0.6323,True
Dessert menu dekh ke main suddenly decision-free person ho gaya,Positive,Negative,0.614,True
"Bakery mein sirf bread lena tha, pastry ne emotional blackmail kar diya",Positive,Negative,0.9855,True
"Salad healthy tha, dressing ne pura plan expose kar diya",Negative,Neutral,0.9476,True
Homemade pasta finally restaurant level ka bana,Positive,Neutral,0.9816,False
"Baking mein cake rise nahi hua, but confidence bhi nahi",Negative,Neutral,0.9561,True
"Cookies perfect bani, ab quantity control impossible",Positive,Neutral,0.9027,True
"Recipe mein “easy” likha tha, author se baat karni hai",Negative,Neutral,0.8934,True
Street vendor ne 5 min mein woh bana diya jo main 2 ghante nahi bana sakta,Positive,Negative,0.9394,True
Spices ki smell se kitchen full travel destination lag raha,Positive,Neutral,0.6475,True
Sculpture itni huge thi ki camera mein fit hi nahi hui,Positive,Neutral,0.9695,True
"Artist ne blank canvas display kiya, critics already impressed",Positive,Negative,0.7724,True
Gallery mein painting dekhi aur mujhe bhi artist banne ka confidence aa gaya,Positive,Negative,0.9531,True
Street musician ne random crowd ko concert bana diya,Positive,Neutral,0.7274,False
Dance performance dekh ke literally rukna pada,Positive,Negative,0.9859,False
Art festival mein creativity ka overload ho gaya,Positive,Negative,0.9914,False
Mural itna detailed tha ki zoom karne ki zarurat hi nahi,Positive,Neutral,0.7201,False
"Pottery workshop mein bowl banana tha, abstract object ban gaya",Negative,Neutral,0.9975,True
Painting class mein brush mere against tha,Negative,Neutral,0.9277,True
"Handmade candle banayi, ab usko use karne ka mann hi nahi",Positive,Neutral,0.5851,True
Craft store mein supplies dekh ke project ideas dangerous level pe badh gaye,Positive,Negative,0.9925,True
"Origami tutorial easy bola tha, paper ne disagree kiya",Negative,Neutral,0.7695,True
"Social media ne 5 min bola tha, calendar ne kuch aur bataya",Negative,Neutral,0.988,True
Reels scroll karte karte algorithm ne meri personality profile bana di,Positive,Negative,0.8769,True
"Ek video dekhna tha, 47 videos ke baad reality mein wapas aaya",Negative,Neutral,0.5692,True
Social media detox start kiya aur notification check karne laga,Negative,Neutral,0.9263,True
"Influencer ne “simple routine” dikhaya, budget dekh ke routine complex ho gaya",Negative,Neutral,0.9024,True
Comment section mein experts free mein milte hain,Positive,Neutral,0.7221,True
Internet pe sab log relationship experts hain apparently,Positive,Neutral,0.9072,True
"Story upload karte hi views count karna, very peaceful activity",Negative,Positive,0.9984,True
Algorithm ne exactly woh video dikha jo mujhe nahi dekhna tha,Negative,Neutral,0.9567,True
"Haan online nahi tha, bas 30 min se status check kar raha tha",Negative,Neutral,0.7996,True
Group chat mein 97 messages aur context zero,Negative,Neutral,0.8863,True
Someone replied “okay” and now analysis committee meeting required,Negative,Neutral,0.9575,True
Seen ka notification bhi ek emotional genre hai,Negative,Neutral,0.9678,True
"Voice note 6 minutes ka tha, podcast subscription free mein mil gaya",Negative,Neutral,0.9774,True
Group mein good morning messages abhi bhi undefeated hain,Neutral,Negative,0.7941,True
"Haan status “busy” hai, online 17 baar aa chuka",Negative,Positive,0.7756,True
Social media pe sabki life suspiciously perfect hai,Negative,Positive,0.9967,True
Ek random comment ne pura internet debate start kar diya,Negative,Positive,0.9914,True
Internet pe privacy ka concept motivational quote jaisa lagta hai,Negative,Neutral,0.9938,True
Reel ka audio itna famous hai ki real songs insecure ho gaye,Positive,Negative,0.9174,True
“Only two left” dekh ke urgency ka injection lag gaya,Negative,Neutral,0.9467,True
"Wishlist mein sab kuch hai, budget mein kuch nahi",Negative,Neutral,0.9496,True
"Price drop notification aayi after I bought it, excellent timing",Negative,Positive,0.7067,True
Online reviews padhte padhte product se zyada reviewers interesting lage,Positive,Neutral,0.929,True
"Return window 7 days, decision-making time 12 days",Negative,Neutral,0.9208,True
"Product photos mein room huge tha, reality mein table bhi fit nahi",Negative,Neutral,0.9482,True
Online order ka box dekh ke lagta hai treasure aaya hai,Positive,Negative,0.438,True
"Cart empty kar diya, emotional growth ho gayi",Positive,Negative,0.9968,True
Sale dekh ke shopping nahi karna bhi talent hai,Positive,Negative,0.9924,False
Delivery person mujhe ghar se zyada jaanta hai,Positive,Neutral,0.9853,True
"Product “compact” tha, apparently suitcase bhi compact hai",Negative,Neutral,0.5316,True
Unboxing video banane ke chakkar mein product use karna bhool gaya,Neutral,Negative,0.9768,True
Packaging itni fancy thi ki actual product secondary lag raha,Positive,Negative,0.9816,True
"Review likhne gaya tha, pura life story likh di",Neutral,Negative,0.5165,True
Online shopping ne convenience ke saath guilt complimentary diya,Negative,Positive,0.8506,True
"Wallet mein cash mila, archaeological discovery ho gayi",Positive,Neutral,0.9477,True
Bank statement dekh ke financial literacy suddenly important lagne lagi,Negative,Neutral,0.7168,True
"Budget banaya tha, first weekend mein hi historical document ban gaya",Negative,Neutral,0.8979,True
"Savings goal set kiya, shopping app ne challenge accept kar liya",Negative,Neutral,0.7121,True
Salary aayi aur bills ne welcome party kar di,Negative,Positive,0.9201,True
Bank balance ne aaj mujhe reality check diya,Negative,Positive,0.9749,True
"Expense tracker install kiya, ab expenses se friendship nahi rahi",Negative,Neutral,0.9075,True
"Cashless payment easy hai, overspending bhi",Negative,Neutral,0.8622,True
"Budget spreadsheet dekh ke life organised lagti hai, bas spreadsheet mein",Positive,Neutral,0.7361,True
Stock market green hua aur sab experts suddenly online,Positive,Neutral,0.62,True
Market red hote hi experts motivational quotes share karne lage,Negative,Positive,0.85,True
Piggy bank todne ka emotional moment aa gaya,Negative,Positive,0.9964,False
"Financial planning start ki, first step snacks budget cut karna tha",Negative,Neutral,0.8966,True
Currency notes sort karte karte unexpectedly satisfying lag raha,Positive,Neutral,0.5848,False
Bank app update ke baad login hi adventure ban gaya,Negative,Neutral,0.5247,True
Bill split karna friendship ka hidden entrance exam hai,Negative,Neutral,0.7551,True
Paisa save karne ka plan excellent tha until weekend arrived,Negative,Positive,0.9303,True
"Thrift store mein old jacket mili, personality bhi mil gayi",Positive,Negative,0.9709,True
"Vintage watch mili, time wahi hai but attitude upgraded",Positive,Neutral,0.9839,True
Shoes repair karwa ke childhood memories bhi wapas aa gayi,Positive,Negative,0.8355,True
Alteration ke baad shirt finally human size ki lag rahi,Positive,Neutral,0.9957,True
"Dry cleaner ne stain remove kar diya, science works",Positive,Neutral,0.9969,True
Iron karte waqt shirt pe naya design ban gaya,Negative,Neutral,0.9894,True
Washing machine ne ek sock ko parallel universe bhej diya,Negative,Neutral,0.998,True
Clothes fold karne ka motivation sirf 4 minutes survive kiya,Negative,Neutral,0.5797,True
Wardrobe organise kiya aur purane outfits ka reunion ho gaya,Positive,Neutral,0.9955,True
Keychain mein itni keys hain ki janitor feel hota hai,Positive,Neutral,0.9759,True
Suitcase pack karna aur suitcase close karna do different skills hain,Negative,Neutral,0.9972,True
Closet clean kiya aur floor discover kar liya,Positive,Neutral,0.992,True
Shoe lace toot gaya exactly jab late tha,Negative,Neutral,0.9609,True
Cake pe naam ka spelling wrong tha but confidence correct tha,Negative,Neutral,0.9957,True
Surprise party ka secret 2 ghante mein public ho gaya,Negative,Positive,0.9006,True
Birthday wishes count karte karte social audit ho gaya,Positive,Negative,0.6624,True
Haan candle blow ki aur wish bhi practical nahi thi,Positive,Neutral,0.6567,True
Party mein DJ ne playlist ko personal experiment bana diya,Negative,Neutral,0.9851,True
Birthday cake ka last piece friendship ka real test tha,Negative,Positive,0.9969,True
"Gift card mila, decision-making responsibility transfer ho gayi",Positive,Negative,0.6057,True
Surprise face practice karna pad gaya because already knew,Positive,Negative,0.9322,True
Birthday photos mein main mostly background furniture hu,Negative,Neutral,0.8638,True
"Haan age badh rahi hai, wisdom abhi loading",Neutral,Positive,0.9414,True
"Birthday pe diet ka naam bhi nahi liya, respect",Positive,Neutral,0.6172,True
Party ke baad cleanup ne reality introduce kar di,Negative,Neutral,0.6334,True
"Surprise successful tha, genuinely nahi samjha tha",Positive,Negative,0.9604,False
"Cake ka design beautiful tha, taste ne plot twist diya",Negative,Positive,0.981,True
Wedding invitation itna fancy hai ki event already expensive lag raha,Neutral,Negative,0.9889,True
Shaadi mein food counter dekh ke guest priorities clear ho gayi,Positive,Neutral,0.8468,True
Wedding photographer ne candid bola aur hum sab pose karne lage,Neutral,Positive,0.9964,True
Buffet mein plate lene ki strategy Olympic level ki hai,Positive,Neutral,0.9801,True
DJ ne old song bajaya aur sabki childhood activate,Positive,Negative,0.9675,False
"Wedding outfit comfortable hai, bas walking impossible hai",Negative,Neutral,0.9928,True
Invitation card ka font samajhne mein zoom karna pada,Negative,Neutral,0.9973,True
Dance floor pe sab professionals hain except me,Negative,Neutral,0.9726,True
Baraat mein entry se zyada exit planning important lagti hai,Negative,Neutral,0.7305,True
Gift envelope sambhalte sambhalte main unofficial accountant ban gaya,Neutral,Negative,0.8633,True
Shaadi mein old relatives ka detective department active hota hai,Negative,Neutral,0.9957,True
Wedding photos mein 90% flowers aur 10% humans,Neutral,Positive,0.7575,True
"Haan dance practice nahi ki, confidence enough tha apparently",Positive,Neutral,0.8864,True
Fireworks ka volume dekh ke windows bhi participate kar rahi,Positive,Neutral,0.9938,True
Festival market mein crowd aur colours dono unlimited hain,Positive,Neutral,0.8922,False
Decoration competition mein neighbours ne Olympics start kar diya,Positive,Neutral,0.9805,True
"Haan bas ek decoration lagana tha, ab pura room transformed hai",Positive,Negative,0.7242,True
Festival shopping mein budget officially ceremonial ho gaya,Negative,Positive,0.9231,True
Traditional outfit pehna aur suddenly compliments milne lage,Positive,Negative,0.7695,False
Cultural parade mein costumes dekh ke camera khud nikal gaya,Positive,Neutral,0.9726,False
Festival crowd mein phone sambhalna treasure hunt hai,Negative,Positive,0.9119,True
Festival ke baad leftovers ka empire ban gaya,Positive,Neutral,0.996,True
Celebration ke baad cleanup ka season start,Negative,Neutral,0.8863,True
Sand mein walking romantic lagti hai until shoes fill ho jaye,Negative,Positive,0.4244,True
Ocean itna huge hai ki problems temporarily tiny lagti hain,Positive,Neutral,0.5439,False
Beach pe shell collect karte karte pocket museum ban gaya,Positive,Neutral,0.951,True
Seagull ne food dekha aur personal friendship declare kar di,Negative,Positive,0.8755,True
"Lighthouse tak walk short bola tha, legs disagree kar rahi",Negative,Neutral,0.7625,True
Beach umbrella hawa ke saath independent ho gaya,Negative,Neutral,0.534,True
"Trek ka first 10 min easy tha, obviously",Positive,Neutral,0.5393,True
Hiking shoes lene ke baad mountain ne welcome test le liya,Negative,Positive,0.5488,True
"Trail map dekh ke route simple laga, reality creative thi",Negative,Positive,0.6014,True
Mountain air itni fresh thi ki city pollution personal insult lagne laga,Positive,Negative,0.9809,True
Trek mein ek squirrel ne humse better stamina dikhaya,Negative,Neutral,0.9169,True
Waterfall tak path beautiful tha but knees disagree,Positive,Neutral,0.9314,True
Birdsong sunke phone silent kar diya,Positive,Negative,0.969,False
Sunset point pe crowd ne sunset se pehle hi seat reserve kar li,Negative,Neutral,0.9715,True
Mountain cafe ka view food se zyada expensive lag raha,Positive,Negative,0.532,True
Hiking ke baad stairs ko personal enemy declare kar diya,Negative,Neutral,0.9947,True
"Camping tent first try mein khada ho gaya, suspicious success",Positive,Neutral,0.9811,True
Tent ke bahar nature aur andar mosquitoes dono active,Negative,Neutral,0.9926,True
Aquarium mein jellyfish dekh ke underwater aliens yaad aa gaye,Positive,Neutral,0.996,True
Shark tunnel mein khade hoke suddenly food chain important lagne lagi,Negative,Neutral,0.9374,True
Aquarium map dekh ke realise hua kitna bada place hai,Neutral,Positive,0.8943,False
Sea turtle ko dekh ke slow life ka concept samajh aaya,Positive,Negative,0.6589,False
Aquarium ka gift shop predictable but dangerously tempting tha,Negative,Positive,0.5187,True
Zoo mein giraffe saamne aaya aur perspective literally change ho gaya,Positive,Neutral,0.6034,True
Elephant ko dekh ke size ka definition reset ho gaya,Positive,Neutral,0.9633,False
Monkey ne mera snack dekha aur friendship instantly end,Negative,Positive,0.9958,True
Zoo map mein “short route” bhi short nahi tha,Negative,Neutral,0.9955,True
Safari mein animals dhoondhna hide and seek ka premium version,Positive,Neutral,0.7386,True
"Lion door se hi impressive tha, personally distance maintain karna better",Positive,Neutral,0.9593,True
Flamingos ek jagah khade the aur sab photoshoot kar rahe,Positive,Neutral,0.8364,True
Zoo mein kids animals se zyada energetic the,Negative,Positive,0.9822,True
Monkey ne camera ki taraf dekha jaise influencer ho,Positive,Neutral,0.9914,True
Language exchange mein saamne wale ki English meri English se better thi,Negative,Neutral,0.9914,True
New language seekhne mein confidence aur vocabulary ka relationship long distance hai,Negative,Neutral,0.9686,True
Accent practice karte karte neighbour bhi confuse ho gaya,Negative,Neutral,0.8908,True
Dictionary kholi aur 14 synonyms ne decision impossible kar diya,Neutral,Negative,0.9881,True
Language app ka daily reminder mujhe personally target karta hai,Negative,Positive,0.7909,True
Foreign language song samajh nahi aata but vibe full samajh aati,Positive,Neutral,0.9808,False
"Pronunciation improve hui, ab confidence unnecessarily high",Positive,Negative,0.8778,True
Translation fail hua but conversation somehow survive kar gayi,Positive,Neutral,0.6505,True
Language learning slow hai but progress visible hai,Positive,Neutral,0.7645,False
Podcast sunte sunte host ki life story bhi pata chal gayi,Positive,Neutral,0.52,True
"Episode 30 min ka tha, somehow 2 hours ho gaye",Negative,Neutral,0.976,True
True crime podcast raat ko sunna obviously excellent decision tha,Negative,Neutral,0.5382,True
"Podcast ka intro hi 8 min ka hai, content probably shy hai",Negative,Neutral,0.9486,True
Documentary start ki aur suddenly historian ban gaya,Positive,Neutral,0.9351,True
YouTube recommendation ne ek random topic pe 2 hours chura liye,Negative,Neutral,0.9649,True
"Tutorial 10 min ka tha, setup 40 min ka",Negative,Neutral,0.9807,True
Podcast host ne exactly woh opinion bola jo main avoid kar raha tha,Negative,Neutral,0.5202,True
YouTube autoplay meri productivity ka permanent enemy hai,Negative,Positive,0.9083,True
Educational video dekhte dekhte unrelated conspiracy pe pahunch gaya,Negative,Neutral,0.6177,True
Video ke comments kabhi kabhi actual content se better hote hain,Positive,Neutral,0.9192,True
Documentary khatam hui aur ab topic pe unnecessarily invested hu,Positive,Negative,0.9938,True
Tutorial follow kiya aur result exactly thumbnail jaisa nahi tha,Negative,Neutral,0.7368,True
One episode aur bolte bolte season khatam,Positive,Negative,0.9716,True
Board game start hua aur 5 min mein rules pe argument,Negative,Neutral,0.9977,True
UNO mein friendship temporary contract hoti hai,Negative,Neutral,0.9906,True
"Puzzle ka last piece missing hai, obviously",Negative,Neutral,0.9702,True
Board game mein rules sabko yaad hain except when convenient,Negative,Neutral,0.9902,True
"Puzzle box pe 500 pieces likhe the, meri patience 50 ki thi",Negative,Neutral,0.9926,True
Chess board pe friendship aur strategy dono test ho rahe,Neutral,Positive,0.499,True
Game night mein snacks ka budget games se zyada ho gaya,Positive,Neutral,0.9969,True
Quiz question easy tha until timer started,Negative,Positive,0.5423,True
Board game ka winner already victory speech prepare karke aaya tha,Positive,Neutral,0.961,True
Haan rules explain karne mein game se zyada time gaya,Negative,Neutral,0.914,True
Puzzle solve karte karte table pe permanent residence ho gaya,Negative,Neutral,0.9945,True
Card shuffle ke baad destiny officially decide ho gayi,Neutral,Positive,0.7661,True
Game ka “quick round” sabse bada lie tha,Negative,Positive,0.9843,True
Winner ko trophy nahi mili but ego full mil gaya,Positive,Negative,0.9843,True
Registration desk pe naam likhte likhte handwriting ka confidence chala gaya,Negative,Positive,0.9856,True
Volunteer badge pehen ke responsibility automatically double lagti hai,Positive,Neutral,0.9582,True
Cleanup drive mein area sach mein better dikhne laga,Positive,Neutral,0.6761,False
Charity run mein main running se zyada cheering kar raha tha,Positive,Neutral,0.8403,True
Volunteers ke matching T-shirts ne team spirit obvious kar di,Positive,Neutral,0.7168,True
Event ke baad cleanup sabse real volunteer task nikla,Negative,Positive,0.9977,True
Bhai museum ka dinosaur dekh ke meri height ka confidence chala gaya 😭,Negative,Positive,0.9844,True
Aaj first time pottery try ki aur bowl actually bowl jaisa bana 😭😂,Positive,Neutral,0.9695,False
Planetarium mein stars dekhe aur apni problems thodi microscopic lagne lagi,Positive,Neutral,0.9902,False
Local theatre ka small play expected se kaafi better tha,Positive,Neutral,0.9857,False
Heritage building ke andar jaake laga history ne proper interior designer rakha tha,Positive,Neutral,0.9464,True
Library ke old newspaper section mein pura alag world mil gaya,Positive,Negative,0.5472,False
"Archive mein ek letter padha jo 70 saal purana tha, weirdly personal feel hua",Positive,Negative,0.9777,False
"Bhai antique shop mein ek chair dekhi, price dekh ke chair se zyada main hil gaya",Negative,Neutral,0.9746,True
Old photographs dekh ke city kitni change ho gayi samajh aaya,Neutral,Negative,0.8692,False
Wax museum mein ek statue ko real person samajh ke awkwardly smile kar diya,Negative,Positive,0.9961,True
Bhai dinosaur skeleton ke saamne khade hoke evolution ka respect badh gaya,Positive,Neutral,0.8444,False
"Gallery mein blank wall ko bhi art bol diya, ab main bhi artist hu",Positive,Negative,0.9575,True
"Hand-painted postcards mil gaye, normal photos se zyada cute lag rahe",Positive,Neutral,0.6489,False
Bhai souvenir shop mein magnet kharid ke officially tourist ban gaya,Positive,Negative,0.9643,True
Local crafts wale uncle ne pura process live dikha diya,Positive,Neutral,0.9874,False
Handmade basket itni strong thi ki plastic bags insecure ho jayenge,Positive,Negative,0.8372,True
Station pe chai nahi mili but vending machine ne emotional support diya,Negative,Positive,0.9659,True
Bus driver ne route itni smoothly manage kiya ki GPS jealous ho jaye,Positive,Negative,0.7577,True
Public transport map dekh ke laga geometry wapas aa gayi,Negative,Neutral,0.9639,True
Metro mein ek musician ne pura coach concert bana diya,Positive,Neutral,0.5314,False
Bhai bus stop pe 20 minute wait karke bus ko celebrity treatment diya,Negative,Neutral,0.7949,True
"Aaj desert sunset dekha, sky literally orange ho gaya",Positive,Neutral,0.9488,False
"Sand dunes pe chalna Instagram pe easy lagta tha, reality mein cardio tha",Negative,Neutral,0.7968,True
Bhai camel ride mein balance ka asli test ho gaya,Negative,Neutral,0.9884,True
Glacier ka colour camera se bhi zyada unreal tha,Positive,Negative,0.6345,False
Snow village itna quiet tha ki footsteps bhi loud lag rahe the,Neutral,Negative,0.4874,False
Mountain cabin mein fireplace ke saamne baithna perfect tha,Positive,Neutral,0.9948,False
Sky mein green lights dekhi aur camera nikalna automatically ho gaya,Positive,Neutral,0.6134,False
"Bhai weather app ne clear sky bola tha, clouds ne personal opinion rakha",Negative,Neutral,0.9971,True
Snowfall mein walking beautiful hai until gloves wet ho jaye,Negative,Positive,0.9372,True
Ice rink pe bachche sab Olympic athletes lag rahe the,Positive,Neutral,0.9636,True
Skiing ka first lesson mostly gravity samajhne mein gaya,Negative,Neutral,0.9931,True
"Snowman banaya, face thoda suspiciously judgemental tha",Neutral,Negative,0.9215,True
Coffee plantation mein beans ka journey samajh aaya,Positive,Neutral,0.9892,False
Tea garden ka view genuinely unreal tha,Positive,Negative,0.9352,False
Bhai farm tour mein chicken ne mujhe ignore karke hierarchy clear kar di,Neutral,Negative,0.9247,True
Local cheese tasting mein har cheese ka personality alag tha,Positive,Neutral,0.964,True
"Farmers market ka honey directly hive se aaya tha, taste amazing tha",Positive,Neutral,0.9598,False
Pumpkin field mein photos ka content unlimited tha,Positive,Neutral,0.9765,True
Bee farm pe protective suit pehen ke astronaut feel hua,Positive,Neutral,0.9984,True
Honey tasting ke baad supermarket wali honey thodi boring lag rahi,Positive,Negative,0.9326,True
"Local farm se fresh eggs mile, breakfast ka taste alag hi tha",Positive,Neutral,0.7932,False
Fruit picking mein basket se zyada fruits stomach mein gaye,Positive,Neutral,0.9968,True
"Aaj telescope se Saturn ke rings dekhe, unreal moment tha",Positive,Negative,0.613,False
Meteor shower ke liye raat ko wait kiya aur finally shooting star dikha,Positive,Neutral,0.988,False
Space documentary ke baad moon suddenly neighbour jaisa lagne laga,Positive,Neutral,0.9839,True
Observatory mein telescope line mein wait karna worth it tha,Positive,Neutral,0.8544,False
Black hole ka concept samjha nahi but fascination full hai,Positive,Negative,0.6091,False
Candle-making workshop mein wax ne meri patience test kar li,Negative,Positive,0.757,True
Sketching ke liye 3 hours nikale aur eraser ne zyada kaam kiya,Negative,Neutral,0.4986,True
"Bhai clay sculpture banana tha, potato jaisa sculpture ban gaya",Negative,Neutral,0.995,True
Handmade card banaya aur store-bought se zyada personal laga,Positive,Neutral,0.9428,False
"DIY project video mein 5 steps tha, mere version mein 18",Negative,Neutral,0.9863,True
Painting complete hui but artist statement abhi missing hai 😂,Neutral,Negative,0.8799,True
Pottery wheel pe clay control karna expected se difficult tha,Negative,Neutral,0.9972,False
Handmade bookmark bana ke immediately book dhoondhne laga,Positive,Negative,0.7081,True
Aaj chess puzzle solve kiya without looking at the answer,Positive,Neutral,0.9879,False
Bhai opponent ne opening move hi aisa kiya ki main Google dhoondhne laga,Negative,Neutral,0.9784,True
Crossword ka ek word pura confidence kha gaya,Negative,Positive,0.9766,True
Rubik's cube solve hua after approximately 73 emotional breakdowns,Positive,Neutral,0.8956,True
Magic trick ka secret samajh aaya aur childhood thoda less magical ho gaya,Negative,Positive,0.7795,True
Bhai riddle ka answer itna obvious tha ki obviously nahi mila,Negative,Neutral,0.691,True
"Quiz buzzer pe haath ready tha, answer nahi",Negative,Neutral,0.9981,True
Logic puzzle solve karke unnecessary confidence aa gaya,Positive,Negative,0.8867,True
Word game mein vocabulary unexpectedly kaam aa gayi,Positive,Negative,0.5777,False
Stand-up comedian ne audience se zyada apne jokes enjoy kiye 😂,Positive,Negative,0.9144,True
Movie theatre ka popcorn movie se zyada expensive tha,Negative,Neutral,0.9374,True
Short film ka ending bilkul expected nahi tha,Positive,Neutral,0.5115,False
"Bhai movie ka trailer pura plot bata gaya, ab film formality hai",Negative,Neutral,0.9961,True
"Cinema hall mein kisi ne phone brightness full rakhi, complimentary lighthouse",Negative,Positive,0.9154,True
Theatre seats itni comfortable thi ki interval ke baad neend aa gayi,Negative,Positive,0.8072,True
Bhai villain ki entry hero se zyada dramatic thi,Positive,Neutral,0.8922,True
Soundtrack ne movie ke scenes se zyada emotional damage diya,Positive,Negative,0.9918,True
Theatre mein live acting screen se kaafi different feel hoti hai,Positive,Neutral,0.5582,False
Aaj local bookstore mein rare edition mil gaya,Positive,Neutral,0.976,False
"Book cover dekh ke book kharid li, literature ka risky shortcut",Positive,Negative,0.9924,True
Bhai 500-page novel start kiya aur bookmark ab permanent resident hai,Negative,Positive,0.9927,True
Used bookstore ki smell literally nostalgia hai,Positive,Negative,0.795,False
Library mein random travel book mili aur next trip plan ho gaya,Positive,Neutral,0.9764,True
Reading list 20 books ki hai aur current book page 34 pe,Negative,Neutral,0.9724,True
Historical novel padh ke old cities imagine karna fun hai,Positive,Neutral,0.5366,False
Bhai book ka ending itna open tha ki author se clarification chahiye,Neutral,Negative,0.5305,True
New bookmark lene ka best excuse obviously new book kharidna tha,Positive,Neutral,0.7486,True
Reading corner setup finally complete ho gaya,Positive,Neutral,0.617,False
Bhai croissant itna flaky tha ki table bhi participate kar raha tha,Positive,Negative,0.6924,True
Fresh juice stall pe fruit literally saamne cut hua,Positive,Neutral,0.9925,False
"Farmers market mein unusual purple carrots dekhe, nature showing off",Positive,Neutral,0.7066,True
Local cheese ka flavour expected se kaafi strong tha,Neutral,Positive,0.8627,False
"Bhai hot sauce ki bottle cute thi, andar se villain nikli",Negative,Positive,0.9807,True
"Dessert shop mein tiny cake mila, price giant tha",Negative,Positive,0.4817,True
"Aaj ek new fruit try kiya, taste completely unexpected tha",Positive,Neutral,0.9784,False
Street market ka grilled corn smell pura road control kar raha tha,Positive,Neutral,0.9635,True
Food stall pe line long thi but taste justified it,Positive,Neutral,0.8696,False
"Aaj homemade jam try kiya, store wali ab boring lag rahi",Positive,Negative,0.9706,True
Dessert ka portion tiny tha but sweetness full-sized,Positive,Neutral,0.9446,True
Bhai plate presentation itni fancy thi ki spoon use karne mein hesitation,Positive,Negative,0.9678,True
"AI ne poem likh di, ab writers ko bhi attendance lagani padegi shayad 😭",Neutral,Negative,0.9954,True
Bhai printer ne document tab print kiya jab mujhe uski zarurat hi nahi thi,Negative,Neutral,0.9734,True
Internet down hote hi sabko suddenly pata chal gaya ki neighbours bhi exist karte hain,Positive,Neutral,0.9646,True
E-reader pe reading ka experience expected se comfortable tha,Positive,Neutral,0.8636,False
"Digital map ne ek baar genuinely shortcut dikha diya, historic event",Positive,Neutral,0.9623,True
"Aaj coding museum jaisa old software interface dekha, nostalgia aa gaya",Positive,Neutral,0.9614,False
New app install ki aur terms and conditions ne pura novel likh rakha tha,Neutral,Negative,0.9497,True
Noise cancelling headphones ne outside world ko successfully mute kar diya,Positive,Neutral,0.9606,False
Bhai smart fridge ka idea sunke laga ab fridge bhi meri life monitor karega,Neutral,Positive,0.979,True
"3D printer se small model banaya, result kaafi neat nikla",Positive,Neutral,0.6725,False
"Password manager use karna start kiya, brain ko finally unpaid internship se retirement mili",Positive,Negative,0.9764,True
Digital ticket se entry karna paper ticket se kaafi easy laga,Positive,Neutral,0.985,False
"Aaj ek electric car ka test drive dekha, acceleration kaafi smooth tha",Positive,Neutral,0.9813,False
Charging station pe line dekh ke laga petrol pump bhi peaceful tha,Negative,Positive,0.8221,True
"Electric scooter surprisingly silent tha, pehle toh pata hi nahi chala koi aa raha hai",Positive,Neutral,0.8716,False
Bhai cycle ka tyre flat hua aur pump ghar pe obviously nahi tha,Negative,Neutral,0.9898,True
Aaj cycling trail pe kaafi different types ke bicycles dekhe,Positive,Neutral,0.9656,False
Parking app ne spot find kar diya before I started circling the area,Positive,Neutral,0.9924,False
High-speed train ka interior normal plane se zyada spacious laga,Positive,Neutral,0.9713,False
Bhai rental cycle ki seat adjust karne me hi half workout ho gaya,Negative,Neutral,0.9264,True
Airport trolley ko push karna bhi cardio category me aa gaya,Negative,Neutral,0.8631,True
Train compartment me window ke bahar pura landscape change hota raha,Positive,Neutral,0.9988,False
Iceland ke waterfalls ki photos dekh ke screen se hi thand lag gayi,Positive,Negative,0.5164,True
New Zealand ke landscapes unreal lag rahe the,Positive,Negative,0.9809,False
Bhai Dubai ki buildings dekh ke lagta hai gravity optional hai,Positive,Neutral,0.9899,True
Singapore ki streets ki cleanliness dekh ke dustbin bhi unemployed lagta hoga,Positive,Negative,0.6378,True
Bhai London ka weather ek din me four seasons complete kar raha tha,Neutral,Positive,0.5706,True
"Bhai Iceland me volcano aur glacier dono ek hi country me hain, nature overachieving hai",Positive,Neutral,0.9979,True
Brazilian carnival ke costumes literally walking artwork lagte hain,Positive,Neutral,0.8147,False
Bhutan ke mountain roads dekh ke driving confidence thoda kam ho gaya,Negative,Positive,0.9696,True
Amsterdam ki cycling culture kaafi different experience hai,Neutral,Positive,0.9856,False
Bhai festival me log itne colourful dressed the ki camera ne surrender kar diya,Positive,Negative,0.7869,True
Street parade me drums itne loud the ki heartbeat bhi rhythm me aa gayi,Positive,Negative,0.9262,True
Bhai costume change itna fast hua ki main abhi first outfit process kar raha tha,Positive,Negative,0.4654,True
Local festival me strangers bhi easily conversations start kar rahe the,Positive,Neutral,0.9724,False
"Fireworks dekhne gaya tha, smoke ne pehle hi welcome kar diya",Negative,Neutral,0.9957,True
Folk music live sunna recordings se kaafi different laga,Positive,Neutral,0.9602,False
Aaj cultural exhibition me different countries ke crafts dekhe,Positive,Neutral,0.6882,False
Traditional clothing ke patterns kaafi detailed the,Positive,Neutral,0.9931,False
Bhai parade me balloon itna bada tha ki usko bhi personal space chahiye tha,Positive,Neutral,0.7617,True
Flamingos ko group me walk karte dekh ke laga fashion show chal raha hai,Positive,Neutral,0.9849,True
Coral reef ke colours underwater kaafi vibrant the,Positive,Neutral,0.8619,False
Safari jeep me baith ke giraffe ko road cross karte dekha,Positive,Neutral,0.9954,False
Bhai peacock ne feathers khole aur main literally content creator ban gaya,Positive,Negative,0.9843,True
Bhai giraffe ke paas khade hoke human height ka confidence officially khatam,Negative,Positive,0.625,True
"Aaj badminton tournament dekha, rallies kaafi fast thi",Positive,Neutral,0.9359,False
Archery range pe first arrow expected se closer laga,Positive,Neutral,0.9856,False
Bhai bowling me ball gutter me gayi aur confidence bhi saath gaya,Negative,Positive,0.9898,True
Rock climbing wall ka first section manageable tha,Positive,Neutral,0.9967,False
Kayaking ka balance surprisingly difficult tha,Negative,Neutral,0.8625,False
Bhai golf ball ko hit karne gaya aur grass ne hi zyada damage liya,Negative,Neutral,0.9438,True
Bhai cycling race dekh ke meri normal cycle suddenly slow motion lag rahi,Positive,Negative,0.9738,True
Archery instructor ne posture correct kiya toh accuracy immediately improve hui,Positive,Neutral,0.9894,False
Boxing training ka warm-up hi main event jaisa tha,Negative,Neutral,0.9975,True
Aaj language exchange meetup me Spanish phrases seekhe,Positive,Neutral,0.9967,False
Korean alphabet ka structure expected se logical laga,Positive,Neutral,0.9927,False
Sign language ke basic gestures seekhna interesting experience tha,Positive,Neutral,0.9609,False
Aaj Italian food ke names pronounce karne ki practice ki,Positive,Neutral,0.9954,False
Language meetup me different countries ke logon se baat hui,Positive,Neutral,0.9961,False
Aaj new words note karne ke liye separate notebook bana li,Positive,Neutral,0.9921,False
Aaj astronomy documentary me exoplanets ke baare me dekha,Positive,Neutral,0.9965,False
Bhai scientist ne equation explain ki aur mera brain loading screen pe chala gaya,Negative,Neutral,0.9972,True
Ocean trenches ke depth numbers dekh ke genuinely shock laga,Negative,Positive,0.8092,False
Earthquake simulator me khade hoke balance maintain karna difficult tha,Negative,Neutral,0.9982,False
DNA model ka structure school diagram se zyada cool laga,Positive,Neutral,0.9832,False
Deep ocean pressure ke numbers sunke wahan jaana cancel,Negative,Neutral,0.9948,True
Meteorite sample ko close-up me dekhna unreal experience tha,Positive,Negative,0.909,False
Bhai science centre me pendulum dekhte dekhte 20 minute nikal gaye,Positive,Neutral,0.9846,True
Human brain ka model dekh ke memories kaise work karti hain samajhne ka mann hua,Positive,Neutral,0.9974,False
Bhai purane ads dekh ke laga marketing tab bhi drama karti thi,Positive,Negative,0.9911,True
Historical map me borders compare karna surprisingly interesting tha,Positive,Neutral,0.5149,False
Bhai old currency dekh ke inflation suddenly personal topic lagne laga,Negative,Neutral,0.9524,True
Historical letters padhne se past ke daily life ka idea milta hai,Positive,Neutral,0.7901,False
Bhai ancient kitchen ke utensils dekh ke modern kitchen ka respect badh gaya,Positive,Neutral,0.5222,True
Bhai purane telephone ko dekh ke smartphone ko unnecessarily advanced feel hua,Positive,Negative,0.8935,True
Bhai old alarm clock dekh ke laga humans ne snooze button pehle hi invent kar liya tha,Positive,Neutral,0.9563,True
Historical timeline wall dekhte dekhte pura afternoon nikal gaya,Neutral,Negative,0.6122,False
"Bhai weather app ne “light rain” bola tha, yahan toh clouds ne full revenge liya 😭",Negative,Neutral,0.976,True
Subah fog itna dense tha ki buildings literally disappear ho rahi thi,Neutral,Negative,0.9923,False
"Morning me sky completely clear tha, stars bhi thode visible the",Positive,Neutral,0.5718,False
Bhai temperature itna high hai ki ice cream bhi survival mode me hai,Negative,Neutral,0.5421,True
Gallery map haath me tha phir bhi main entrance ko exit samajh gaya,Negative,Neutral,0.9968,True
Photography exhibition me black-and-white portraits kaafi striking the,Positive,Neutral,0.9743,False
"Bhai painting ko 10 minute dekh ke bhi meaning nahi mila, art mujhe ignore kar rahi hai",Neutral,Negative,0.997,True
"Museum cafe ka bill dekh ke artwork samajh aaya, asli masterpiece toh pricing thi",Negative,Neutral,0.984,True
Art guide ne painting ka context bataya toh suddenly samajh aa gaya,Positive,Neutral,0.9213,False
"Gallery me ek chair pe baithne gaya, guard ne mujhe modern sculpture samajh liya shayad",Neutral,Negative,0.8207,True
Sculpture itni realistic thi ki ek second ke liye person samajh liya,Positive,Neutral,0.789,True
Bhai museum se nikla toh brain me 47 random facts install ho chuke the,Positive,Negative,0.9878,True
Bhai sabzi bhi ab luxury colour palette me aa rahi hai 😭,Neutral,Negative,0.96,True
Local honey ka flavour normal honey se kaafi different tha,Positive,Neutral,0.9659,False
Cheese stall pe samples itne tiny the ki microscope chahiye tha 😂,Negative,Neutral,0.9209,True
Fresh bread ka smell pura market cover kar raha tha,Positive,Neutral,0.5248,False
Bhai mushroom ke itne types dekhe ki ab main fungus expert hu apparently,Positive,Neutral,0.9699,True
Bhai “just one apple” lene gaya tha aur basket bhar ke aa gaya,Positive,Neutral,0.9901,True
Organic vegetable stall wale ne growing process bhi explain kiya,Positive,Neutral,0.9978,False
Bhai chilli tasting ke baad paani bhi insufficient resource lag raha tha,Negative,Neutral,0.6934,True
Local bakery ne traditional bread ka free sample diya,Positive,Neutral,0.9951,False
Farmers market me handmade chocolates ka section dangerous tha,Positive,Neutral,0.9899,True
"Aaj unusual mushrooms ki display dekhi, shapes kaafi weird the",Neutral,Positive,0.9728,False
"Bhai fruit vendor ne mango ka sample diya, ab pura crate chahiye",Positive,Neutral,0.7798,True
Aaj public garden me bonsai exhibition thi,Positive,Neutral,0.9924,False
Bhai bonsai tree ko dekh ke meri life bhi giant version lag rahi thi,Neutral,Positive,0.9969,True
"Bhai plant nursery gaya tha, wallet ne photosynthesis start kar di",Negative,Neutral,0.9951,True
Indoor greenhouse me tropical plants dekh ke weather forget ho gaya,Positive,Negative,0.3905,False
"Bhai garden me ek squirrel ne mujhe ignore kiya, celebrity attitude",Neutral,Negative,0.9309,True
"Bhai plant shop me sirf dekhne gaya tha, plant ghar le aaya",Positive,Neutral,0.9969,True
Botanical garden ka walking trail surprisingly long tha,Neutral,Positive,0.9861,False
"Aaj orchid exhibition dekhi, flowers ka design unreal tha",Positive,Negative,0.9286,False
Bhai bonsai ki age sunke plant ki respect salary se zyada ho gayi,Positive,Neutral,0.7879,True
Aaj pottery market me handmade mugs dekhe,Positive,Neutral,0.9867,False
Handwoven rugs ke patterns kaafi detailed the,Positive,Neutral,0.9944,False
Artisan ne wooden toy ka carving process live dikhaya,Positive,Neutral,0.997,False
Bhai basket weaving dekha aur suddenly engineering degree unnecessary lagne lagi,Positive,Negative,0.9734,True
Local pottery artist ne clay shaping ka technique explain kiya,Positive,Neutral,0.9925,False
Hand-carved stamp se printing ka process try kiya,Positive,Neutral,0.9984,False
Craft market me recycled material se banaye products bhi the,Positive,Neutral,0.9868,False
Bhai handmade lamp ka price dekh ke light se zyada shock mila,Negative,Positive,0.7606,True
Traditional woodwork ke patterns kaafi intricate the,Positive,Neutral,0.9912,False
Aaj observatory ke rooftop pe telescope setup dekha,Positive,Neutral,0.997,False
Bhai telescope itna bada tha ki mujhe laga satellite launch hone wala hai,Positive,Neutral,0.9648,True
Moon ke craters telescope me clearly visible the,Positive,Neutral,0.5455,False
Star map samajhne me thoda time laga but eventually ho gaya,Positive,Neutral,0.9943,False
Bhai constellation ka naam yaad kiya aur next minute bhool gaya,Negative,Neutral,0.9425,True
Meteor shower ke liye open field me wait karna worth it tha,Positive,Neutral,0.9941,False
Solar system model me Jupiter ka size dekh ke scale ka respect badh gaya,Positive,Neutral,0.9946,False
Asteroid samples ke replicas dekhna interesting tha,Positive,Neutral,0.8993,False
Observatory staff ne telescope operate karna patiently explain kiya,Positive,Neutral,0.9956,False
"Bhai shooting star dekh ke wish maangi, scientific evidence pending hai",Positive,Negative,0.7533,True
Galaxy images ke colours dekh ke believe karna mushkil tha ki real hain,Positive,Neutral,0.5674,False
Aaj street musician ne violin pe old song play kiya,Positive,Neutral,0.9964,False
Bhai singer ne high note hit kiya aur meri self-confidence ne exit le liya,Negative,Positive,0.892,True
Live piano performance ka sound recordings se much richer laga,Positive,Neutral,0.8174,False
Bhai guitar solo ke time audience ne mujhe bhi musician samajh liya shayad,Neutral,Positive,0.9944,True
Street performer ne audience ke kids ko performance me include kiya,Positive,Neutral,0.9977,False
Bhai conductor ko dekh ke laga music ka traffic police hota hai,Positive,Neutral,0.9579,True
Aaj old camera market me film rolls mil gaye,Positive,Neutral,0.9957,False
Bhai perfect sunset photo lene gaya aur birds ne frame hijack kar liya,Positive,Negative,0.9454,True
Film negatives ko scan karna surprisingly easy tha,Positive,Neutral,0.965,False
Bhai camera battery exactly tab dead hui jab view best tha,Negative,Neutral,0.987,True
Photography walk me city ke small details notice hue,Positive,Neutral,0.5725,False
Portrait photography workshop me lighting techniques seekhi,Positive,Neutral,0.9887,False
Old photographs ke handwritten notes kaafi personal feel hue,Positive,Neutral,0.9773,False
Camera museum me historical models ka evolution interesting tha,Positive,Neutral,0.7007,False
Bhai photo edit karte karte original photo hi identify nahi ho rahi,Neutral,Negative,0.9703,True
Aaj international food map dekh ke different cuisines compare kiye,Positive,Neutral,0.9979,False
Bhai menu me dish ka naam itna long tha ki order dene se pehle pronunciation practice karni padi,Neutral,Negative,0.9608,True
Mexican street food ke flavours kaafi bold the,Positive,Neutral,0.8607,False
Bhai chilli sauce ka “mild” label definitely written by an enemy tha,Negative,Neutral,0.9896,True
Bhai tiny dessert dekh ke laga chef ne portion ko minimalist art bana diya,Negative,Neutral,0.6573,True
Moroccan spices ki aroma kaafi distinct thi,Positive,Neutral,0.9015,False
Bhai chopsticks se noodles pakadne me pura physics revise ho gaya,Negative,Neutral,0.7592,True
Thai curry ka flavour spicy but balanced tha,Positive,Neutral,0.9663,False
Bhai menu ka “extra spicy” option dekh ke seedha normal pe aa gaya,Negative,Neutral,0.9641,True
Italian fresh pasta ka texture packaged pasta se noticeably different tha,Positive,Neutral,0.9969,False
Bhai dessert table dekh ke “sirf taste karunga” wala plan 4 plates ka ho gaya,Positive,Neutral,0.996,True
Aaj antique clock exhibition dekhi,Positive,Neutral,0.9972,False
"Bhai wall clock ruk gayi aur sabne time phone se check kiya, progress",Positive,Neutral,0.774,True
Bhai clock tower ka bell itna loud tha ki entire street ko reminder mil gaya,Neutral,Positive,0.8694,True
Bhai watch winding karte karte laga main 1800s me shift ho gaya,Positive,Neutral,0.9939,True
Sundial ko actually use karke time estimate karna fun tha,Positive,Neutral,0.9589,False
Bhai digital clock dekhne ki aadat ne sundial ko personally insult kar diya,Neutral,Negative,0.9872,True
Bhai aquarium me shark itni calmly ghoom rahi thi jaise uska rent paid ho,Neutral,Positive,0.6481,True
Penguin enclosure ke paas jaake temperature suddenly understandable ho gaya 😂,Positive,Neutral,0.8069,True
"Bhai octopus ne mujhe dekha aur instantly ignore kar diya, celebrity behaviour",Neutral,Negative,0.9924,True
"Seahorse ko first time close-up me dekha, kaafi tiny tha",Positive,Neutral,0.9871,False
Bhai fish ko feed karte waqt ek ne pura buffet apne naam kar liya,Positive,Neutral,0.838,True
Aquarium ka underwater camera footage kaafi clear tha,Positive,Neutral,0.8422,False
Bhai crab itna attitude me walk kar raha tha jaise meeting uski ho,Positive,Negative,0.8853,True
Sea turtle rescue section me rehabilitation ke baare me kaafi kuch pata chala,Positive,Neutral,0.9031,False
Aquarium staff ne different species ke behaviour explain kiye,Positive,Neutral,0.997,False
Bhai fish ne camera ke saamne pose diya aur phir seedha nikal gayi,Positive,Neutral,0.9901,True
"Aaj farmers' cooperative ka process samjha, kaafi organised system hai",Positive,Neutral,0.5314,False
Local community garden me volunteers milke vegetables grow kar rahe the,Positive,Neutral,0.9944,False
Community library me books donate karne ka drive chal raha tha,Positive,Neutral,0.9792,False
Bhai notice board pe 14 posters the aur koi actual information nahi thi,Negative,Neutral,0.9847,True
Local volunteer group emergency supplies collect kar raha tha,Positive,Neutral,0.9964,False
Donation drive me books aur clothes dono collect ho rahe the,Positive,Neutral,0.5682,False
Local shelter ke liye volunteers weekend pe help kar rahe hain,Positive,Neutral,0.9769,False
Community event me different age groups ke log participate kar rahe the,Positive,Neutral,0.9906,False
Volunteer coordinator ne tasks kaafi clearly divide kiye,Positive,Neutral,0.9962,False
"Bhai feedback form me “optional” likha tha, phir reminder teen baar aa gaya",Negative,Neutral,0.9956,True
Aaj train journey me ek elderly couple se interesting conversation hui,Positive,Neutral,0.8001,False
Bhai station announcement itni unclear thi ki sab passengers ek dusre ko dekh rahe the,Negative,Neutral,0.9733,True
Journey ke dauran ek small town station pe local snacks try kiye,Positive,Neutral,0.9935,False
Bhai train 2 minute late hui aur announcement ne aisa bola jaise national emergency ho,Neutral,Negative,0.6111,True
"Train me charging point actually kaam kar raha tha, rare achievement",Positive,Neutral,0.8496,True
"Bhai luggage rack pe jagah mil gayi, aaj universe favour me hai",Positive,Neutral,0.8254,True
Station ke platform pe local musicians perform kar rahe the,Positive,Neutral,0.9936,False
Mountain railway ka route kaafi scenic aur slow-paced tha,Positive,Neutral,0.8871,False
Train me ek child ne pura journey window ke bahar dekhte hue spend ki,Positive,Neutral,0.602,False
"Bhai station pe chai nahi, souvenir lene gaya tha aur suitcase bhar gaya",Positive,Neutral,0.9763,True
Railway staff ne route change ka update clearly announce kiya,Positive,Neutral,0.9097,False
Aaj street market me handmade postcards mile,Positive,Neutral,0.9946,False
Bhai postcard bhejne ke liye address likhna bhi ab advanced skill lag raha hai,Neutral,Negative,0.9422,True
Bhai ek pen test karne gaya aur 15 minute stationery consultant ban gaya,Positive,Neutral,0.974,True
Handmade paper ka texture normal paper se kaafi different tha,Positive,Neutral,0.9209,False
Calligraphy workshop me basic strokes practice kiye,Positive,Neutral,0.9955,False
Bhai first calligraphy attempt dekh ke doctor ki handwriting classy lagne lagi,Negative,Positive,0.8166,True
Stationery store me recycled notebooks bhi available the,Positive,Neutral,0.9927,False
Post office ke old sorting system ke baare me jaana interesting tha,Positive,Neutral,0.9957,False
Bhai stamp collection dekh ke laga kisi ne patience ko hobby bana liya,Positive,Negative,0.6893,True
Aaj cooking workshop me bread-making technique seekhi,Positive,Neutral,0.9851,False
"Bhai dough ko “thoda knead” karna bola tha, arms ne full workout kar liya",Negative,Neutral,0.736,True
Bhai cake decorate karne gaya aur final design earthquake map lag raha tha,Negative,Neutral,0.9963,True
Cooking instructor ne knife skills kaafi clearly explain ki,Positive,Neutral,0.986,False
Homemade sauce ka flavour store-bought version se better laga,Positive,Neutral,0.9962,False
Different herbs ko smell karke identify karna interesting activity thi,Positive,Neutral,0.9253,False
Bhai “easy recipe” ne 17 ingredients dikha diye,Negative,Neutral,0.9377,True
Chocolate tempering ka process surprisingly precise tha,Neutral,Positive,0.9719,False
Bhai presentation ke liye dish decorate ki aur garnish ne sab cover kar diya,Negative,Neutral,0.9924,True
Fresh pasta ka dough properly stretch karna seekh liya,Positive,Neutral,0.9887,False
Cooking class me food waste minimise karne ke tips bhi mile,Positive,Neutral,0.9944,False
"Bhai final dish edible thi, so technically success hai 😂",Positive,Neutral,0.8386,True
Aaj board game cafe me new strategy game try kiya,Positive,Neutral,0.9951,False
Bhai game rules samajhne me hi opponent ne aadha board jeet liya,Negative,Neutral,0.9957,True
Cooperative game me sabne roles kaafi achhe se divide kiye,Positive,Neutral,0.9936,False
Bhai opponent ne “friendly game” bola aur phir tournament mode activate kar diya,Negative,Neutral,0.8826,True
Puzzle complete karne me expected se kam time laga,Positive,Neutral,0.7333,False
Bhai Monopoly me friendship ka real stress test ho gaya,Negative,Positive,0.997,True
Jigsaw puzzle ka last piece mil gaya after searching everywhere,Positive,Neutral,0.778,False
"Bhai game ke instructions 8 pages ke the, game khelna optional lag raha tha",Negative,Neutral,0.9963,True
Dice game ka outcome completely unpredictable tha,Neutral,Negative,0.9351,False
Aaj local theatre me experimental play dekha,Positive,Neutral,0.9657,False
Bhai actor ne itna emotional scene kiya ki audience bhi silent mode pe chali gayi,Positive,Negative,0.9896,True
"Bhai interval me story samajh aayi, plot ne tab tak mujhe ghost kar diya tha",Neutral,Negative,0.9956,True
Minimal stage design ke bawajood scene kaafi effective tha,Positive,Neutral,0.9874,False
Bhai villain ka entry music itna dramatic tha ki door bhi nervous ho gaya,Positive,Negative,0.7606,True
Theatre workshop me improvisation exercise try ki,Positive,Neutral,0.9828,False
Bhai improv me blank ho gaya aur silence ko performance bana diya,Neutral,Negative,0.9931,True
Traditional theatre costumes kaafi elaborate the,Positive,Neutral,0.9946,False
Bhai front-row seat mili aur ab actors ke expressions bhi personally visible hain,Positive,Neutral,0.93,True
Audience reaction se play ka impact kaafi clear tha,Positive,Neutral,0.8922,False
Bhai curtain call ke time clap karna hi safest social strategy tha,Neutral,Positive,0.4349,True
Aaj local architecture walk me old buildings dekhe,Positive,Neutral,0.993,False
Bhai building ka entrance itna fancy tha ki andar jaane se pehle confidence check karna pada,Positive,Negative,0.7996,True
Art deco buildings ke geometric patterns kaafi distinctive the,Positive,Neutral,0.9006,False
Bhai building ka staircase dekh ke lift ki invention ki respect badh gayi,Positive,Neutral,0.4951,True
Heritage street pe different architectural styles ek saath dikh rahe the,Positive,Neutral,0.9848,False
Old clock tower ka restoration kaafi carefully kiya gaya tha,Positive,Neutral,0.9115,False
Bhai narrow staircase ne fitness test bina registration ke le liya,Negative,Neutral,0.9802,True
Traditional courtyard houses ka layout interesting tha,Positive,Neutral,0.6882,False
Rooftop architecture se city ka view kaafi different lagta hai,Positive,Negative,0.8734,False
Heritage conservation team ne original details preserve kiye,Positive,Neutral,0.993,False
"Bhai staircase ke 100 steps the, architecture ke saath cardio complimentary tha",Negative,Positive,0.6516,True
Different cities ke public buildings compare karna interesting laga,Positive,Neutral,0.9951,False
Aaj volunteer animal shelter visit kiya,Positive,Neutral,0.9962,False
Bhai puppy ne ek baar dekha aur adoption form mentally fill ho gaya,Positive,Neutral,0.8226,True
Shelter me rescued animals ke medical records properly maintained the,Positive,Neutral,0.5343,False
Bhai cat ne pet karne diya aur phir suddenly attitude update kar diya,Neutral,Negative,0.9675,True
Volunteers animals ko socialise karne ke liye time de rahe the,Positive,Neutral,0.9953,False
Bhai dog toy lene gaya aur dog ne mujhe hi toy samajh liya,Positive,Neutral,0.6995,True
Adoption process ke steps clearly explain kiye gaye,Positive,Neutral,0.9758,False
Animal shelter ke donation system kaafi transparent laga,Positive,Neutral,0.9793,False
Rescue animals ke before-after stories emotional thi,Positive,Negative,0.7611,False
Volunteers animals ke behaviour ko patiently observe kar rahe the,Positive,Neutral,0.9047,False
Shelter me senior dogs ke liye separate area tha,Positive,Neutral,0.9925,False
Bhai kitten ne keyboard pe baith ke productivity ka final decision le liya,Negative,Neutral,0.9748,True
Animal enrichment toys ka purpose interesting laga,Positive,Neutral,0.9482,False
Bhai shelter se nikla toh 14 animals ke naam yaad the aur apna password nahi,Positive,Neutral,0.9907,True
Aaj public transport map ko actually understand kar liya,Positive,Neutral,0.9925,False
Bus driver ne route change announcement clearly diya,Positive,Neutral,0.9056,False
Ferry service ka schedule online accurately updated tha,Positive,Neutral,0.9941,False
Public transport app se arrival time check karna convenient tha,Positive,Neutral,0.9919,False
Bhai rush hour me personal space naam ki mythology samajh aayi,Negative,Neutral,0.4753,True
Metro station me accessibility features clearly marked the,Positive,Neutral,0.9109,False
Public transport pass recharge karna easy tha,Positive,Neutral,0.9395,False
Station ke digital boards multiple languages me information de rahe the,Positive,Neutral,0.9968,False
"Bhai train ke doors close hone ke baad hi platform pe pohcha, excellent timing",Negative,Positive,0.7891,True
Tram network ka coverage surprisingly extensive tha,Positive,Neutral,0.9528,False
"Bhai transit map samajh gaya, ab officially city ka unpaid navigator hu",Positive,Negative,0.9628,True
Bhai online shopping me “almost your size” dekh ke kapde bhi commitment issues wale lag rahe,Neutral,Negative,0.9113,True
Delivery tracker ne parcel ko teen ghante se same location pe meditate karwa rakha hai,Negative,Neutral,0.9963,True
Online review me kisi ne sirf “nice” likha aur mujhe pura research karna pada,Neutral,Negative,0.878,True
Shoes ka actual colour photos jaisa hi nikla,Positive,Neutral,0.9872,False
"Bhai cart me item rakha tha, website ne price badha ke character development kar diya",Negative,Neutral,0.6857,True
Local store me staff ne patiently different options dikhaye,Positive,Neutral,0.9956,False
"Discount banner dekh ke laga saving hogi, final bill ne reality samjha di",Negative,Neutral,0.4554,True
Backpack ka material expected se better quality ka tha,Positive,Neutral,0.9905,False
Bhai “limited stock” ka message 15 din se same confidence ke saath aa raha hai,Neutral,Positive,0.9937,True
"Bhai sale me sirf ek cheez lene gaya tha, shopping bag ne kuch aur decide kiya",Positive,Negative,0.8991,True
Product photos me size ka scale bilkul clear nahi tha,Negative,Neutral,0.9914,False
Aaj public library me rare books ka separate section dekha,Positive,Neutral,0.9949,False
"Bhai bookmark ghar pe reh gaya, page number ab memory pe dependent hai",Negative,Neutral,0.986,True
Librarian ne ek difficult-to-find book locate karwa di,Positive,Negative,0.8946,False
Reference section me international newspapers bhi available the,Positive,Neutral,0.9951,False
Bhai ek article dhoondhne gaya aur 14 unrelated facts leke nikla,Positive,Negative,0.9468,True
Digital catalogue se books search karna convenient tha,Positive,Neutral,0.9962,False
Library ke silent zone me literally pin drop bhi dramatic lag raha tha,Neutral,Negative,0.961,True
Book club discussion me different interpretations sunne ko mili,Positive,Negative,0.7569,False
Bhai “short story” boli thi aur 70 pages nikle,Neutral,Negative,0.9905,True
"Bhai podcast 20 minute ka tha, intro ne hi 8 minute le liye",Negative,Neutral,0.9899,True
Travel podcast sunte sunte destination list unnecessarily long ho gayi,Positive,Negative,0.9909,True
Bhai episode download kiya aur internet ne decide kiya ki abhi zarurat nahi,Negative,Neutral,0.5937,True
Language-learning podcast se pronunciation improve karne me help mili,Positive,Neutral,0.9748,False
Bhai podcast recommendation algorithm mujhe mujhse zyada jaanta hai apparently,Neutral,Positive,0.9879,True
History podcast me lesser-known events ke baare me pata chala,Positive,Neutral,0.9877,False
Bhai speaker ne “quick summary” bola aur 45 minute baad bhi context chal raha tha,Negative,Neutral,0.8797,True
Mental puzzles wale podcast episodes kaafi engaging the,Positive,Neutral,0.949,False
Documentary me archival footage ka use kaafi effective tha,Positive,Neutral,0.9272,False
Bank app ka new interface previous version se simpler hai,Positive,Neutral,0.9766,False
Cashless payment ka receipt immediately mil gaya,Positive,Negative,0.8698,False
Digital receipt save karna paper receipts se easier lagta hai,Positive,Neutral,0.9931,False
Currency exchange rates compare karna travel planning me helpful raha,Positive,Neutral,0.989,False
Bhai cashback ka notification aaya aur amount dekh ke laugh aa gaya,Neutral,Positive,0.9972,True
Expense categories banane se unnecessary spending identify hui,Positive,Negative,0.965,False
International payment ka conversion rate expected se fair tha,Positive,Neutral,0.9973,False
Receipt scanner se old bills organise karna convenient hai,Positive,Neutral,0.9933,False
Bhai form me “optional” field ne bhi somehow mandatory feel karwa diya,Neutral,Negative,0.9858,True
Aaj electric vehicle charging station ka working dekha,Positive,Neutral,0.9979,False
"Bhai charging cable dekh ke laga phone nahi, spaceship refuel ho raha hai",Positive,Neutral,0.9947,True
Solar-powered streetlights ka setup interesting tha,Positive,Neutral,0.9504,False
Bhai electric scooter ki battery percentage meri motivation se faster gir rahi thi,Negative,Positive,0.9925,True
Energy-efficient building ka cooling system kaafi interesting tha,Positive,Neutral,0.9851,False
Public charging point ka interface easy to understand tha,Positive,Neutral,0.8096,False
Bhai eco-friendly bottle lene gaya aur options ne environmental crisis aur complex kar di,Neutral,Negative,0.9857,True
Rainwater collection system ka working model clear tha,Positive,Neutral,0.9974,False
Sustainable packaging ka waste noticeably kam tha,Positive,Neutral,0.9135,False
Bhai “energy saving mode” ne bhi meri battery ko emotional support hi diya,Negative,Positive,0.9961,True
Aaj escape-room me code crack karne me team ne achha coordination dikhaya,Positive,Neutral,0.9755,False
Puzzle room ka lighting setup atmosphere ke liye perfect tha,Positive,Neutral,0.7543,False
Bhai lock kholne ke liye 4 keys try ki aur actual key table pe hi thi,Negative,Neutral,0.9936,True
Team ne clues ko systematically arrange kiya,Positive,Neutral,0.9936,False
Escape room ka timer dekh ke brain ne unnecessary urgency create kar di,Neutral,Negative,0.9896,False
Team member ne ek pattern notice kiya jo sab miss kar rahe the,Positive,Neutral,0.5309,False
Bhai code crack hua aur timer ne 3 seconds ka unnecessary drama create kiya,Positive,Negative,0.9916,True
Escape room staff ne game ke baad solutions explain kiye,Positive,Neutral,0.9738,False
Bhai ek clue ko 10 baar read kiya aur answer literally usi sentence me tha,Negative,Neutral,0.9944,True
"Bhai exit door mil gaya, ab real life ka exit bhi chahiye",Neutral,Negative,0.9739,True
Aaj pottery wheel pe bowl banana try kiya,Positive,Neutral,0.9983,False
Bhai clay mere haath se zyada independent nikli,Negative,Neutral,0.9822,True
Ceramic glazing ke different finishes kaafi interesting the,Positive,Neutral,0.9294,False
Instructor ne hand positioning patiently correct ki,Positive,Neutral,0.9963,False
Clay drying process ke baare me bhi explain kiya gaya,Positive,Neutral,0.9972,False
Ceramic painting me fine brushes use kiye,Positive,Neutral,0.9695,False
Kiln me pottery fire hone ke baad colour kaafi different dikha,Positive,Neutral,0.9945,False
Workshop me different shapes ke bowls display pe the,Positive,Neutral,0.993,False
Bhai wheel pe clay centre karna hi main boss level nikla,Negative,Neutral,0.9906,True
Traditional pottery tools ka use interesting laga,Positive,Neutral,0.9576,False
Pottery drying rack pe different handmade pieces arranged the,Positive,Neutral,0.9848,False
"Bhai ghar pe rakhne ke liye banaya tha, ab museum me rakhne layak lag raha hai obviously",Positive,Negative,0.9032,True
Aaj local astronomy club ke members se mila,Positive,Neutral,0.9939,False
Bhai telescope setup dekh ke laga budget kaafi serious hobby pe ja raha hai,Neutral,Positive,0.9955,True
Club members ne constellations identify karna sikhaya,Positive,Neutral,0.9984,False
Bhai ek star identify karne gaya aur 11 satellites count kar liye,Positive,Neutral,0.9945,True
Moon observation session me craters clearly visible the,Positive,Neutral,0.8846,False
Club members different telescopes compare kar rahe the,Positive,Neutral,0.9983,False
Bhai child ne constellation explain kiya aur main silently notes lene laga,Positive,Neutral,0.9748,True
Portable telescope ka setup surprisingly compact tha,Positive,Neutral,0.9085,False
Bhai telescope pe turn ka wait karna bhi patience training nikla,Neutral,Negative,0.9649,True
Space-related discussions kaafi engaging thi,Positive,Neutral,0.9115,False
Club ne beginner-friendly star maps distribute kiye,Positive,Neutral,0.9971,False
Bhai Milky Way dekhne gaya aur clouds ne privacy maintain kar di,Negative,Neutral,0.938,True
Aaj public art installation dekhi jo recycled metal se bani thi,Positive,Neutral,0.9966,False
Street mural me local history depict ki gayi thi,Positive,Neutral,0.9117,False
Public art project me local residents bhi involved the,Positive,Neutral,0.9814,False
Community mural ne previously empty wall ko lively bana diya,Positive,Negative,0.8699,False
Bhai installation ke paas khada tha aur log mujhe bhi artwork samajhne lage,Neutral,Positive,0.9936,True
Public art walk me multiple neighbourhoods cover hue,Positive,Neutral,0.8811,False
Artist ne live painting session me audience ke questions answer kiye,Positive,Neutral,0.992,False
"Bhai painting complete hone se pehle hi main “wow” bol chuka tha, pressure unnecessary tha",Positive,Negative,0.9526,True
Local sculpture park me different materials use kiye gaye the,Positive,Neutral,0.9816,False
Bhai abstract artwork dekh ke brain ne apna interpretation department khol diya,Neutral,Positive,0.7142,True
Public installation ne traffic area ko visually interesting bana diya,Positive,Neutral,0.9512,False
Art walk guide ne historical context kaafi clearly explain kiya,Positive,Neutral,0.8543,False
Bhai gallery se nikla toh har random wall bhi mujhe artistic lag rahi thi,Positive,Negative,0.9232,True
Aaj recycling centre ka tour dekha,Positive,Neutral,0.994,False
Bhai sorting machine itni fast thi ki meri decision-making slow lagne lagi,Positive,Negative,0.9792,True
Bhai ek bottle ko recycle karne gaya aur machine ne uska pura career change kar diya,Neutral,Negative,0.8683,True
"Recycled plastic se naye products kaise bante hain, ye dekha",Positive,Neutral,0.998,False
Waste collection system expected se zyada organised tha,Positive,Neutral,0.9912,False
Food waste se compost banne ka process explain kiya gaya,Positive,Neutral,0.9972,False
Reusable materials ke examples kaafi practical the,Positive,Neutral,0.9118,False
Bhai ek plastic bottle dekhi aur suddenly uski entire life story imagine ho gayi,Neutral,Positive,0.5692,True
Waste sorting workshop me different categories identify karni thi,Positive,Negative,0.6419,False
Compost ka finished result surprisingly normal soil jaisa lag raha tha,Positive,Neutral,0.9928,False
"Bhai recycling bin ke colours yaad kar liye, ab national responsibility complete",Positive,Negative,0.7558,True
Circular economy ka basic concept tour ke baad clearer hua,Positive,Neutral,0.9638,False
Reuse centre me old furniture ko restore karke sell kiya ja raha tha,Positive,Neutral,0.9759,False
Bhai waste management dekh ke realise hua ki “dustbin me daal do” actually pura system hai,Positive,Negative,0.9025,True
Bhai glacier trek pe gaya tha aur jacket ne meri personality se zyada layers pehni thi 🥶😂,Neutral,Negative,0.9345,True
"Bhai wahan raat ko bhi sunlight thi, clock ko trust karna mushkil ho gaya 😭😂",Neutral,Negative,0.8347,True
Bhai cycle lanes dekh ke laga pedestrians ko bhi permission leni padti hogi 😂🚲,Neutral,Negative,0.9377,True
Bhai Danish bakery ke saamne diet ne bina discussion resignation de diya 🥐😂,Positive,Negative,0.9941,True
Istanbul me European aur Asian sides ko connect karta bridge dekhna interesting tha 🌉,Positive,Neutral,0.9697,False
Bhai balloon ride ke liye subah itni jaldi uthna pada ki alarm bhi shocked tha 😭😂,Neutral,Negative,0.9458,True
Bhai staircase dekh ke samajh aaya ki Santorini photos me hi flat hai 😂,Negative,Neutral,0.8313,True
Bhai museum me 2000 saal purani cheez ko “old” bolte hue apni age rethink kar li 😂,Neutral,Negative,0.9856,True
Bhai Venice me Google Maps bhi thoda confused lag raha tha 😂🗺️,Neutral,Negative,0.9527,True
"Bhai building dekhne gaya tha, har balcony apni hi personality leke baithi thi 😂",Positive,Negative,0.6884,True
Bhai fog itna tha ki mountain bhi hide-and-seek khel raha tha 😭😂,Neutral,Negative,0.9867,True
Bhai market me bargaining karte karte seller mera financial advisor ban gaya 😂,Positive,Negative,0.9305,True
Bhai Nile ke paas sunset dekha aur phone camera ne phir bhi justice nahi kiya 😭📱,Positive,Negative,0.9331,True
Bhai elephant ne ek baar dekha aur main suddenly apni aukaat me aa gaya 😂🐘,Positive,Neutral,0.5118,True
"Bhai penguin beach pe tha aur main sweater me, priorities questionable hain 😂",Neutral,Negative,0.7718,True
Bhai gorilla ko dekh ke laga gym membership cancel kar deni chahiye 😂,Neutral,Negative,0.9891,True
Bhai necklace choose karne me itna time laga ki shopkeeper ne emotional support offer kar diya 😂,Neutral,Positive,0.9174,True
Bhai beach ke peeche mountain dekh ke geography flex karne ka mann ho gaya 😂,Positive,Negative,0.9587,True
Bhai dune pe chadhte chadhte samajh aaya ki downward walking bhi achievement hai 😭😂,Negative,Positive,0.9008,True
Bhai sakura ke neeche photo lene gaya aur wind ne petals ka entire production budget uda diya 😂🌸,Positive,Negative,0.7898,True
"Bhai street food ke saamne wallet ne mujhe warning di thi, maine ignore kar diya 😂💸",Positive,Negative,0.9917,True
"Bhai skincare shelf dekh ke laga face nahi, software update karna hai 😂",Positive,Neutral,0.7018,True
Bhai airport me waterfall dekh ke flight miss karne ka risk feel hua 😂,Neutral,Negative,0.9231,True
"Bhai menu me 40 options the, decision making ne resignation de diya 😂",Neutral,Negative,0.9966,True
Bhai terrace dekh ke laga farming bhi staircase architecture kar sakti hai 😂,Positive,Neutral,0.6269,True
Vietnam ke floating markets ka experience kaafi different hai 🛶🍜,Positive,Neutral,0.8119,False
Bhai market me “sirf dekh raha hu” bolke nikla aur bag full tha 😂,Positive,Negative,0.8455,True
Bhai beach pe sand itni fine thi ki shoes ne retirement le li 😂,Neutral,Negative,0.9815,True
Bhai skyline photo lene gaya aur building ke beech mera face bhi lost ho gaya 😂📸,Neutral,Negative,0.8962,True
Bhai ek tree se 17 shades dekh ke colour palette hi save kar li 😭🍁,Positive,Negative,0.9498,True
Bhai skeleton decorations itni colourful thi ki fear ne resignation de diya 😂,Positive,Negative,0.9884,True
Bhai costume me itne feathers the ki bird kingdom bhi jealous ho jaye 😂,Positive,Negative,0.8126,True
Bhai tango step try kiya aur partner ne survival mode activate kar diya 😂,Negative,Positive,0.6262,True
Bhai stars itne clearly dikh rahe the ki city lights ki yaad aa gayi 😂,Positive,Negative,0.7449,True
Bolivia ke salt flats reflection ke time surreal lagte hain 🧂🌌,Positive,Negative,0.9589,False
Bhai salt flat pe reflection itna perfect tha ki sky aur ground confused the 😂,Positive,Neutral,0.933,True
Bhai bahar freezing thi aur pool me baith ke weather ko personally forgive kar diya 😂,Positive,Negative,0.9777,True
Bhai desert ke beech snow dekh ke geography ne resignation de diya 😂,Positive,Negative,0.995,True
Aaj robotics exhibition me humanoid robot dekha 🤖✨,Positive,Neutral,0.7436,False
Bhai robot ne greeting ki aur meri social skills officially outdated ho gayi 😂,Positive,Negative,0.9937,True
"Bhai machine ne object 0.1 second me pick kiya, main socks pair karne me 10 minute leta hu 😂",Negative,Neutral,0.8983,True
Bhai drone itna smoothly uda ki mera hand-eye coordination insecure ho gaya 😂,Neutral,Negative,0.9705,True
3D printer se small mechanical part banaya gaya 🖨️⚙️,Positive,Neutral,0.9861,False
Bhai printer ne object banana start kiya aur main bas usko ghoorta raha like magic 😂,Positive,Negative,0.8491,True
Bhai light voice se off hui aur mujhe apni existence unnecessary lagi 😂,Neutral,Negative,0.9905,True
Bhai drone ki battery mujhse zyada responsible nikli 😂,Positive,Negative,0.9319,True
Autonomous vehicle ka sensor system explain kiya gaya 🚗🤖,Positive,Neutral,0.9502,False
"Bhai hologram dekh ke haath lagaya, technology ne politely ignore kar diya 😂",Neutral,Negative,0.996,True
Bhai fossil 200 million years purana tha aur meri patience 20 minutes ki hai 😂,Neutral,Negative,0.6031,True
Bhai skeleton dekh ke laga Jurassic Park ke producers ne size thoda kam bataya tha 😂,Positive,Neutral,0.934,True
"Bhai space se aaye rock ko touch karne ka mann hua, security ne imagination bhi rok di 😂",Neutral,Negative,0.8741,True
Geological rock layers ka interactive model useful tha 🪨,Positive,Neutral,0.9977,False
Bhai rock ki age sun ke apni birth certificate ko young feel karwa diya 😂,Positive,Negative,0.8798,True
Museum guide ne fossil formation ka process simple examples se explain kiya,Positive,Neutral,0.9888,False
Bhai dinosaur ke teeth dekh ke dentist appointment cancel karne ka mann hua 😂🦷,Neutral,Negative,0.9612,True
Paleontology lab me fossil cleaning process observe kiya,Positive,Neutral,0.9972,False
Meteorite fragments ka composition compare kiya gaya,Positive,Neutral,0.9981,False
Bhai space rock ka naam itna complicated tha ki main bas “woh wala” bol raha tha 😂,Neutral,Negative,0.798,True
Dinosaur footprint replicas kaafi detailed the,Positive,Neutral,0.9884,False
Bhai footprint itna bada tha ki mera shoe usme parking kar sakta tha 😂,Positive,Negative,0.7984,True
Aaj traditional textile exhibition dekhi 🧵✨,Positive,Neutral,0.7286,False
"Bhai ek saree weave complete hone me itna time lagta hai, fast fashion ko sharam aani chahiye 😂",Positive,Negative,0.9915,True
Handwoven fabrics ke patterns kaafi intricate the,Positive,Neutral,0.9925,False
Textile artist ne pattern-making process live demonstrate kiya,Positive,Neutral,0.9949,False
Bhai ek design banane me hours lagte hain aur main shirt choose karne me 40 minutes leta hu 😂,Neutral,Negative,0.9438,True
Bhai stamp ek baar galat laga aur pura pattern experimental ho gaya 😂,Neutral,Negative,0.9465,True
Bhai indigo ke baad haath dekh ke laga smurf internship complete ho gayi 😂,Neutral,Positive,0.9868,True
Textile museum me regional designs ka comparison interesting tha,Positive,Neutral,0.9751,False
Bhai weaving machine ki speed dekh ke keyboard slow lagne laga 😂,Positive,Negative,0.7638,True
Natural fibre samples ko touch karke difference samajh aaya,Positive,Neutral,0.9934,False
Traditional clothing ke historical meanings bhi explain kiye gaye,Positive,Neutral,0.9974,False
Bhai ek outfit ke peeche itni history thi ki wardrobe suddenly academic ho gaya 😂,Positive,Negative,0.962,True
Bhai injera fold karte karte plate ke saath negotiation ho gayi 😂,Neutral,Negative,0.6992,True
Bhai spicy level ne mujhe cultural exchange ka full experience de diya 😂🔥,Negative,Positive,0.9984,True
"Bhai baklava ka ek piece bola tha, box ne meri planning cancel kar di 😂",Positive,Negative,0.9909,True
Bhai menu me itne options the ki appetizer choose karna thesis ban gaya 😂,Neutral,Negative,0.9601,True
Bhai tea serve hone me itna patience chahiye tha ki notification check karna bhi rude lag raha tha 😂,Neutral,Negative,0.9727,True
Bhai salsa ka ek bite liya aur water bottle ko best friend bana liya 😂🔥,Negative,Positive,0.9949,True
Greek olives ke different varieties taste kiye 🫒,Positive,Neutral,0.9961,False
Bhai olive choose karne me bhi expert banna padega apparently 😂,Neutral,Positive,0.581,True
Bhai meri kite hawa me gayi aur 3 seconds me international border cross karne wali thi 😂🪁,Neutral,Negative,0.9281,True
Bhai kite handle karne gaya aur thread ne meri fingers ka character test le liya 😂,Negative,Neutral,0.8882,True
Kite festival me children aur adults dono participate kar rahe the,Positive,Neutral,0.986,False
"Bhai bachche ki kite mujhse zyada stable thi, talent generation change ho gaya 😂",Positive,Negative,0.5886,True
Traditional kite-making workshop me bamboo frames banaye gaye,Positive,Neutral,0.9848,False
Bhai frame straight rakhna bhi engineering project nikla 😂,Neutral,Negative,0.9889,True
Bhai octopus kite dekh ke birds ne bhi route change kar liya 😂,Positive,Negative,0.8888,True
Kite competition ke rules clearly explain kiye gaye,Positive,Neutral,0.99,False
Bhai kite design choose karne me itna time laga ki festival khatam hone wala tha 😂,Neutral,Positive,0.667,True
"Bhai kite ud gayi but spool mere haath me reh gaya, teamwork incomplete 😂",Neutral,Negative,0.9882,True
Bhai subtitles itni fast thi ki reading speed ko Olympic training mil gayi 😂,Neutral,Negative,0.9751,True
Bhai dialogue samajhne ke liye subtitles ko emotional support lena pada 😂,Neutral,Negative,0.6768,True
Bhai documentary khatam hui aur suddenly apni life pe research paper likhne ka mann hua 😂,Positive,Negative,0.9954,True
"Bhai Q&A me question poochna tha, microphone milte hi brain logout ho gaya 😂",Neutral,Negative,0.9642,True
"Bhai joke samajhne ke baad 5 seconds late laugh kiya, international timing 😂",Positive,Negative,0.9654,True
Film restoration process ke before-after clips impressive the,Positive,Neutral,0.7208,False
Bhai old footage clean hone ke baad actors mujhse zyada HD lag rahe the 😂,Positive,Negative,0.4897,True
Japanese greetings ka usage context ke saath explain hua 🇯🇵,Positive,Neutral,0.9966,False
Bhai greeting yaad thi but situation wrong choose kar di 😂,Neutral,Negative,0.9787,True
Bhai apna naam Arabic me likhne gaya aur handwriting ne mystery novel bana diya 😂,Neutral,Negative,0.9927,True
Language exchange partner ne pronunciation gently correct ki,Positive,Neutral,0.9954,False
"Bhai pronunciation improve karne ke liye same word 20 baar bola, word bhi tired ho gaya 😂",Neutral,Negative,0.9603,True
Korean alphabet ka structure surprisingly logical laga,Positive,Neutral,0.5951,False
Bhai letters samajh aaye but typing keyboard ne friendship reject kar di 😂,Neutral,Negative,0.9919,True
Bhai accent copy karte karte sentence se zyada acting ho gayi 😂,Positive,Negative,0.9929,True
Language meetup me different countries ke students mile,Positive,Neutral,0.9673,False
Bhai sabki languages sunke apni vocabulary suddenly underqualified lagne lagi 😂,Neutral,Negative,0.9917,True
Bhai ek gesture galat kar diya aur communication ka plot twist aa gaya 😂,Neutral,Negative,0.9926,True
Aaj world music workshop me African drums try kiye 🥁🌍,Positive,Neutral,0.8849,False
Bhai drum itna loud tha ki heartbeat bhi backup rhythm de rahi thi 😂,Positive,Negative,0.9352,True
Bhai bagpipe sunte hi pata chala instrument bhi dramatic entrance kar sakta hai 😂,Positive,Negative,0.8811,True
Indian classical fusion performance me multiple instruments combine hue,Positive,Neutral,0.9836,False
Bhai tabla aur electronic beats saath sunke brain ko software update chahiye tha 😂,Positive,Negative,0.682,True
Bhai saxophone solo itna unexpected tha ki audience bhi momentarily silent ho gayi 😂,Positive,Negative,0.9099,True
Bhai guitarist ke fingers dekh ke apne typing skills pe doubt aa gaya 😂,Neutral,Positive,0.6071,True
Traditional Mongolian throat singing ka sound unique tha,Positive,Neutral,0.9149,False
Bhai first time suna aur laga speaker ne secret mode activate kar diya 😂,Neutral,Negative,0.5712,True
Bhai conductor ke haath dekh ke laga pura orchestra traffic control se chal raha hai 😂,Positive,Negative,0.8293,True
Bhai cycle chalate waqt helmet ne meri hairstyle ki saari hopes destroy kar di 😂,Neutral,Negative,0.9021,True
Rock climbing wall pe beginner route complete kiya 🧗,Positive,Neutral,0.9972,False
Bhai wall pe chadhte waqt ek point pe gravity ne personal conversation start kar di 😂,Negative,Positive,0.4858,True
Bhai paddle chalaya aur boat ne left ko personal favourite bana liya 😂,Neutral,Positive,0.9968,True
Bhai board pe khada hone se pehle hi ocean ne mujhe welcome kar diya 😂,Negative,Positive,0.9854,True
Canoeing competition me team coordination important tha 🚣,Positive,Neutral,0.9874,False
Horse trekking route forest ke through tha 🐎🌲,Positive,Neutral,0.8142,False
Bhai zipline pe gaya aur scream ne speed se competition kar liya 😂,Positive,Negative,0.9284,True
Tropical greenhouse me humidity kaafi high thi 🌴💧,Neutral,Positive,0.9964,False
Bhai greenhouse me 5 minute raha aur hairstyle ne tropical climate accept kar liya 😂,Negative,Positive,0.7849,True
Bhai cactus ko dekh ke samajh aaya ki low-maintenance bhi dangerous ho sakta hai 😂,Positive,Negative,0.7707,True
Bhai orchid choose karne gaya aur har flower ne “main best hu” energy di 😂,Positive,Neutral,0.6067,True
Bhai bamboo itna tall tha ki selfie me sky zyada aa gaya 😂📸,Neutral,Positive,0.949,True
Bhai bonsai dekh ke laga tree bhi apartment living kar sakta hai 😂,Positive,Neutral,0.7016,True
Bhai pond ke paas photo lene gaya aur mosquito community ne attendance laga di 😂,Negative,Neutral,0.9677,True
Native plant conservation area me local species identify ki,Positive,Neutral,0.9935,False
Bhai plant names yaad karte karte brain me nursery ka syllabus ban gaya 😂,Neutral,Negative,0.9199,True
Bhai butterfly photo lene gaya aur woh naturally model banne ke mood me nahi thi 😂,Neutral,Negative,0.8505,True
Aaj astronomy app se different constellations identify kiye 🌌📱,Positive,Neutral,0.9947,False
"Bhai app ne constellation dikha diya, sky ne meanwhile clouds bhej diye 😂",Negative,Neutral,0.9404,True
Meteor shower ka peak time late night tha ☄️🌙,Neutral,Positive,0.9493,False
Bhai moon zoom kiya aur camera ne potato quality me answer diya 😂,Negative,Positive,0.4226,True
Saturn ke rings ka model kaafi detailed tha 🪐,Positive,Neutral,0.6635,False
Space telescope ke images me distant galaxies dekhi 🌌,Positive,Neutral,0.9966,False
Bhai galaxy itni door thi ki reply aane ka wait bhi unrealistic lagta hai 😂,Neutral,Negative,0.9861,True
Bhai eclipse dekhne ke liye glasses pehne aur duniya suddenly low-resolution lagne lagi 😂,Neutral,Negative,0.9622,True
Bhai rover ka wheel dekh ke laga NASA ne bhi proper tyre research ki hai 😂,Positive,Neutral,0.9056,True
Bhai rocket launch countdown dekhte waqt 10 seconds bhi 10 saal lag rahe the 😂,Neutral,Negative,0.5236,True
International Space Station ke experiments ke baare me padha,Positive,Neutral,0.992,False
Bhai old camera itna heavy tha ki photography ke saath gym membership free honi chahiye 😂,Neutral,Negative,0.9463,True
Film cameras ke mechanical parts kaafi intricate the,Positive,Neutral,0.9951,False
Bhai instant photo ka wait karte hue patience ka old-school version mil gaya 😂,Neutral,Negative,0.9725,True
Darkroom photography ka chemical process interesting tha,Positive,Neutral,0.6739,False
Bhai photo develop hone ka wait dekh ke phone camera aur impatient lagne laga 😂,Positive,Negative,0.9569,True
"Bhai 20 photos ke baad memory full, camera bhi minimalist lifestyle pe tha 😂",Neutral,Negative,0.666,True
Bhai vintage hairstyle dekh ke current trends ko suddenly forgive kar diya 😂,Positive,Negative,0.9877,True
Documentary photographers ke original contact sheets display pe the,Positive,Neutral,0.9935,False
Bhai ek photo choose karne me photographer ne jitna time liya utna main poori gallery me nahi laga 😂,Neutral,Negative,0.9729,True
Analog photography workshop me film develop ki,Positive,Neutral,0.9951,False
Bhai chemicals ki smell ne creativity se zyada laboratory yaad dila di 😂,Neutral,Negative,0.8491,True
Bhai black-and-white photo me bhi meri confused expression HD thi 😂,Positive,Negative,0.9802,True
Aaj international chess tournament ka live match dekha ♟️🌍,Positive,Neutral,0.7641,False
Bhai commentator ne move explain kiya aur mujhe board aur complicated lagne laga 😂,Neutral,Negative,0.9741,True
Tournament hall me complete silence maintained tha,Positive,Neutral,0.5541,False
Bhai ek cough bhi dramatic sound effect ban raha tha 😂,Neutral,Negative,0.7085,True
International players ke playing styles kaafi different the,Positive,Neutral,0.9822,False
Bhai left-right steps yaad karte karte body ne apni choreography invent kar di 😂,Neutral,Negative,0.9965,True
Bhai footwork sun ke shoes ne bhi pressure feel kiya hoga 😂,Positive,Negative,0.871,True
Contemporary dance performance ka storytelling aspect interesting tha,Positive,Neutral,0.9648,False
Bhai dance samajhne gaya aur end me bas “deep tha” bol ke aa gaya 😂,Neutral,Negative,0.978,True
Bhai costume me itne details the ki outfit ka separate resume ban sakta hai 😂,Positive,Neutral,0.795,True
Korean traditional dance me movements kaafi controlled the,Positive,Neutral,0.994,False
Bhai slow movement me bhi itni precision thi ki mera walking confidence hurt ho gaya 😂,Neutral,Negative,0.9771,True
Dance instructor ne steps ko small parts me break kiya,Positive,Neutral,0.9919,False
Aaj handmade musical instrument market dekha 🎻🪕,Positive,Neutral,0.9969,False
African percussion instruments ke shapes kaafi diverse the,Positive,Neutral,0.9273,False
Bhai drum kharidne ka thought aaya aur neighbours ki image saamne aa gayi 😂,Neutral,Negative,0.9757,True
String instruments ke tuning methods compare kiye,Positive,Neutral,0.9981,False
Traditional drums ke leather work ki detailing interesting thi,Positive,Neutral,0.9829,False
Bhai drumhead tighten karna bhi engineering ka side quest nikla 😂,Neutral,Negative,0.9732,True
Instrument makers ne wood selection ka process explain kiya,Positive,Neutral,0.997,False
"Bhai wood choose karne ke liye itni knowledge chahiye, main toh furniture colour bhi confuse karta hu 😂",Neutral,Negative,0.6516,True
Handmade instruments ka sound factory-made versions se noticeably different tha,Positive,Neutral,0.9967,False
Bhai ek instrument suna aur laga Spotify playlist ko competition mil gaya 😂,Positive,Negative,0.4831,True
Music workshop me participants ko instruments try karne diye gaye,Positive,Neutral,0.9919,False
Bhai sabko turn mila aur mera instrument ne mujhe hi judge kar diya 😂,Neutral,Negative,0.9955,True
Aaj global street photography exhibition dekhi 📸🌍,Positive,Neutral,0.874,False
Bhai photographer ne random moment capture kiya aur meri 50 planned photos useless lagne lagi 😂,Positive,Negative,0.9853,True
Bhai puddle me city ka reflection dekha aur suddenly photography professor feel hua 😂,Positive,Neutral,0.6316,True
Bhai monochrome photo me bhi traffic somehow loud feel ho raha tha 😂,Neutral,Negative,0.9613,True
Documentary photographers ne everyday life ko different perspective se capture kiya,Positive,Neutral,0.9736,False
Bhai symmetry ke chakkar me 15 minute ek hi wall ko ghoorta raha 😂,Neutral,Negative,0.7412,True
Photojournalism exhibition me different countries ke stories thi,Positive,Neutral,0.9865,False
"Bhai ek photo ne pura article padhne pe majboor kar diya, image ka influence strong tha 😭",Positive,Negative,0.9859,True
Bhai photo lene se pehle permission maangi aur subject ne photographer ko bhi pose sikha diya 😂,Positive,Negative,0.779,True
Long-exposure city shots ka effect kaafi interesting tha,Positive,Neutral,0.8927,False
Bhai traffic lights streaks ban gayi aur mujhe physics suddenly aesthetic lagne lagi 😂,Positive,Negative,0.9389,True
Exhibition me old photographs ke original negatives bhi displayed the,Positive,Neutral,0.9969,False
Bhai negative dekh ke realise hua photography ka bhi opposite version hota hai 😂,Neutral,Negative,0.9908,True
Aaj international science fair me student inventions dekhe 🔬🌍,Positive,Neutral,0.7623,False
Water purification prototype ka working model interesting tha 💧🔬,Positive,Neutral,0.6635,False
"Bhai filter ne dirty water clean kar diya, kaash life decisions bhi filter ho jaate 😂",Positive,Negative,0.9876,True
Smart agriculture prototype soil moisture measure kar raha tha 🌱📡,Positive,Neutral,0.989,False
Low-cost medical device ka design practical laga,Positive,Neutral,0.993,False
Bhai prototype dekh ke laga engineering students sleep ko optional kyun samajhte hain 😂,Negative,Neutral,0.9184,True
"Bhai sunlight se food cook ho gaya, gas cylinder quietly insecure hoga 😂",Positive,Neutral,0.9642,True
Air-quality monitoring device real-time data show kar raha tha 🌫️📊,Positive,Neutral,0.6529,False
Students ne biodegradable packaging ka prototype banaya,Positive,Neutral,0.9983,False
Bhai packaging dekh ke plastic bag ne career counselling book kar li 😂,Positive,Negative,0.9761,True
Mini weather station temperature aur humidity record kar raha tha 🌡️,Positive,Neutral,0.9932,False
Bhai weather station ne data collect kiya aur mera weather prediction phir bhi wrong tha 😂,Neutral,Negative,0.6308,True
"Bhai har project me solar panel tha, sun ko full-time employee bana diya 😂",Positive,Negative,0.7138,True
Aaj world heritage crafts ka online exhibition dekha 🧵🌍,Positive,Neutral,0.8715,False
Bhai ek carpet banane me months lagte hain aur main usko “nice design” bol ke aage badh gaya 😭😂,Neutral,Negative,0.8803,True
Bhai bowl pe pattern banaya aur final result ko abstract category me daal diya 😂,Neutral,Negative,0.7283,True
Bhai ek print me mountains dekhe aur mera sketch suddenly criminal evidence lagne laga 😂,Negative,Neutral,0.6209,True
Bhai artist itna small paint kar raha tha ki mera phone font bhi giant lagne laga 😂,Positive,Negative,0.9834,True
Indigenous weaving techniques ka historical context interesting tha,Positive,Neutral,0.997,False
"Bhai ek textile ke peeche generations ki knowledge thi, aur main laundry me colour mix kar deta hu 😂",Negative,Neutral,0.8939,True
Handmade baskets ke natural fibres ka texture kaafi unique tha,Positive,Neutral,0.5379,False
Bhai basket itni neatly woven thi ki mere cables usko dekh ke guilty feel karenge 😂,Positive,Negative,0.9813,True
Traditional mask-making workshop me natural materials use hue,Positive,Neutral,0.994,False
Bhai speakers ne duniya bhar me help ki aur main ghar pe charger dhoondh raha tha 😂,Neutral,Positive,0.9844,True
Refugee education programs ke initiatives ke baare me jaana,Positive,Neutral,0.987,False
Bhai ek volunteer ne multiple languages seekh li aur main ek password yaad nahi rakh pa raha 😂,Negative,Neutral,0.9153,True
"Bhai food packet ko destination tak pahunchane ke peeche pura operation hota hai, courier wale ko respect 😂",Positive,Neutral,0.7679,True
Community healthcare volunteers remote areas me services provide kar rahe the,Positive,Neutral,0.9944,False
Bhai log remote villages tak ja rahe hain aur main nearby shop ke liye ride book karta hu 😂,Negative,Neutral,0.919,True
Education volunteers children ke liye digital learning resources arrange kar rahe the,Positive,Neutral,0.9939,False
Bhai volunteer ne 100 kids ko teach kiya aur main ek group chat mute nahi kar pa raha 😂,Negative,Positive,0.8476,True
Wildlife conservation volunteers injured animals ko track karte hain,Positive,Neutral,0.9959,False
International volunteer network ne different countries ke projects connect kiye,Positive,Neutral,0.9921,False
NASA ko bolu kya mere room se bhi satellite launch karwa de 🚀😂,Positive,Negative,0.9127,True
"Mere luck mein aurora nahi, bas tube light ka flicker likha hai 😭😂",Negative,Neutral,0.6855,True
"Dolphins humse zyada sorted hain, aur unki meetings bhi underwater hoti hain 😂",Positive,Negative,0.9283,True
Bees na ho toh food system kaafi disturb ho jayega 🐝🌼,Negative,Positive,0.9769,False
"Fish ke ghar bhi itne colourful hain, mera room toh government office lagta hai 😂",Negative,Positive,0.5403,True
"Sahara mein bhi raat ko stars mil jaate hain, mere area mein bas mosquitoes milte hain 🥲",Negative,Neutral,0.9626,True
Octopus ke paas eight arms hain aur phir bhi multitasking mujhse better karta hai 😭,Negative,Positive,0.9895,True
Bees ne proper management system bana liya aur humans abhi meeting schedule pe lad rahe hain 😂,Negative,Neutral,0.6712,True
Kangaroo ko dekh ke lagta hai Australia mein pets bhi gym jaate hain 😂,Positive,Negative,0.7666,True
"Jungle mein ek leaf ke peeche bhi koi creature niklega, privacy naam ki cheez hi nahi 😂",Negative,Neutral,0.9173,True
Bamboo ko meri productivity dekh ke shayad sympathy aa jaaye 😂,Negative,Positive,0.9971,True
Swiss trains itni punctual hain ki mera alarm bhi insecure ho jaaye 😂,Positive,Negative,0.9613,True
New Zealand ka landscape genuinely unreal lagta hai 🌄,Positive,Negative,0.9829,False
New Zealand dekh ke lagta hai kisi ne graphics settings max kar di 😂,Positive,Negative,0.9947,True
Norway ke views dekh ke mera wallpaper bhi resign kar dega 😂,Positive,Negative,0.8954,True
Romans centuries pehle roads bana gaye aur hum pothole ko permanent feature bana ke baithe hain 😂,Negative,Neutral,0.8145,True
"Ek broken pot bhi archaeologist ke liye treasure hai, meri broken bottle bas kachra hai 😂",Positive,Negative,0.5052,True
Purane cameras ko dekh ke lagta hai technology pehle personality ke saath aati thi 😂,Positive,Negative,0.9842,True
Vinyl player dekh ke lagta hai music bhi ab furniture ban gaya 😂,Positive,Negative,0.9938,True
Purane maps mein duniya itni confusing thi ki Google Maps bhi proud feel kare 😂,Positive,Negative,0.9936,True
Handcrafted pottery mein har piece thoda different hota hai 🏺,Positive,Neutral,0.6708,False
Kuch walls pe itna amazing art hai aur meri wall abhi bhi paint ke bharose hai 😂,Negative,Positive,0.9983,True
Mere handwriting ko calligraphy bolne ke liye doctor ka certificate chahiye 😂,Negative,Neutral,0.7627,True
Pottery wheel pe clay shape karna satisfying lagta hai 🏺,Positive,Negative,0.9734,False
Rover Mars pe ghoom raha hai aur main apne room mein charger dhoondh raha hu 😭😂,Negative,Neutral,0.8925,True
Moon photography surprisingly difficult hai 📸🌙,Neutral,Positive,0.4991,False
"Eclipse ke time sab scientist ban jaate hain, main bas filter dhundhta reh gaya 😂",Neutral,Negative,0.7048,True
Earth ko upar se dekh ke shayad sabko lagta hoga traffic kitna unnecessary hai 😂,Positive,Negative,0.9853,True
Electric car itni silent hoti hai ki horn bajane ka bhi confidence chahiye 😂,Neutral,Negative,0.9887,True
Wind turbines ka scale photos mein bhi huge lagta hai 🌬️,Positive,Neutral,0.5633,False
"Bus electric ho gayi, passengers ka patience abhi bhi diesel pe chal raha hai 😂",Negative,Neutral,0.6319,True
"Bottle reusable hai, meri excuses bhi apparently reusable hain 😂",Negative,Positive,0.9859,True
Recycling bin ke saamne khade hoke bhi log existential crisis kar lete hain 😂,Neutral,Negative,0.9953,True
Concrete jungle mein do plants dekh ke bhi emotional attachment ho jaata hai 😂,Positive,Negative,0.9878,True
Chhat pe garden bana diya toh neeche wale ko bhi free oxygen subscription milega 😂,Positive,Negative,0.7981,True
Rainwater harvesting long term mein useful ho sakti hai 💧,Positive,Neutral,0.9081,False
"Baarish ka paani collect karna smart hai, warna woh road pe swimming pool bana deta hai 😂",Neutral,Negative,0.8175,True
"Documentary dekh ke environment bachane ka motivation aata hai, phir AC remote dikhta hai 😂",Negative,Neutral,0.8753,True
Glaciers ka melting rate seriously concerning hai 🧊,Negative,Neutral,0.9851,False
Mangrove mein ek step galat aur nature ka surprise test start 😂,Negative,Positive,0.926,True
Snow leopard itna rare hai ki mere inbox ka empty notification bhi common lagta hai 😂,Neutral,Negative,0.8655,True
Red panda ko dekh ke lagta hai nature ne cuteness ka quota overuse kar diya 😂,Positive,Negative,0.9965,True
Flamingos ka pink colour diet se related hota hai 🦩,Positive,Neutral,0.9977,False
Flamingo ko dekh ke lagta hai nature ne colour palette khud select ki thi 😂,Positive,Negative,0.9871,True
"Arctic fox season ke saath outfit change karta hai, fashion influencers unemployed 😂",Positive,Negative,0.5841,True
"Crow ko underestimate karna dangerous hai, woh tumhara snack bhi analyse karega 😂",Neutral,Negative,0.9956,True
Elephants apne herd members ko recognise kar sakte hain 🐘,Positive,Neutral,0.8227,False
"Elephant ki memory famous hai, mera password memory se already fight kar raha hai 😂",Negative,Positive,0.8795,True
"Audiobook chala ke so gaya, author ne bhi mujhe chapter se bahar kar diya 😂",Neutral,Negative,0.9965,True
Ek poem padh ke philosopher banna meri hidden talent hai 😂,Positive,Negative,0.9835,True
"Graphic novel kholi thi five minutes ke liye, teen ghante baad civilisation change ho chuki thi 😂",Positive,Negative,0.9903,True
Bookmarks lose hona surprisingly common problem hai 🔖,Neutral,Positive,0.6197,False
Libraries ke old wooden shelves ka aesthetic mujhe pasand hai 📚,Positive,Negative,0.9268,False
Wooden shelves dekh ke lagta hai books bhi vintage furniture ka part hain 😂,Positive,Negative,0.9892,True
"Translation ne duniya connect kar di, phir autocorrect ne sab confuse kar diya 😂",Neutral,Negative,0.9953,True
"K-drama mein ek look ke liye bhi background music aa jata hai, real life ko budget nahi mila 😂",Positive,Negative,0.9536,True
Anime character ke room ka setup mere real room se zyada organised hota hai 😭😂,Negative,Neutral,0.7234,True
"Documentary dekhte dekhte main expert ban gaya, bas certificate missing hai 😂",Positive,Negative,0.9848,True
"Silent movie mein bhi expressions itne clear hain, meri chats mein toh ""hmm"" se kuch samajh nahi aata 😂",Neutral,Positive,0.9855,True
"Jazz mein musician bhi nahi jaanta next kya hoga, relatable 😂",Neutral,Positive,0.9861,True
Drummer itna energy de raha tha jaise uska pending frustration wahi nikal raha ho 😂,Positive,Negative,0.9933,True
Guitarist ne ek chord bajaya aur nearby sab log music critics ban gaye 😂,Neutral,Negative,0.9927,True
Audio guide sunte sunte main exhibit se zyada headphones admire kar raha tha 😂,Neutral,Negative,0.9898,True
Sculpture itni abstract thi ki explanation padhne ke baad bhi confusion premium version ho gaya 😂,Neutral,Negative,0.982,True
Origami artists tiny paper models bhi bana lete hain 🪽,Positive,Neutral,0.8532,False
Glassblower ko dekh ke samajh aa gaya hot work literally hot hota hai 😂,Neutral,Positive,0.9789,True
Traditional weaving techniques mein patience kaafi chahiye 🧵,Positive,Negative,0.5336,False
Giraffe ko dekh ke lagta hai nature ne height ka slider galti se max kar diya 😂,Positive,Negative,0.9925,True
Whale ne ek baar tail dikhayi aur tourists ne usko celebrity bana diya 😂,Positive,Negative,0.9871,True
Birdwatching mein bird five seconds ke liye aata hai aur camera tabhi decide karta hai update hone ka 😂,Negative,Neutral,0.9277,True
"Butterfly mere paas aayi aur main statue ban gaya, bas photo koi aur le gaya 😂",Positive,Negative,0.6722,True
Koalas ka eucalyptus-based diet kaafi specialised hai 🐨,Positive,Neutral,0.8728,False
Koala ka daily routine dekh ke productivity influencers ka confidence toot jayega 😂,Neutral,Positive,0.9902,True
Sloths ka metabolism extremely slow hota hai 🦥,Neutral,Negative,0.793,False
Meerkat duty pe khada hai aur main bas window se duniya monitor kar raha hu 😂,Neutral,Negative,0.8892,True
Polar bears climate changes ke effects ka strong indicator hain 🐻‍❄️,Negative,Positive,0.9273,False
Hummingbird itna fast hai ki meri notifications bhi slow motion lagti hain 😂,Positive,Negative,0.9811,True
"Corals ka bhi schedule hai, bas mera sleep schedule missing hai 😂",Negative,Neutral,0.686,True
Mangrove roots dekh ke lagta hai tree ne headphones permanently pehen rakhe hain 😂,Positive,Negative,0.9931,True
Glacier cave itni blue hai ki mera phone screen jealous ho gaya 😂,Positive,Negative,0.8576,True
Black sand beach dekh ke laga beach ne dark mode enable kar diya 😂,Positive,Negative,0.8546,True
Bamboo forest mein hawa chalti hai aur lagta hai nature background music free mein de raha hai 😂,Positive,Negative,0.9852,True
Desert dunes ka shape wind ke saath constantly change hota hai 🏜️,Positive,Neutral,0.9733,False
"Dunes apna shape change karte rehte hain, commitment issues bhi nature mein hain 😂",Neutral,Negative,0.978,True
Salt flats mein reflection itna perfect hai ki reality bhi confused lagti hai 😂,Positive,Negative,0.9951,True
Tea plantations hills ko completely green bana deti hain 🌱,Positive,Neutral,0.8152,False
Hills pe greenery dekh ke lagta hai Earth ne proper wallpaper set kiya hai 😂,Positive,Negative,0.9603,True
DNA ka structure biology ka iconic discovery hai 🧬,Positive,Neutral,0.7582,False
DNA ke andar instructions hain aur mera brain abhi loading screen pe hai 😂,Negative,Neutral,0.9615,True
Microscopes ne scientists ko invisible worlds observe karne diye 🔬,Positive,Neutral,0.9873,False
Bionic arm itna advanced hai ki sci-fi movies ko bhi competition mil gaya 😂,Positive,Negative,0.9281,True
"Brain computer se connect ho gaya, bas mera brain khud mujhse connect nahi ho raha 😂",Negative,Neutral,0.8691,True
"Future mein meat lab mein banega, aur meri cooking phir bhi survival challenge rahegi 😂",Negative,Neutral,0.5886,True
"Building ke andar farming ho rahi hai, humanity ne agriculture ko apartment mein shift kar diya 😂",Positive,Neutral,0.5678,True
Desalination technology water scarcity areas mein important ho sakti hai 💧,Positive,Neutral,0.9495,False
"Samundar ka paani drinkable ban raha hai, nature ka ultimate filter upgrade 😂",Positive,Negative,0.613,True
Drones ka use wildlife monitoring mein bhi hota hai 🛸,Positive,Neutral,0.9969,False
Drone jungle monitor kar raha hai aur main apni balcony se bhi suspicious lag raha hu 😂,Neutral,Negative,0.8729,True
Satellite clouds predict kar raha hai aur mujhe umbrella ghar pe rehne ke baad yaad aata hai 😂,Negative,Neutral,0.8512,True
Digital twins industrial systems ko simulate karne mein useful hain 💻,Positive,Neutral,0.9826,False
"Digital twin bana liya, ab bas digital version ko bhi meri responsibilities de do 😂",Positive,Negative,0.9936,True
Quantum computers traditional computing se fundamentally different hain ⚛️💻,Positive,Neutral,0.9217,False
Quantum computer ke naam se hi mera normal laptop insecure ho gaya 😂,Positive,Negative,0.9787,True
"Car khud drive karegi, bas passenger ko overthinking ka control manually rakhna padega 😂",Neutral,Negative,0.9784,True
"Smart home lights khud on hoti hain, phir bhi main switch dhundhta rehta hu 😂",Neutral,Negative,0.749,True
"Noise cancellation on kiya aur duniya mute, finally premium feature 😂",Positive,Negative,0.9784,True
E-ink screen dekh ke lagta hai technology ne finally paper se friendship kar li 😂,Positive,Negative,0.9109,True
Watch khud sunlight se charge ho rahi hai aur main sunlight se sirf tan ho raha hu 😂,Negative,Neutral,0.9285,True
Digital payment systems ne small transactions easy bana diye hain 💳,Positive,Neutral,0.8208,False
Payment itna easy ho gaya hai ki paise kharch karne ka dard bhi instant hai 😂,Negative,Positive,0.8045,True
"Translation app ne meri language samajh li, ab relatives ka accent bhi solve karwa do 😂",Neutral,Negative,0.9931,True
"Museum ghar pe aa gaya, ab bas sofa se uthne ka feature add karo 😂",Positive,Negative,0.9848,True
Ek Korean dish try ki aur ab chopsticks se meri izzat ka test ho raha hai 😂,Neutral,Positive,0.9909,True
"Taco khate waqt filling ka half table pe gir gaya, authentic experience achieved 😂",Negative,Positive,0.996,True
Turkish desserts ka presentation kaafi tempting hota hai 🍮,Positive,Negative,0.5362,False
Dessert itna shiny tha ki khaane se pehle selfie lena compulsory lag raha tha 😂,Positive,Negative,0.8973,True
Italian gelato ka texture regular ice cream se different hota hai 🍨,Positive,Neutral,0.9161,False
Coffee ceremony mein itna process hai ki caffeine bhi VIP treatment le raha hai 😂,Positive,Negative,0.5797,True
Moroccan tagine slow cooking ke liye famous hai 🍲,Positive,Neutral,0.5526,False
Kimchi ka smell enter hote hi announce kar deta hai ki main aa gaya hu 😂,Neutral,Negative,0.9685,True
Croissant ko perfectly cut karna bhi engineering project lag raha tha 😂,Neutral,Negative,0.9811,True
Street food menu dekh ke decision lena UN meeting jaisa difficult ho gaya 😂,Neutral,Negative,0.961,True
Salad itna colourful tha ki healthy khana bhi Instagram post lag raha tha 😂,Positive,Negative,0.6574,True
Mezze mein itne dishes aaye ki main starter aur main course ka difference bhool gaya 😂,Neutral,Negative,0.5927,True
Thai food ne ek bite mein sweet aur spicy dono emotions de diye 😂,Positive,Negative,0.4752,True
Spanish tapas sharing ke liye convenient hain 🍢,Positive,Neutral,0.8488,False
"Tapas share karne gaya tha, sabne apna favourite item pehle hi reserve kar liya 😂",Neutral,Positive,0.9163,True
Indonesian dish ka spice level dekh ke mera confidence passport leke bhaag gaya 😂,Negative,Positive,0.7638,True
Peruvian cuisine mein unusual ingredients bhi milte hain 🥔,Positive,Neutral,0.6821,False
Potato ke itne varieties hain aur main abhi bhi fries pe loyal hu 😂,Neutral,Positive,0.8503,True
Brazilian barbecue culture ka social aspect interesting hai 🍖,Positive,Neutral,0.7574,False
Brazilian barbecue mein meat aata raha aur meri plate ne retirement refuse kar diya 😂,Positive,Negative,0.9939,True
Window itni badi hai ki sunlight ne rent dena start kar diya 😂,Positive,Negative,0.9948,True
Tiny house mein space itni carefully use hoti hai ki meri cupboard bhi jealous hai 😂,Positive,Negative,0.9519,True
Underground house dekh ke laga apocalypse ke liye preparation already chal rahi hai 😂,Neutral,Negative,0.735,True
Treehouse mein rehna cute hai jab tak mosquito bhi room partner na ban jaye 😂,Negative,Positive,0.9305,True
Minimalist room mein ek extra cushion bhi national emergency lagta hai 😂,Neutral,Negative,0.9736,True
Garden itna perfect hai ki ek random leaf bhi out of syllabus lag raha hai 😂,Neutral,Negative,0.9535,True
Moroccan architecture ke geometric patterns kaafi intricate hote hain 🕌,Positive,Neutral,0.9709,False
Pattern dekh ke laga geometry bhi kabhi kabhi aesthetic ho sakti hai 😂,Positive,Negative,0.6391,True
Gothic building dekh ke lagta hai vampires ne interior designer hire kiya tha 😂,Neutral,Negative,0.9891,True
Modern museums mein architecture khud artwork jaisa lag sakta hai 🏛️,Positive,Neutral,0.9554,False
Museum ki building itni fancy thi ki andar ki paintings insecure lag rahi thi 😂,Positive,Negative,0.9895,True
Bridge dekh ke lagta hai humans ne finally do sides ko agree karwa diya 😂,Positive,Negative,0.9779,True
Suspension bridges wind mein surprisingly stable hote hain 🌉,Positive,Neutral,0.9298,False
Underground metro systems cities ko efficiently connect karte hain 🚇,Positive,Neutral,0.8921,False
High-speed trains travel time dramatically reduce kar sakti hain 🚄,Positive,Neutral,0.9476,False
Train itni fast thi ki window se scenery bhi buffering jaisi lag rahi thi 😂,Neutral,Negative,0.9901,True
Night train mein sab so rahe the aur main imaginary travel documentary bana raha tha 😂,Neutral,Negative,0.9925,True
"Train berth mil gayi, ab bas luggage ko convince karna hai ki woh bhi so jaye 😂",Neutral,Negative,0.9922,True
Lounge mein free snacks dekh ke flight delay suddenly personal nahi laga 😂,Positive,Neutral,0.4308,True
Window seat milte hi main clouds ko 4K documentary ki tarah dekhne lagta hu 😂,Positive,Negative,0.9664,True
Upar se city lights dekh ke lagta hai ants ne bhi proper electricity connection le rakha hai 😂,Positive,Negative,0.9624,True
"App bol raha hai luggage aa raha hai, main usse zyada trust luggage pe nahi karta 😂",Neutral,Negative,0.7487,True
"Passport mein stamps collect karna better hai, random screenshots se toh kuch yaad nahi rehta 😂",Positive,Neutral,0.8905,True
Hostel mein room share karte karte duniya ke accents ka free course mil gaya 😂,Positive,Negative,0.8348,True
Train stations in Europe often have beautiful historic architecture 🚉,Positive,Neutral,0.5667,False
"Night market mein bas ek snack lene gaya tha, bag ne different plans bana liye 😂",Positive,Negative,0.9457,True
"Flea market mein ek useless cheez dekhte hi mera brain bolta hai ""rare collectible"" 😂",Neutral,Negative,0.9864,True
Handmade cheez expensive hai but meri bargaining skills usse bhi zyada imaginary hain 😂,Neutral,Negative,0.934,True
Scientists space mein cooperation kar rahe hain aur hum ek parking spot pe fight kar lete hain 😂,Negative,Neutral,0.983,True
Heritage building ko dekh ke lagta hai construction quality pehle bhi serious matter thi 😂,Positive,Negative,0.9871,True
Silk Road pe log continents cross karte the aur main online delivery ka tracking page refresh karta hu 😂,Negative,Neutral,0.8996,True
"Sailors bina GPS ke ocean cross karte the, main Google Maps ke bina cafe nahi dhoondh sakta 😂",Negative,Neutral,0.9659,True
Calendar banane ke liye stars observe karna next-level planning hai 😂,Positive,Neutral,0.6193,True
Cave walls pe prehistoric art hai aur meri wall pe sirf tape ke marks hain 😂,Negative,Neutral,0.7554,True
Ancient coins can reveal details about old economies 🪙,Positive,Neutral,0.9394,False
Archaeologists sometimes discover everyday objects that reveal ordinary life 🏺,Positive,Neutral,0.9332,False
Mask itna detailed tha ki face se zyada personality uski thi 😂,Positive,Negative,0.9772,True
Indigenous weaving patterns often represent local history 🧵,Positive,Neutral,0.9958,False
Ek pattern mein poori history hai aur main apni shirt ka brand bhi bhool gaya 😂,Neutral,Negative,0.9933,True
Lanterns itne pretty the ki streetlight ko bhi inferiority complex ho gaya 😂,Positive,Negative,0.9963,True
Sand se castle bana diya aur meri childhood wali bucket suddenly premium equipment lagne lagi 😂,Positive,Negative,0.9224,True
Lantern festivals in different countries have unique traditions 🏮,Positive,Neutral,0.9566,False
"Har country ka lantern style alag hai, mera bas room light se attachment hai 😂",Positive,Neutral,0.9771,True
Spring mein flowers bloom kar rahe hain aur mera phone storage already full hai 😂,Neutral,Positive,0.9897,True
Ice cores can preserve information about ancient climates 🧊🔬,Positive,Neutral,0.9812,False
"Ice ke andar history preserved hai, mere freezer mein bas forgotten peas hain 😂",Neutral,Negative,0.9786,True
Tree rings can reveal information about environmental conditions 🌳,Positive,Neutral,0.7785,False
Tree ka growth record hai aur mera phone storage ka growth record bhi impressive hai 😂,Neutral,Positive,0.9934,True
"Scientists pollen se ancient climate samajh rahe hain, main allergy se current climate samajh raha hu 😂",Negative,Neutral,0.9415,True
Cave formations can take thousands of years to develop 🪨,Positive,Neutral,0.9714,False
Cave ko formation mein thousand years lage aur mujhe ek reply mein five business days 😂,Negative,Neutral,0.8763,True
"DNA thousands years purani story bata raha hai, mera family group aaj ki story bhi hide kar raha hai 😂",Neutral,Negative,0.9938,True
Ice-age fossils help researchers understand extinct species 🦴,Positive,Neutral,0.9224,False
"Scientists extinct animals study kar rahe hain, mere old gadgets bhi museum deserve karte hain 😂",Neutral,Negative,0.9781,True
"Amber mein insect millions years se preserved hai, meri old screenshot gallery bhi equally permanent hai 😂",Neutral,Positive,0.8304,True
Fossilised footprints can show how ancient animals moved 🦖,Positive,Neutral,0.9923,False
Dinosaur ke footprints preserved hain aur mere footprints toh rain ke baad disappear ho jaate hain 😂,Neutral,Positive,0.5512,True
Purane irrigation systems dekh ke lagta hai plumbing ka asli boss history mein tha 😂,Positive,Negative,0.914,True
Old observatories reveal how accurately people tracked celestial events 🔭,Positive,Neutral,0.945,False
Polar research stations operate in extremely challenging conditions 🧊🔬,Positive,Neutral,0.9512,False
Volcano monitoring helps scientists understand eruption risks 🌋,Positive,Neutral,0.6062,False
"Volcano ko monitor karna padta hai, matlab mountain bhi mood swings rakhta hai 😂",Neutral,Negative,0.9837,True
Scientists use remote stations to monitor glaciers over long periods 🧊,Positive,Neutral,0.9945,False
Glacier ka data years se collect ho raha hai aur main apne step count ka record bhi maintain nahi kar pata 😂,Negative,Neutral,0.6208,True
Satellite poori Earth monitor kar raha hai aur main apne room ki cheez nahi locate kar pa raha 😂,Negative,Neutral,0.9696,True
Tokyo ki metro dekh ke lagta hai duniya ne punctuality seriously le li 😭🚇,Positive,Negative,0.9918,True
London ka weather literally mood swings ka international ambassador hai ☁️😂,Negative,Positive,0.9957,True
New York ki streets raat ko bhi full energy mode me rehti hain 🌃,Positive,Neutral,0.6129,False
Paris me croissant khane ke baad diet ka concept officially retire kar diya 🥐😂,Positive,Negative,0.9186,True
"Norway me log winter ke itne comfortable kaise hain, mujhe samajhna hai",Neutral,Positive,0.9939,False
"Venice me boat hi main transport hai, traffic jam bhi paani pe hota hoga 😂🚤",Positive,Negative,0.8241,True
Sahara desert ki raat ka sky actually insane hona chahiye 🌌,Positive,Neutral,0.9818,False
"Australia me kangaroo ko road pe dekhna normal hai, hamare liye toh cinematic scene hai 🦘",Positive,Neutral,0.9864,False
"Canada ki snowfall photos me cute hai, shovel pakadte hi reality samajh aati hogi 😂❄️",Negative,Positive,0.9958,True
"Rome me har dusre corner pe history mil jaati hai, Google Maps bhi confused ho jayega 😂",Positive,Negative,0.7009,True
"Antarctica expedition ke liye jacket nahi, pura portable ghar chahiye 🥶😂",Negative,Neutral,0.9889,True
"Nepal ke mountains dekh ke trekking ka confidence aa jata hai, phir stairs chadhte hi reality aati hai 😭🏔️",Positive,Negative,0.995,True
Monaco itna chhota hai aur phir bhi naam itna royal lagta hai 😂,Positive,Negative,0.9581,True
Amsterdam me cycle culture dekh ke lagta hai car ko guest bana diya hai 🚲,Positive,Neutral,0.5192,True
Antarctica ka penguin bhi mujhse zyada organized lag raha hai 🐧😂,Negative,Positive,0.534,True
Prague ki old buildings dekh ke lagta hai kisi fantasy game me aa gaye ✨,Positive,Negative,0.9485,False
"Iceland me volcano aur glacier dono ek country me, geography ne overachieve kar diya 😂",Positive,Negative,0.9399,True
Scotland ke castles dekh ke bas dramatic background music missing hai 🏰,Positive,Neutral,0.4978,False
Mars pe property book karne se pehle oxygen ka arrangement kar lena chahiye 😂🔴,Negative,Neutral,0.7081,True
Space station se Earth dekhna probably perspective permanently change kar deta hoga 🌍,Positive,Negative,0.957,False
Black hole ke paas jaana toh waise bhi weekend plan me nahi hai 😭,Neutral,Negative,0.9723,True
"AI ab photos bhi bana raha hai, bas meri family ko convince nahi kar pa raha ki main busy tha 😂",Positive,Negative,0.9932,True
Voice cloning technology kaafi powerful ho gayi hai,Neutral,Positive,0.995,False
"Robot vacuum ko ghar ka map yaad hai, mujhe apne passwords yaad nahi 😭",Negative,Neutral,0.9486,True
Smart glasses useful ho sakte hain agar battery aadhe din me resign na kare 😂,Neutral,Positive,0.9321,True
Drones ne photography ko literally sky-level bana diya 📷🚁,Positive,Negative,0.8709,True
Satellite internet remote areas ke liye useful ho sakta hai,Positive,Neutral,0.9954,False
Notification count dekh ke phone mujhe employee samajhta hai shayad 😂📱,Negative,Positive,0.917,True
Smartwatch steps count kar raha tha aur main sofa pe philosophical ho gaya 😂,Neutral,Negative,0.9922,True
Online shopping me product photo aur reality ka plot twist legendary hota hai 😭📦,Negative,Positive,0.9962,True
Handmade pottery ka texture factory-made items se kaafi different hota hai,Positive,Neutral,0.6488,False
"Japanese stationery unnecessarily cute hoti hai, kharidne ka reason automatically mil jata hai 🥹✏️",Positive,Negative,0.9616,True
Bookmarks collect karna bhi ek hobby ban sakta hai,Neutral,Positive,0.8634,False
Opera samajh na aaye phir bhi dramatic lagti hai 😂,Neutral,Negative,0.9891,True
Horror movie me character ko warning dena mera unpaid profession hai 😂,Positive,Negative,0.9969,True
Documentaries me unexpected facts milna mujhe pasand hai,Positive,Negative,0.9862,False
Animated movies kabhi kabhi live-action se zyada emotional ho jaati hain 🥹,Positive,Negative,0.9926,False
Tennis rallies dekh ke lagta hai ball ki bhi stamina training hoti hai 😂🎾,Positive,Negative,0.9775,True
Cricket stadium ka crowd television se bilkul different feel hota hai,Positive,Neutral,0.9608,False
Football fans ka passion kabhi kabhi entire city ka mood decide kar deta hai ⚽,Neutral,Positive,0.9936,False
Basketball players ki height dekh ke normal humans thode unfair lagte hain 😂🏀,Neutral,Negative,0.9927,True
Surfing ka balance genuinely difficult lagta hai 🌊,Neutral,Positive,0.9342,False
Esports arenas ka crowd proper stadium vibes deta hai 🎮,Positive,Negative,0.6607,False
Rock climbing ka view reward jaisa lagta hai 🧗,Positive,Neutral,0.9921,False
"Boxing training videos dekh ke sofa se motivation aa jati hai, bas sofa chhodne tak 😂",Positive,Negative,0.9416,True
Table tennis ki speed camera ko bhi kaam pe laga deti hai 🏓,Positive,Negative,0.5358,True
Swimming competitions me turns ka timing kaafi precise hota hai,Neutral,Positive,0.9856,False
Italian gelato dekh ke flavor choose karna itself difficult decision hai 😂🍦,Positive,Neutral,0.5494,True
Turkish breakfast table dekh ke breakfast ka definition upgrade ho gaya 😭🥚,Positive,Neutral,0.5839,True
French bakery me bread lene gaya aur aadha display le aaya 😂🥖,Positive,Negative,0.8155,True
"Thai street food ka aroma screen ke through nahi aa sakta, unfortunately 😭",Positive,Negative,0.8177,False
Korean barbecue me khud cook karna dinner ko mini activity bana deta hai 🥩,Positive,Negative,0.8246,False
Brazilian barbecue dekh ke vegetarian plan ne mujhe warning de di 😂,Neutral,Negative,0.9908,True
Greek food me olives ka presence kaafi strong hai 🫒,Neutral,Positive,0.9856,False
Indian street food ki variety honestly unmatched lagti hai,Positive,Negative,0.9803,False
Peruvian cuisine me potatoes ki variety dekh ke respect badh gaya 🥔,Positive,Neutral,0.7796,False
Swiss chocolate ka naam sunte hi self-control vacation pe chala jata hai 😂🍫,Positive,Negative,0.9152,True
Global food maps dekh ke pata chalta hai duniya kitna kuch khaati hai 🌎,Positive,Neutral,0.8821,False
Antarctica me pizza delivery ka idea thoda unrealistic lagta hai 😂🍕,Neutral,Negative,0.9955,True
Deep-sea creatures literally alien designs lekar aaye hain 🐙,Positive,Neutral,0.7466,True
Axolotl ka face dekh ke lagta hai nature ne cute mode on rakha hai 🥹,Positive,Negative,0.9843,True
Bees ke bina food systems seriously affect ho sakte hain 🐝,Negative,Positive,0.6332,False
Sloths itne slow hain ki unka loading screen permanent hai 😂,Neutral,Negative,0.9783,True
Polar bears ka habitat climate changes se heavily affected hai,Negative,Neutral,0.9767,False
Chameleons ko mood-ring samajhna scientifically thoda unfair hai 😂,Neutral,Negative,0.5982,True
Red pandas ko dekh ke wildlife photography ka budget justify ho jata hai 🥹,Positive,Negative,0.9169,True
Coral reefs underwater cities jaise lagte hain 🪸,Positive,Neutral,0.9982,False
Jellyfish ke paas brain nahi hota aur phir bhi ocean me full confidence se ghoomte hain 😂,Neutral,Positive,0.9826,True
"Volcanoes peaceful photos me beautiful lagte hain, paas se definitely nahi 🌋😂",Negative,Positive,0.9983,True
Hurricanes satellite images se terrifyingly beautiful lagte hain 🌀,Negative,Positive,0.9974,True
Amazon rainforest ko sirf ek jungle bolna uski complexity ko underestimate karta hai,Neutral,Negative,0.4914,False
Desert me sand dunes sunset ke time unreal lagte hain 🌅,Positive,Negative,0.7145,False
Salt flats pe reflection photos almost fake lagti hain 😂,Positive,Negative,0.9867,True
Waterfalls ko live dekhne ka sound probably videos se hundred times better hoga 💦,Positive,Neutral,0.8041,False
Lightning photography me timing literally milliseconds ka game hai ⚡,Neutral,Positive,0.9557,False
Aurora forecast dekh ke bhi clouds ka apna agenda hota hai 😂,Negative,Positive,0.7068,True
High-speed trains dekh ke short flights unnecessary lagne lagti hain 🚄,Positive,Negative,0.9861,True
Venice me luggage wheel aur bridges ka relationship complicated hoga 😂,Negative,Neutral,0.726,True
Swiss mountain trains ka route itself attraction lagta hai 🚞,Positive,Neutral,0.6779,False
Airport security line me patience ka actual test hota hai 😭✈️,Negative,Positive,0.8744,True
Sleeper trains ka concept long journeys ke liye kaafi practical hai,Positive,Neutral,0.919,False
Cruise ship me itni facilities hoti hain ki port pe utarna optional feel hota hai 😂🚢,Positive,Negative,0.7087,True
Bullet train ki speed dekh ke station pe khade rehna bhi achievement lagta hai 😭,Positive,Negative,0.9894,True
Cable cars mountains me transport aur sightseeing dono karwa deti hain,Positive,Neutral,0.9921,False
Tokyo station ka size dekh ke map ko emotional support chahiye hoga 😂,Negative,Neutral,0.6827,True
Museum me “do not touch” sign dekh ke curiosity aur badh jaati hai 😂,Neutral,Negative,0.8467,True
Antarctica ka map dekh ke samajh hi nahi aata itna white kaise ho sakta hai 😭,Neutral,Positive,0.7141,True
Equator cross karne ka photo lena compulsory tradition jaisa lagta hai 😂,Positive,Negative,0.7218,True
"Switzerland ka flag square hai, geometry ne bhi rules tod diye 😂",Neutral,Negative,0.7625,True
World map projections ne continents ko thoda unfairly represent kiya hai,Neutral,Negative,0.9771,False
Greenland naam sunke size aur reality ka comparison interesting hai 😂,Neutral,Positive,0.5485,True
Tiny island nations climate change se seriously vulnerable hain,Negative,Neutral,0.8008,False
Ek hi language ke different accents kabhi kabhi completely new language lagte hain 😂,Neutral,Negative,0.8708,True
Latin ka influence modern languages me surprisingly visible hai,Neutral,Positive,0.9629,False
Korean alphabet ka design intentionally logical banaya gaya tha,Positive,Neutral,0.8804,False
Icelandic names dekh ke pronunciation attempt karna bravery test hai 😂,Neutral,Positive,0.9868,True
Language exchange apps se different cultures ke log mil sakte hain,Positive,Neutral,0.9985,False
VR headset pe game khelte waqt room ki wall bhool jaana possible hai 😂,Negative,Neutral,0.8402,True
3D city models dekh ke urban planning suddenly interesting lagti hai,Positive,Neutral,0.7426,False
Smart traffic lights ka concept cities ke congestion ko reduce kar sakta hai,Positive,Neutral,0.9922,False
Electric buses cities me cleaner transport option ho sakti hain,Positive,Neutral,0.9966,False
Burj Khalifa ke top pe khade hokar clouds ko neeche dekhna surreal hoga,Positive,Neutral,0.6624,False
Cape Town ke mountains city ke background ko unfairly beautiful bana dete hain,Positive,Negative,0.9841,True
Public art installations cities ko boring hone se bachati hain 🎨,Positive,Negative,0.8868,False
Giant statues dekh ke humans ki confidence level questionable lagti hai 😂,Neutral,Negative,0.9947,True
Street murals local history ko visually preserve kar sakte hain,Positive,Neutral,0.7045,False
Neon districts raat me completely different personality show karte hain,Positive,Negative,0.4997,False
Floating markets me shopping aur transport dono ek saath ho jata hai 😂,Positive,Neutral,0.7422,True
Rio carnival costumes dekh ke normal clothes boring lagne lagte hain 😂,Positive,Negative,0.9841,True
Oktoberfest ka scale dekh ke mug size pe bhi trust nahi hota 😭,Neutral,Negative,0.9112,True
Holi ke colors camera se zyada real life me chaotic lagte hain 😂,Positive,Negative,0.979,True
Japanese cherry blossom season ke liye parks kaafi crowded ho jaate hain 🌸,Neutral,Positive,0.9844,False
Christmas lights lagane me log kabhi kabhi engineering project bana dete hain 😂🎄,Positive,Negative,0.9507,True
Olympic medals ke designs host country ki culture reflect kar sakte hain,Positive,Neutral,0.9936,False
F1 engineers race ke har second ko data me convert kar dete hain,Positive,Neutral,0.994,False
Skate parks me tricks dekh ke physics ka practical demo mil jata hai 😂,Positive,Neutral,0.9626,True
Snowboarding tricks dekh ke gravity se personal friendship lagti hai 😂,Positive,Negative,0.8733,True
Fencing ka gear dekh ke sport se zyada sci-fi lagta hai 🤺,Positive,Negative,0.9897,True
Rock climbing wall dekh ke height ka respect automatically increase hota hai 😂,Negative,Positive,0.6938,True
Speed chess me sochne ka time literally luxury item hai 😂♟️,Negative,Positive,0.9962,True
Gaming tournaments me spectators ka reaction proper sports crowd jaisa hota hai,Positive,Neutral,0.9925,False
Monopoly me friendship ka real stress test mil jata hai 😂,Negative,Positive,0.9751,True
Puzzle competitions me speed dekh ke pieces khud arrange hote hue lagte hain,Positive,Negative,0.9418,True
Mahjong tables ka design kaafi recognizable hai,Neutral,Positive,0.9765,False
Viral dance trends ka geography samajhna ab impossible hai,Neutral,Negative,0.9707,False
Social media algorithms ko meri interests mujhse zyada pata hain apparently 😭,Negative,Positive,0.5072,True
Short videos ne attention span ka proper stress test kar diya hai 😂,Negative,Positive,0.5301,True
Digital creators different countries ke cultures ko global audience tak le ja rahe hain,Positive,Neutral,0.9926,False
Livestreaming ne events ko remote audiences ke liye accessible bana diya hai,Positive,Neutral,0.9902,False
Comment sections me international diplomacy ka free version milta hai 😂,Negative,Neutral,0.7522,True
Online communities se niche hobbies ke log easily mil jaate hain,Positive,Neutral,0.9797,False
Internet pe kisi bhi topic ka fan club mil hi jata hai 😭,Positive,Negative,0.9811,True
Digital archives historical documents ko researchers ke liye accessible banate hain,Positive,Neutral,0.6825,False
E-books ka biggest advantage suitcase me weight nahi badhana hai,Positive,Neutral,0.9244,False
GPS ne direction puchne wale strangers ka entire profession khatam kar diya 😂,Neutral,Negative,0.9949,True
Travel forums me local tips kabhi guidebook se better mil jaate hain,Positive,Neutral,0.9654,False
Solo travel stories sun ke confidence aur fear dono simultaneously badhte hain 😂,Neutral,Negative,0.9615,True
Backpacking me luggage jitna light ho utna better hota hai,Positive,Neutral,0.9794,False
Travel adapters international trips me underrated heroes hain 🔌,Positive,Negative,0.9112,False
Passport renew karwana adventure ka least exciting part hai 😭,Negative,Positive,0.8681,True
Train window se countryside dekhna slow travel ko worth it bana deta hai 🌄,Positive,Negative,0.9885,False
Google Maps ka blue dot kabhi kabhi existential confidence deta hai 😂,Positive,Negative,0.8171,True
Travel insurance tab boring lagti hai jab tak genuinely zarurat na pad jaye,Neutral,Negative,0.9909,False
Turkish tea glasses ka shape kaafi recognizable hai,Neutral,Positive,0.9856,False
Moroccan mint tea pour karne ka style unnecessarily satisfying hai 😂,Positive,Negative,0.8377,True
Bubble tea ki toppings dekh ke drink dessert ban gayi lagti hai 🧋,Positive,Negative,0.9478,True
Italian espresso itna small hota hai aur attitude pura giant 😂,Positive,Negative,0.9656,True
Vietnamese iced coffee me condensed milk ka combination brilliant hai,Positive,Neutral,0.5121,False
French cheese varieties count karna impossible project lagta hai 🧀😂,Neutral,Negative,0.9038,True
Swiss fondue ka concept cold weather ke liye perfect lagta hai,Positive,Neutral,0.8165,False
Spanish tapas ka small-portion concept social dining ko easy bana deta hai,Positive,Neutral,0.6042,False
Japanese vending machines me kabhi kabhi literally everything milta hai 😂,Positive,Neutral,0.764,True
American diners ka breakfast menu dekh ke portion size ka confidence badhta hai 😭,Positive,Negative,0.9349,True
Middle Eastern desserts me syrup ka confidence alag level ka hota hai 😂,Positive,Neutral,0.9208,True
Global fashion weeks me runway outfits daily life ke liye thode optimistic hote hain 😂👗,Neutral,Positive,0.9938,True
Paris Fashion Week street style itself ek event ban jata hai,Positive,Neutral,0.9463,False
Seoul streetwear trends ka influence globally noticeable hai,Positive,Neutral,0.9643,False
Vintage fashion trends baar baar comeback karte hain,Neutral,Positive,0.9395,False
Sustainable fashion ka focus waste reduce karne ke liye important hai,Positive,Neutral,0.9607,False
Fast fashion ka environmental impact seriously discuss hona chahiye,Negative,Neutral,0.9872,False
Traditional clothing different regions ki identity reflect karti hai,Positive,Neutral,0.9853,False
Scottish tartan patterns ka cultural history interesting hai,Positive,Neutral,0.925,False
Indian handloom traditions ka regional diversity huge hai,Positive,Neutral,0.8628,False
Fashion influencers ne “I just threw this on” ko full production bana diya 😂,Neutral,Negative,0.9924,True
Voice assistants ko naam se bulana future ka tiny preview lagta hai 🤖,Positive,Neutral,0.8838,False
Smart fridge ko groceries ke baare me batana thoda unnecessary luxury lagta hai 😂,Neutral,Negative,0.986,True
Automated blinds dekh ke curtains ka career threatened lagta hai 😂,Neutral,Negative,0.9951,True
Solar-powered homes long-term energy savings ke liye useful ho sakte hain,Positive,Neutral,0.9479,False
Home batteries renewable energy systems ko more reliable bana sakti hain,Positive,Neutral,0.9285,False
Smart thermostats energy consumption optimize kar sakte hain,Positive,Neutral,0.9922,False
Internet-connected toaster ka mujhe abhi bhi purpose samajh nahi aaya 😂,Neutral,Positive,0.6848,True
Future kitchens probably cooking aur automation dono combine karengi,Positive,Neutral,0.9962,False
Vertical farms cities ke food production ko transform kar sakte hain 🌱,Positive,Neutral,0.9461,False
Urban rooftop gardens cities ko greener bana sakte hain,Positive,Neutral,0.9866,False
Community gardens neighborhoods me social spaces create karte hain,Positive,Neutral,0.6679,False
Indoor plants ko survive karwana meri botanical management skills ka test hai 😂🌱,Negative,Positive,0.6798,True
Seed libraries sustainable gardening ko encourage kar sakti hain,Positive,Neutral,0.9663,False
Space telescopes ne universe ke views ko completely change kar diya hai 🔭,Positive,Negative,0.5873,False
James Webb images dekh ke universe ka scale aur confusing ho jata hai 😂🌌,Neutral,Negative,0.943,True
Exoplanets detect karna basically cosmic detective work hai,Positive,Neutral,0.9968,False
Alien life ka question abhi bhi one of the biggest mysteries hai,Neutral,Positive,0.6688,False
"SETI ka idea fascinating hai, bas aliens ne reply abhi tak pending rakha hai 😂",Neutral,Positive,0.9529,True
Asteroids ki composition study future planetary missions ke liye useful hai,Positive,Neutral,0.9871,False
"Mars colony plans sunne me exciting hain, logistics sunte hi headache hota hai 😂",Neutral,Positive,0.6019,True
Dark matter ka mystery physics ka biggest puzzles me se hai,Neutral,Positive,0.9915,False
Cosmic background radiation early universe ka evidence provide karti hai,Positive,Neutral,0.9944,False
Astronomers ko ancient light observe karne ka unique advantage milta hai,Positive,Neutral,0.6386,False
"Space me sound travel nahi karta, toh cosmic arguments bhi silent honge 😂",Neutral,Negative,0.9219,True
Deep-sea exploration abhi bhi Earth ke many areas ko unexplored chhodti hai 🌊,Neutral,Positive,0.7298,False
Ocean pressure deep levels pe seriously extreme hota hai,Negative,Neutral,0.9936,False
Hydrothermal vents ke around life forms ka existence fascinating hai,Positive,Neutral,0.8903,False
Underwater robots scientists ko dangerous depths explore karne dete hain,Positive,Negative,0.715,False
Dinosaur bones dekh ke bhi mujhe lagta hai school textbooks ne thoda understate kiya tha 😂🦖,Positive,Negative,0.9914,True
Space rocks ka naam cute hota hai but landing impact bilkul cute nahi 😂,Negative,Neutral,0.9041,True
Geothermal springs Earth ke internal heat ka visible example hain.,Positive,Neutral,0.9945,False
Thermal cameras invisible heat patterns ko visible bana sakte hain.,Positive,Neutral,0.9941,False
Night vision camera dekh ke lagta hai spy movie ka budget mil gaya 😂,Positive,Negative,0.9902,True
Drones disaster zones me inaccessible areas inspect kar sakte hain.,Positive,Neutral,0.9975,False
Search-and-rescue teams trained dogs ke saath kaam karti hain 🐕,Positive,Neutral,0.994,False
Mountain rescue helicopters remote locations tak quickly reach kar sakte hain.,Positive,Neutral,0.988,False
Emergency beacons hikers ko remote areas me locate karne me help karte hain.,Positive,Neutral,0.9838,False
National parks me ranger stations important safety points hote hain.,Positive,Neutral,0.6747,False
Wildlife tracking collars researchers ko animal movement study karne dete hain.,Positive,Neutral,0.9928,False
Elephant corridors habitat connectivity maintain karne me important hote hain.,Positive,Neutral,0.9833,False
Urban wildlife unexpectedly busy cities me bhi survive kar sakti hai.,Positive,Neutral,0.9186,False
Pigeons ne city life ko apparently permanently accept kar liya hai 😂,Neutral,Negative,0.9936,True
Some cities have dedicated wildlife crossings over highways.,Positive,Neutral,0.9689,False
Animal bridges roads par wildlife accidents reduce karne me help kar sakte hain.,Positive,Neutral,0.9734,False
Turtle crossings ke liye temporary signs dekhna wholesome lagta hai 🐢,Positive,Negative,0.6691,False
Bees ke liye rooftop gardens surprisingly useful ho sakte hain.,Positive,Neutral,0.9308,False
Pollinator-friendly plants choose karna small gardens me bhi useful hai.,Positive,Neutral,0.9959,False
Urban forests temperature aur air quality dono improve kar sakte hain.,Positive,Neutral,0.9867,False
Tree census karna city planning ka interesting part ho sakta hai 🌳,Neutral,Positive,0.7755,False
"Kisi city me kitne trees hain count karna simple lagta hai, good luck 😂",Neutral,Positive,0.6469,True
Mangrove forests coastal protection me important role play karte hain.,Positive,Neutral,0.9542,False
Mangroves fish nurseries ke liye important habitats provide karte hain.,Positive,Neutral,0.8667,False
Wetlands birds aur aquatic species ke liye valuable ecosystems hain.,Positive,Neutral,0.9291,False
Swamp ko boring samajhna ecosystem ke saamne thoda disrespect hai 😂🐊,Positive,Negative,0.996,True
Ranger notebooks decades later scientific records ban sakti hain.,Positive,Neutral,0.9919,False
Wildlife documentaries ka narration sunte hi nature suddenly philosophical lagti hai 😂,Positive,Negative,0.9961,True
Camera traps animals ko disturb kiye bina observations collect karte hain.,Positive,Neutral,0.8847,False
Birdwatching me patience aur observation dono important hain.,Neutral,Positive,0.5275,False
Birdwatchers binoculars ke saath secret-agent vibes dete hain 😂🔭,Positive,Negative,0.5481,True
Bird calls identify karne ke liye audio libraries use ki ja sakti hain.,Positive,Neutral,0.9954,False
Migratory birds thousands of kilometers travel kar sakte hain.,Positive,Neutral,0.9747,False
Hummingbird ko slow-motion me dekhna nature ka special effects department lagta hai 😂,Positive,Negative,0.8806,True
Research stations ko months tak supplies plan karni padti hain.,Neutral,Negative,0.6703,False
Antarctica me grocery delivery ka ETA thoda ambitious hoga 😭,Negative,Positive,0.7698,True
Remote research stations me fresh vegetables grow karne ke experiments hote hain.,Positive,Neutral,0.9965,False
Hydroponic systems polar stations me food variety improve kar sakte hain.,Positive,Neutral,0.9977,False
Ice cores ancient climate ka record preserve kar sakte hain.,Positive,Neutral,0.994,False
Ice core me thousands of years purani air trapped mil sakti hai 🧊,Positive,Negative,0.5658,False
Glacier ka movement slow hai but impact kaafi visible ho sakta hai.,Negative,Neutral,0.9857,False
Weather balloons atmosphere ke upper layers study karne me useful hain.,Positive,Neutral,0.9967,False
Weather forecasting satellites storms ko monitor karne me important hain.,Positive,Neutral,0.9936,False
Mammatus clouds dekh ke sky ne texture pack install kar liya lagta hai 😂,Positive,Neutral,0.5887,True
Lenticular clouds mountains ke paas unusual shapes bana sakte hain.,Positive,Neutral,0.8865,False
Fog navigation aviation aur shipping dono ke liye challenging ho sakti hai.,Negative,Neutral,0.8357,False
Foggy runway dekh ke pilot ki responsibility ka respect aur badh jata hai ✈️,Positive,Negative,0.6418,False
Suitcase conveyor belt pe apna bag dekhna mini lottery jaisa feel hota hai 😂,Positive,Neutral,0.9306,True
Lost luggage tracking systems passengers ko updates provide karte hain.,Positive,Neutral,0.995,False
Immigration officer ke saamne suddenly apni entire trip biography yaad karni padti hai 😂,Neutral,Negative,0.9803,True
Airport lounges long layovers ko more comfortable bana sakte hain.,Positive,Neutral,0.9301,False
"Aircraft wings flexible hote hain, jo first time dekhne pe thoda scary lagta hai.",Negative,Neutral,0.9248,False
Turbulence forecast pilots ko route planning me help kar sakta hai.,Positive,Neutral,0.9876,False
Aviation engineers aircraft materials ko extreme conditions me test karte hain.,Positive,Neutral,0.9946,False
Supersonic aircraft ka sound barrier cross karna engineering milestone tha.,Positive,Neutral,0.9895,False
Supersonic travel ka ticket price dekh ke speed ka excitement thoda kam ho jata hai 😂,Negative,Positive,0.9757,True
Electric aviation short-distance flights ko eventually transform kar sakti hai.,Positive,Neutral,0.9846,False
Cargo planes global supply chains ka invisible backbone hain.,Positive,Neutral,0.9688,False
"Ek parcel multiple countries cross karke ghar tak aa jata hai, passport kyun nahi mila usko 😂📦",Neutral,Negative,0.8242,True
Shipping containers ne global trade ko standardize karne me huge role play kiya.,Positive,Neutral,0.9634,False
Port cranes buildings se bhi taller lag sakte hain 🚢,Positive,Neutral,0.9934,False
Container port me har box ka location digitally track kiya ja sakta hai.,Positive,Neutral,0.995,False
Shipping route maps dekh ke duniya ka trade network suddenly visible ho jata hai.,Positive,Neutral,0.9672,False
Canal traffic jam sunne me funny hai jab tak tumhara cargo usme na ho 😂🚢,Negative,Positive,0.9869,True
Containerization ne loading aur unloading times drastically reduce kiye.,Positive,Neutral,0.9928,False
Ship tracking websites se ocean traffic almost live dekh sakte ho.,Positive,Neutral,0.9925,False
Samundar me tiny ship icons dekh ke lagta hai Google Maps bhi sailor ban gaya 😂,Positive,Negative,0.9898,True
Lighthouse beam raat me ships ko navigation reference deta hai.,Positive,Neutral,0.9982,False
Old wooden ships ki construction techniques kaafi sophisticated thi.,Positive,Neutral,0.9143,False
Traditional weaving techniques generations tak pass down hoti hain.,Positive,Negative,0.8824,False
Japanese indigo dyeing traditional textile art ka interesting example hai.,Positive,Neutral,0.7643,False
Batik patterns cultural stories represent kar sakte hain.,Positive,Neutral,0.9105,False
"Natural dyes plants, minerals aur insects se bhi banaye ja sakte hain.",Positive,Neutral,0.997,False
Handmade paper traditional techniques se ab bhi produce hota hai.,Positive,Neutral,0.9142,False
Origami simple paper ko complex shapes me transform kar deta hai 📄✨,Positive,Neutral,0.5851,False
Urban sketchers ek corner me baith ke pura street scene capture karte hain.,Positive,Neutral,0.9105,False
Watercolor me sky paint karna easy lagta hai until the sky turns green 😂🎨,Negative,Positive,0.9665,True
Digital tablets illustration workflows ko flexible bana dete hain.,Positive,Neutral,0.9624,False
Animation frames manually draw karna extremely time-consuming hai.,Neutral,Negative,0.7994,False
Stop-motion me tiny movements ko repeatedly photograph karna padta hai.,Neutral,Negative,0.9784,False
Dollhouses ka furniture dekh ke tiny interior design industry yaad aati hai 😂,Positive,Negative,0.9596,True
Lego architecture sets famous buildings ko miniature form me recreate karte hain.,Positive,Neutral,0.9527,False
Scale models aviation history ko visually represent kar sakte hain.,Positive,Neutral,0.994,False
Miniature painting me extremely fine brushes use kiye jaate hain.,Neutral,Positive,0.9954,False
Model ships ke tiny ropes dekh ke eyesight ka respect badh jata hai 😂,Positive,Negative,0.9521,True
Hot glass ko shape karna dekh ke lagta hai material bhi drama kar raha hai 🔥,Positive,Negative,0.9455,True
Forged metal objects me hammer marks craftsmanship ka part ban sakte hain.,Positive,Neutral,0.9969,False
Bamboo architecture lightweight aur strong structures create kar sakti hai.,Positive,Neutral,0.8452,False
Bamboo scaffolding skyscraper ke paas dekh ke confidence test ho jata hai 😂,Negative,Positive,0.9818,True
Canoe designs different regions ki water conditions reflect karte hain.,Positive,Neutral,0.9985,False
Modern kayaks recreation ke liye globally popular hain 🛶,Positive,Neutral,0.574,False
Rafting me river ka mood weather se zyada important lagta hai 😂🌊,Negative,Positive,0.9589,True
Rapids ka sound distance se beautiful aur close se serious lagta hai.,Neutral,Positive,0.9942,False
Kayak expeditions remote coastlines explore karne ka option provide karti hain.,Positive,Neutral,0.9862,False
"Rafting helmets fashion accessory nahi, actual safety equipment hain 😭",Neutral,Negative,0.7852,False
Sourdough starter ko feed karna pet ownership ka edible version lagta hai 😂🍞,Positive,Neutral,0.9358,True
Pretzel twisting dekh ke dough bhi gymnastics kar raha hai lagta hai 😂,Positive,Negative,0.9932,True
Indian breads region ke hisaab se kaafi change hote hain.,Positive,Neutral,0.973,False
Naan ko world map pe rakho toh food geography interesting ho jayegi 😂,Positive,Neutral,0.7699,True
Italian pasta shapes ka number surprisingly huge hai.,Neutral,Positive,0.9502,False
Chinese dumplings ke regional variations kaafi extensive hain.,Positive,Neutral,0.9878,False
Korean kimchi fermentation ka cultural significance bhi hai.,Positive,Neutral,0.997,False
Fermentation ne humans ko surprisingly long time se food preserve karne me help kiya hai.,Positive,Neutral,0.5789,False
Kombucha ka naam sunke pehle laga koi fictional character hai 😂,Positive,Negative,0.9445,True
Parmesan wheels ka size dekh ke cheese ne gym join kiya lagta hai 😂🧀,Positive,Negative,0.698,True
Chocolate tempering se texture aur shine improve hoti hai.,Positive,Neutral,0.9887,False
Coffee beans roasting level flavor ko significantly change karta hai.,Positive,Neutral,0.9975,False
Tea leaves ki processing different flavors create karti hai.,Positive,Neutral,0.993,False
Matcha whisk karte waqt foam banana mini science experiment lagta hai 😂,Positive,Neutral,0.7688,True
Spices historically trade routes aur empires ko influence kar chuke hain.,Positive,Neutral,0.9967,False
Salt mines underground cities jaisi structures create kar sakti hain 🧂,Positive,Neutral,0.6266,False
"Honey never spoils easily under suitable conditions, which is wild.",Positive,Neutral,0.9911,False
Olive oil production Mediterranean cultures ka major agricultural tradition hai.,Positive,Neutral,0.9516,False
Olive harvesting machines traditional farming ko modern technology se connect karti hain.,Positive,Neutral,0.9934,False
Rice terraces mountain slopes ko agricultural landscapes me transform kar dete hain 🌾,Positive,Neutral,0.7865,False
Rice terraces dekh ke farming bhi architecture jaisi lagti hai.,Positive,Negative,0.9169,False
Tea plantations hills ko green patterns me cover kar deti hain.,Positive,Neutral,0.9939,False
Grape harvesting festivals agriculture ko cultural celebration bana dete hain.,Positive,Negative,0.8777,False
Olive trees centuries tak productive reh sakte hain.,Positive,Neutral,0.8041,False
Ancient olive trees dekh ke lagta hai inhone generations ki gossip suni hogi 😂🌳,Positive,Negative,0.8527,True
Vanilla comes from an orchid species.,Positive,Neutral,0.9775,False
Tea ceremonies often emphasize preparation as much as drinking.,Positive,Neutral,0.9858,False
Slow food movements local ingredients aur traditional cooking ko promote karte hain.,Positive,Neutral,0.9669,False
Farmers markets local producers aur consumers ko directly connect karte hain.,Positive,Neutral,0.9741,False
Farmers market me “bas ek cheez” bolke poora basket bhar jana expected hai 😂🛍️,Positive,Neutral,0.526,True
Community-supported agriculture seasonal produce provide kar sakti hai.,Positive,Neutral,0.9909,False
Urban farming unused spaces ko food production me convert kar sakti hai.,Positive,Neutral,0.5746,False
Tomato plant ko daily check karna agriculture ka mini stock market lagta hai 😂,Positive,Negative,0.9011,True
Seed banks crop diversity preserve karne me important role play karte hain.,Positive,Neutral,0.9352,False
Botanical expeditions historically new plant species discover karne ka major source thi.,Positive,Neutral,0.7906,False
Orchid collections dekh ke greenhouse ka electricity bill yaad nahi karna chahiye 😂🌺,Positive,Neutral,0.8788,True
Venus flytraps look cute until you remember they eat insects 😂🌱,Neutral,Positive,0.9822,True
Bamboo rapidly grow kar sakta hai compared with many woody plants.,Positive,Neutral,0.9637,False
Giant bamboo forest me walk karna cinematic experience lagta hai 🎋,Positive,Negative,0.9611,False
Banyan trees aerial roots se enormous structures develop kar sakte hain.,Positive,Neutral,0.9708,False
Mycorrhizal fungi plants ke roots ke saath symbiotic relationships form karte hain.,Positive,Neutral,0.996,False
Fungi ko dekh ke lagta hai forest ka hidden internet already installed hai 🍄😂,Positive,Neutral,0.7592,True
Mushrooms ka ecological role decomposition se kaafi beyond hai.,Positive,Neutral,0.976,False
Fungal networks forest ecosystems me nutrient cycling support karte hain.,Positive,Neutral,0.9958,False
Desert plants water loss reduce karne ke specialized adaptations develop karte hain.,Positive,Neutral,0.9969,False
Cactus ke paas water storage ka proper survival strategy hai 🌵,Positive,Neutral,0.994,False
Cactus ko hug karna definitely friendship ka recommended test nahi hai 😂,Negative,Positive,0.9033,True
Mangrove roots muddy water me unusual shapes create karti hain.,Positive,Neutral,0.7944,False
Seagrass meadows marine animals ke nursery habitats provide karte hain.,Positive,Neutral,0.9816,False
Algae can be used in research for biofuels and materials.,Positive,Neutral,0.9943,False
Microscopic organisms ka scale dekh ke biology ka definition hi expand ho jata hai 🔬,Positive,Negative,0.8832,True
Bacteria ko sirf harmful samajhna scientifically incomplete hai.,Neutral,Negative,0.9734,False
Genetic databases biodiversity research ko support karte hain.,Positive,Neutral,0.9896,False
Conservation genetics endangered populations ke management me help karti hai.,Positive,Neutral,0.9769,False
Cloning extinct species ka idea science fiction se research discussion tak aa gaya hai.,Neutral,Negative,0.9063,False
Gene banks agricultural biodiversity preserve karte hain.,Positive,Neutral,0.99,False
Crop diversity food security ke liye important hai.,Positive,Neutral,0.9933,False
Monoculture farming me disease risk increase ho sakta hai.,Negative,Neutral,0.6639,False
Sustainable agriculture soil health ko long-term focus me rakhti hai.,Positive,Neutral,0.9921,False
Soil ko ignore karna basically farming ke foundation ko ignore karna hai.,Neutral,Negative,0.9643,False
Composting organic waste ko useful soil amendment me convert kar sakti hai.,Positive,Neutral,0.9951,False
Compost bin me kya ho raha hai dekh ke biology ka patience test ho jata hai 😂,Neutral,Negative,0.9915,True
Vermicomposting me earthworms organic material break down karne me help karte hain.,Positive,Negative,0.9732,False
Soil microbes nutrient cycling ke liye essential hote hain.,Positive,Neutral,0.9955,False
Desertification agricultural land ke liye serious challenge hai.,Negative,Neutral,0.6142,False
Windbreak trees soil erosion reduce karne me help kar sakte hain.,Positive,Neutral,0.9971,False
Terracing slopes par water runoff manage karne ka traditional method hai.,Positive,Neutral,0.998,False
Ancient farmers already understood terrain better than my map-reading skills 😂,Positive,Neutral,0.7262,True
Drip irrigation water efficiency improve kar sakti hai.,Positive,Neutral,0.9949,False
Precision agriculture sensors soil conditions monitor kar sakte hain.,Positive,Neutral,0.9963,False
Farm drones crops ki aerial monitoring kar sakte hain 🚁🌾,Positive,Neutral,0.9608,False
Farmer ko drone se crop dekhna future ka farming simulator lagta hai 😂,Positive,Negative,0.579,True
Automated irrigation systems water usage optimize kar sakte hain.,Positive,Neutral,0.9965,False
Nature ka night mode bhi premium version hai 😂🌌,Positive,Neutral,0.9841,True
Alien life ke clues mil gaye toh internet probably 3 minutes me overload ho jayega 😂👽,Positive,Negative,0.642,True
Astrobiology studies the possibility and conditions for life beyond Earth.,Positive,Neutral,0.9874,False
Lunar missions have collected samples from the Moon's surface.,Positive,Neutral,0.9782,False
Moon rocks ko laboratory me study karna actual space history ko touch karna hai 🌕,Positive,Neutral,0.9971,False
Eclipse ke time phone camera ko bhi scientist samajh lena thoda optimistic hai 😂📱,Negative,Positive,0.8706,True
Space debris is a growing concern for orbital operations.,Negative,Neutral,0.9679,False
CubeSats allow smaller teams to conduct space experiments.,Positive,Neutral,0.9933,False
Satellite ko chhota kar diya but mission ki responsibility ab bhi giant hai 😂,Neutral,Negative,0.9831,True
Solar panels provide power to many spacecraft.,Positive,Neutral,0.8053,False
Solar energy space missions ke liye important power source hai.,Positive,Neutral,0.9459,False
Venus ka weather forecast sunke umbrella ka confidence bhi toot jaye 😂🔥,Negative,Positive,0.9957,True
Jupiter ke storms Earth ke comparison me ridiculously huge lagte hain 🪐,Positive,Negative,0.7363,True
Saturn ke rings dekh ke solar system ne decoration seriously liya lagta hai 😂,Positive,Negative,0.4103,True
Uranus ka rotation literally sideways personality jaisa hai 😭🪐,Neutral,Negative,0.9816,True
Asteroids are studied to understand early solar system formation.,Positive,Neutral,0.986,False
Space mining ka idea sunke sci-fi movies suddenly less fictional lagti hain 🚀,Positive,Negative,0.9913,False
Telescopes in different locations can cooperate on astronomical observations.,Positive,Neutral,0.9742,False
Radio astronomy detects signals outside visible wavelengths.,Positive,Neutral,0.9724,False
Space suits protect astronauts from vacuum and extreme temperatures.,Positive,Neutral,0.8088,False
Spacesuit ka helmet literally personal atmosphere carry karta hai.,Positive,Neutral,0.9366,False
Parabolic flights can create short periods of weightlessness.,Neutral,Negative,0.6741,False
Zero-gravity flight me stomach ko bhi surprise milta hoga 😂✈️,Negative,Positive,0.958,True
Rocket launches involve teams across engineering and science disciplines.,Positive,Neutral,0.9381,False
Launch countdown sunte hi sabki breathing synchronized ho jati hai 🚀😶,Neutral,Negative,0.8361,False
Mission control ka room dekh ke lagta hai keyboard se universe chal raha hai 😂,Positive,Negative,0.6253,True
Mars ko message bhej ke instant reply expect karna thoda ambitious hai 😂📡,Neutral,Negative,0.6046,True
Voyager spacecraft continue traveling far beyond the outer planets.,Positive,Neutral,0.6799,False
Earth ne aliens ko message bheja aur saath me playlist bhi de di 😂🌍,Positive,Negative,0.4556,True
Astronaut photography has produced detailed images of Earth's landscapes.,Positive,Neutral,0.7004,False
Auroras are produced by interactions between charged particles and Earth's atmosphere.,Positive,Neutral,0.9317,False
Solar storms can disrupt satellite communications.,Negative,Neutral,0.8297,False
Space me human body ko gravity ki aadat suddenly miss ho jati hai.,Neutral,Negative,0.9452,False
Months in space with the same people sounds like a very advanced patience experiment 😂,Negative,Positive,0.9812,True
Space agriculture research focuses on growing food in controlled environments.,Positive,Neutral,0.994,False
Robotic spacecraft can explore environments too dangerous for humans.,Positive,Neutral,0.969,False
Robots on other planets are basically unpaid field researchers 🤖,Positive,Neutral,0.7676,True
Mars rovers use autonomous navigation to avoid obstacles.,Positive,Neutral,0.9724,False
The Amazon rainforest plays an important role in global ecosystems.,Positive,Neutral,0.9365,False
Jungle me network na mile toh adventure officially start ho gaya 😂🌳,Neutral,Positive,0.9952,True
New insect species are still being documented by researchers.,Positive,Neutral,0.9918,False
Ek tiny insect ke liye bhi scientific naam decide karna padta hai 😂🐜,Neutral,Negative,0.9856,True
Rainforest rivers transport nutrients and sediments across large distances.,Positive,Neutral,0.935,False
River dolphins use echolocation to navigate muddy waters.,Positive,Neutral,0.9719,False
Pink dolphins look like nature accidentally changed the color settings 🐬😂,Positive,Neutral,0.8844,True
Mangrove forests can reduce coastal erosion.,Positive,Neutral,0.9924,False
Coral reefs support thousands of marine species.,Positive,Neutral,0.8003,False
Coral bleaching can severely affect reef ecosystems.,Negative,Neutral,0.9706,False
Underwater research stations sound peaceful until you remember the ocean is right outside 😂🌊,Negative,Positive,0.8789,True
Submersibles allow scientists to reach deep ocean environments.,Positive,Neutral,0.9926,False
Deep ocean exploration basically means entering Earth's pressure cooker 😂,Negative,Neutral,0.9701,True
Hydrothermal vents support ecosystems without sunlight.,Positive,Neutral,0.9901,False
Deep-sea creatures often have specialized adaptations for darkness.,Positive,Neutral,0.9466,False
Anglerfish look like they were designed by someone who hates cute animals 😂🐟,Negative,Positive,0.8331,True
Bioluminescence helps some marine animals attract prey or communicate.,Positive,Neutral,0.9857,False
Whales communicate using complex sounds across ocean distances.,Positive,Neutral,0.9345,False
Dolphin groups can coordinate while hunting.,Positive,Neutral,0.9798,False
Sea turtles return to specific beaches to lay eggs.,Positive,Neutral,0.9663,False
Baby turtles navigate toward the ocean using environmental cues.,Positive,Neutral,0.975,False
Tiny turtles finding the ocean on day one is more direction sense than most people have 😂🐢,Positive,Neutral,0.651,True
Marine protected areas restrict certain activities to conserve ecosystems.,Positive,Neutral,0.9499,False
Ocean cleanup projects target floating plastic waste.,Positive,Neutral,0.9895,False
Plastic bottles have somehow become permanent residents of places they never booked 😂🌊,Negative,Positive,0.8935,True
Microplastics have been detected in many marine environments.,Negative,Neutral,0.9871,False
Plastic pollution is one of the major challenges facing oceans.,Negative,Neutral,0.9725,False
Beach cleanup groups collect large amounts of litter from shorelines.,Positive,Neutral,0.9675,False
Coastal cities use flood maps for resilience planning.,Positive,Neutral,0.9866,False
Flood barriers can protect some low-lying urban areas.,Positive,Neutral,0.9868,False
Venice has developed systems to reduce flooding impacts.,Positive,Neutral,0.9901,False
"Venice ka paani dekh ke tourist happy, engineers serious mode me hote hain 😂🇮🇹",Neutral,Positive,0.937,True
Floating architecture is being explored in some coastal regions.,Positive,Neutral,0.9785,False
Floating houses sound futuristic but engineering already takes them seriously 🚤🏠,Positive,Neutral,0.5019,False
Netherlands has extensive systems for managing water levels.,Positive,Neutral,0.9035,False
Dikes protect large areas of low-lying land from flooding.,Positive,Neutral,0.9826,False
Reclaimed land has changed the geography of parts of the Netherlands.,Positive,Neutral,0.8682,False
"Canals can serve transportation, drainage and water-management purposes.",Positive,Neutral,0.9811,False
Canal houses look beautiful but moving furniture there probably requires strategy 😂,Positive,Neutral,0.5947,True
Ships basically take an elevator made of water through the canal 😂🚢,Positive,Neutral,0.9017,True
Canal shortcuts have had enormous effects on global shipping.,Positive,Neutral,0.6057,False
Singapore's port handles enormous volumes of global cargo.,Positive,Neutral,0.811,False
Singapore's container stacks look like Tetris played at industrial scale 😂📦,Positive,Neutral,0.8055,True
Rotterdam is one of Europe's major ports.,Neutral,Positive,0.5726,False
Automated guided vehicles are used in some modern ports.,Positive,Neutral,0.9913,False
Port robots moving containers around look like a giant warehouse game 😂🤖,Positive,Neutral,0.4636,True
Global shipping relies on standardized container sizes.,Positive,Neutral,0.9933,False
"One metal box can travel through ships, trains and trucks without unloading its contents.",Positive,Neutral,0.9377,False
Intermodal transport connects different transportation systems.,Positive,Neutral,0.9324,False
Freight trains move large quantities of goods over long distances.,Positive,Neutral,0.7977,False
High-speed rail systems operate in several countries.,Positive,Neutral,0.9865,False
Japan's Shinkansen is known for punctuality and speed.,Positive,Neutral,0.8783,False
Shinkansen delay announcements probably have more dignity than my apologies 😂🚄,Positive,Negative,0.8792,True
European rail systems connect many countries across borders.,Positive,Neutral,0.7348,False
Night trains allow passengers to travel while sleeping.,Positive,Neutral,0.9663,False
Sleeping on a train and waking up in another city sounds like teleportation with paperwork 😂🚆,Positive,Negative,0.9721,True
Switzerland has extensive mountain railways.,Positive,Neutral,0.6753,False
Mountain railway tracks look like engineering decided to challenge gravity 😂🏔️,Positive,Negative,0.7697,True
Urban cable cars are used as public transport in some cities.,Positive,Neutral,0.9734,False
London's Tube map simplified a complicated transport network.,Positive,Neutral,0.9046,False
Metro maps make cities look much smaller than they actually are 😂🚇,Positive,Negative,0.9821,True
Tokyo's rail system is highly integrated with urban life.,Positive,Neutral,0.7999,False
Tokyo stations can function like miniature cities.,Positive,Neutral,0.9606,False
Getting lost in a huge station is basically free cardio 😂,Positive,Negative,0.9637,True
Dubai mein aaj kaafi unusual rain hui.,Neutral,Positive,0.8751,False
Tokyo ki trains itni punctual kaise hain yaar 😭🚆,Positive,Negative,0.49,True
Iceland ka weather dekh ke jacket pehen li maine 🥶,Negative,Neutral,0.7396,False
Iceland mein rehna matlab weather ke saath daily negotiation 😂,Negative,Neutral,0.768,True
Switzerland pahunch ke bas trains hi dekhte rehna hai ab 😂🚆,Positive,Negative,0.975,True
Japan mein vending machine bhi mujhse zyada useful hai 😭,Negative,Positive,0.5083,True
Seoul ke night markets ka vibe alag hi hai 🌃,Positive,Neutral,0.8864,False
Seoul mein raat ko bhi log mujhse zyada active hain 😂,Negative,Positive,0.9955,True
Singapore airport toh khud ek tourist spot lagta hai.,Positive,Neutral,0.9591,False
Airport itna sundar hai ki flight cancel karwa du kya 😂✈️,Positive,Negative,0.9912,True
New York ka skyline raat mein crazy lagta hai.,Positive,Negative,0.7709,False
NYC mein buildings bhi attitude mein khadi hain 😂🏙️,Positive,Negative,0.9767,True
London mein weather literally mood ke saath change hota hai.,Negative,Positive,0.8218,False
Paris jaake bhi main photo lene mein busy thi obviously 😂📸,Positive,Negative,0.6926,True
Amsterdam mein cycle se bachna bhi ek skill hai 😂,Negative,Positive,0.6075,True
Venice mein auto wala concept fail ho gaya 😂🚤,Neutral,Negative,0.9922,True
Australia mein kangaroo ko road ke paas dekha 😭🦘,Positive,Neutral,0.9778,False
New Zealand ka landscape unreal lagta hai.,Positive,Negative,0.9949,False
New Zealand dekh ke wallpaper delete karne ka mann hua 😂,Positive,Negative,0.9867,True
Switzerland ka lake water literally postcard jaisa tha.,Positive,Neutral,0.949,False
Nature ne Switzerland mein overachieve kar diya 😂🏔️,Positive,Negative,0.9913,True
Raat hai but sun ne resignation nahi diya 😂☀️,Neutral,Positive,0.9966,True
Hawaii ka beach view unreal tha 🌊,Positive,Negative,0.7925,False
Morocco ke bazaar mein direction naam ki cheez nahi 😂,Negative,Neutral,0.9362,True
Rome mein literally wall bhi historical nikli 😂🏛️,Positive,Negative,0.9818,True
Football match ka atmosphere stadium mein totally different hota hai.,Positive,Neutral,0.9961,False
Stadium mein sabko suddenly expert referee banna hi tha 😂⚽,Positive,Negative,0.8023,True
Messi ka old match dekh rahi thi.,Positive,Neutral,0.9869,False
Ek boundary aur poora stadium emotionally stable nahi raha 😂🏏,Positive,Negative,0.9908,True
Wimbledon ka grass court kitna neat lagta hai.,Positive,Negative,0.4754,False
Chess tournament ka silence kaafi intense hota hai.,Neutral,Negative,0.5015,False
Chess mein ek galat move aur ego gone 😂♟️,Negative,Positive,0.6592,True
Snowboard pe first day mein hi insurance chahiye hoga 😂,Negative,Neutral,0.963,True
Archery mein concentration kaafi important hai.,Positive,Neutral,0.9359,False
Swimming competitions mein timing kaafi close hoti hai.,Positive,Neutral,0.6685,False
Volleyball mein ball hawa mein aur meri planning ground pe 😂,Negative,Positive,0.7014,True
Electric race car ne noise ka budget bhi bacha liya 😂,Positive,Negative,0.9264,True
Baseball dekh ke pehle bas bat hi samajh aayi 😂⚾,Neutral,Positive,0.8504,True
"Documentary start ki thi, ending tak Wikipedia padh li 😂",Positive,Negative,0.902,True
Actor ne scene bacha liya warna picture gayi thi 😂🎬,Positive,Negative,0.927,True
Movie average thi but songs ne izzat bacha li 😂🎶,Positive,Negative,0.8326,True
I still haven't watched that series.,Neutral,Negative,0.7155,False
I guessed the villain correctly.,Positive,Neutral,0.9936,False
Detective banne ka mauka mil gaya 😂🕵️,Positive,Negative,0.7686,True
Subtitles ne actor se zyada clearly explain kiya 😂,Positive,Negative,0.8687,True
Documentary khatam hui aur main suddenly philosopher ban gayi 😂,Positive,Negative,0.9971,True
Movie itni underrated thi ki koi mil hi nahi raha discuss karne 😂,Positive,Negative,0.994,True
Purani movie ne new releases ko quietly expose kar diya 😂,Positive,Negative,0.9965,True
I prefer watching movies at home.,Positive,Neutral,0.9692,False
Aaj private screening mil gayi apparently 😂🎬,Positive,Neutral,0.6872,True
Episode khatam hua aur knowledge ka overload ho gaya 😂,Positive,Negative,0.9965,True
Purane radio shows ka vibe alag hi hai 📻,Positive,Negative,0.8734,False
Interview mein filters naam ki cheez nahi thi 😂,Positive,Neutral,0.8496,True
Cover dekh ke hi book kharidne ka temptation aa gaya 😂📚,Positive,Negative,0.9196,True
I prefer paper books sometimes.,Positive,Neutral,0.9877,False
E-book convenient hai but paper ka feel alag hai.,Positive,Neutral,0.9188,False
I accidentally bought another notebook.,Negative,Neutral,0.7573,False
Purani diary padh ke past version se mil liya 😂,Positive,Negative,0.8042,True
I deleted around two thousand screenshots.,Positive,Negative,0.9212,False
2019 ka face dekh ke time travel ho gaya 😂,Positive,Negative,0.9705,True
I changed my phone wallpaper.,Positive,Neutral,0.8854,False
Wallpaper change karke phone naya lagne laga 😂,Positive,Negative,0.8889,True
The new update looks clean.,Positive,Neutral,0.8789,False
Update ne icons ko bhi personality de di 😂📱,Positive,Negative,0.9791,True
Phone literally toaster ban gaya hai 😂🔥,Negative,Positive,0.918,True
"Backup ho gaya, ab thoda peace mila 😭",Positive,Negative,0.96,False
My cloud storage is almost full.,Negative,Positive,0.8661,False
"Cloud bhi bhar gaya, ab sky mein save karu kya 😂☁️",Negative,Neutral,0.4852,True
I lost one earbud again.,Negative,Positive,0.7633,False
Ek earbud har baar freedom fighter kyun ban jata hai 😂🎧,Negative,Positive,0.9574,True
Found the earbud under my pillow.,Positive,Neutral,0.9844,False
"Earbud bed ke neeche nahi, pillow ke neeche tha 😂",Positive,Neutral,0.738,True
Charger ne retirement le liya apparently 😂🔌,Negative,Neutral,0.664,True
I bought a longer charging cable.,Positive,Neutral,0.9801,False
Keyboard type karte hi productivity ka illusion de raha hai 😂⌨️,Positive,Negative,0.9714,True
I accidentally changed my phone settings.,Negative,Neutral,0.9136,False
My laptop fan is getting loud.,Negative,Positive,0.9937,False
Laptop ka fan aaj helicopter ban gaya 😂💻,Negative,Positive,0.8919,True
I cleaned my laptop screen today.,Positive,Neutral,0.9289,False
I bought a tiny desk lamp.,Positive,Neutral,0.9781,False
I found a free editing app.,Positive,Neutral,0.8985,False
My browser has thirty tabs open.,Negative,Neutral,0.7615,False
I found the tab I needed.,Positive,Neutral,0.7419,False
The internet is unusually slow today.,Negative,Neutral,0.5594,False
I changed the router position.,Positive,Neutral,0.989,False
"Router ko corner se hata diya, ab signal bhi khush hai 😂",Positive,Neutral,0.6961,True
The signal is stronger near the window.,Positive,Neutral,0.716,False
The file opened after years.,Positive,Negative,0.5742,False
File ne bhi nostalgia trip karwa diya 😂💾,Positive,Negative,0.9892,True
I found my first email account.,Neutral,Positive,0.6063,False
Two-factor authentication is useful.,Positive,Neutral,0.9842,False
My contact list has so many unused numbers.,Neutral,Negative,0.9136,False
Group chat khola aur pura historical evidence mil gaya 😂,Positive,Negative,0.9824,True
Everyone used to type so much there.,Neutral,Positive,0.9447,False
Purane chats mein energy kuch zyada hi thi 😂,Positive,Negative,0.9793,True
I accidentally reacted to an old message.,Negative,Neutral,0.8356,False
Voice note 7 minutes ka tha 😭🎧,Negative,Neutral,0.5243,False
Seven minutes ka voice note is basically a podcast.,Negative,Neutral,0.8604,True
Maine voice note speed pe sun liya 😂,Positive,Negative,0.4879,True
Explanation mein explanation ka bhi explanation tha 😂,Negative,Neutral,0.9372,True
Sticker ne conversation officially handle kar li 😂,Positive,Negative,0.8632,True
I saw a weird headline today.,Neutral,Negative,0.4879,False
Weather app galat nikla again 😂☁️,Negative,Positive,0.7729,True
"Forecast dekh ke nikli thi, sky ka alag plan tha 😂",Negative,Neutral,0.8881,True
It started raining unexpectedly.,Negative,Neutral,0.9094,False
"Umbrella ghar pe aur baarish bahar, classic 😂☔",Negative,Positive,0.9903,True
The shopkeeper recommended a mystery novel.,Positive,Neutral,0.7862,False
Mystery novel ne mujhe hi suspicious bana diya 😂,Positive,Negative,0.9917,True
I bought a second-hand book.,Positive,Neutral,0.6212,False
There was a note inside the book.,Positive,Neutral,0.9454,False
The song sounded familiar.,Neutral,Positive,0.9941,False
There was a small art market nearby.,Positive,Neutral,0.9823,False
I bought a handmade postcard.,Positive,Neutral,0.9493,False
Postcard dekh ke letters likhne ka mann hua ✉️,Positive,Neutral,0.9909,False
I haven't written a letter in years.,Neutral,Negative,0.9039,False
Handwritten letter ka vibe messages se alag hai.,Positive,Neutral,0.9828,False
I found a tiny local bakery.,Positive,Neutral,0.9867,False
Bakery ki smell ne bina permission andar bula liya 😂🥐,Positive,Negative,0.7467,True
Bread itni achhi thi ki dinner plans cancel 😂🥖,Positive,Negative,0.9926,True
I finally tried Korean noodles.,Positive,Neutral,0.7959,False
"Noodles spicy the, confidence nahi 😂🌶️",Negative,Positive,0.9131,True
Salsa ne first bite mein hi warning de di 😂🌶️,Negative,Positive,0.9971,True
I tried Japanese mochi.,Positive,Neutral,0.9971,False
Mochi ka texture unexpected tha 😂,Neutral,Positive,0.8893,True
Dessert ne sugar level ko personal challenge de diya 😂🍰,Negative,Neutral,0.781,True
Moroccan tea is served very differently.,Positive,Neutral,0.9948,False
Tea pour karne ka style full performance lagta hai 😂,Positive,Negative,0.9559,True
Italian gelato tastes different from regular ice cream.,Positive,Neutral,0.9814,False
Gelato ne ice cream ko competition de diya 😂🍨,Positive,Neutral,0.643,True
Fresh pasta ne packet wali pasta ko expose kar diya 😂🍝,Positive,Negative,0.6341,True
Dessert shop mein sirf dekhne gayi thi obviously 😂,Positive,Negative,0.8741,True
I bought mangoes today.,Positive,Neutral,0.9643,False
The mango was ridiculously sour.,Negative,Positive,0.9691,False
I tried dragon fruit.,Positive,Neutral,0.9971,False
I bought fresh cherries.,Positive,Neutral,0.9939,False
Garden mein birds kaafi loud the 😂🐦,Negative,Positive,0.9978,True
I planted basil yesterday.,Positive,Neutral,0.9612,False
Cactus ko bhi meri care tolerate ho gayi 😂🌵,Positive,Negative,0.9093,True
I forgot to water the plants.,Negative,Neutral,0.7374,False
Plants ko meri memory pe bharosa hi nahi karna chahiye 😂🌱,Negative,Positive,0.942,True
The balcony has new plants now.,Positive,Neutral,0.8568,False
Butterfly do second ruki aur phir celebrity ki tarah chali gayi 😂🦋,Positive,Negative,0.7717,True
There were fireflies near the lake.,Positive,Neutral,0.9785,False
Frogs ka midnight concert start ho gaya 😂🐸,Positive,Neutral,0.5536,True
The sunset was orange today.,Positive,Neutral,0.8046,False
Clouds looked like mountains.,Positive,Neutral,0.7321,False
I saw a double rainbow.,Positive,Neutral,0.9755,False
Moon aaj unnecessarily photogenic tha 😂🌕,Positive,Negative,0.6084,True
I heard thunder from far away.,Neutral,Positive,0.932,False
Thunder ne bina invitation ke announcement kar diya 😂⛈️,Negative,Positive,0.417,True
Wish maangne ka time bhi nahi mila 😭✨,Negative,Positive,0.9931,False
I saw a fox near the road.,Positive,Neutral,0.967,False
There were deer near the forest.,Positive,Neutral,0.9959,False
A squirrel stole a biscuit.,Negative,Neutral,0.9858,False
Peacock ne feathers khole aur pura main character moment tha 🦚,Positive,Neutral,0.9622,True
Goats ne road ko apna personal lounge bana diya 😂🐐,Neutral,Negative,0.7188,True
The street had a tiny book stall.,Positive,Neutral,0.975,False
Tiny stall but books ka collection dangerous tha 😂📚,Positive,Negative,0.9894,True
I found an old map at the market.,Positive,Neutral,0.9209,False
Old map dekh ke treasure hunt start karne ka mann hua 😂🗺️,Positive,Negative,0.7518,True
Someone was selling handmade pottery.,Positive,Neutral,0.996,False
Pottery itni pretty thi ki haath lagane se darr laga 😂🏺,Positive,Negative,0.9821,True
I saw a traditional dance performance.,Positive,Neutral,0.954,False
Costume dekh ke normal clothes boring lagne lage 😂,Positive,Negative,0.9842,True
I heard live classical music.,Positive,Neutral,0.6026,False
Live music mein headphones ka competition hi nahi 🎻,Positive,Neutral,0.9551,False
Someone was playing a violin outside.,Positive,Neutral,0.7988,False
Violin ki sound ne pura street cinematic bana diya 🎻,Positive,Negative,0.9907,False
I saw a traditional puppet show.,Positive,Neutral,0.9068,False
There were lanterns everywhere.,Positive,Neutral,0.7939,False
Lanterns ne pura street glow kar diya 🏮,Positive,Negative,0.9906,False
I bought a handmade bracelet.,Positive,Neutral,0.9186,False
The market was extremely crowded.,Negative,Neutral,0.6769,False
"Crowd se bachke corner mil gaya, victory 😂",Positive,Negative,0.8869,True
Random singer ne free concert de diya 🎶,Positive,Negative,0.7886,False
I watched a street magician.,Positive,Neutral,0.7841,False
The magician pulled a coin from nowhere.,Positive,Neutral,0.6422,False
Coin kaha se aaya abhi tak samajh nahi aaya 😂,Neutral,Positive,0.8426,True
I saw a giant chessboard outside.,Positive,Neutral,0.8101,False
People were playing board games there.,Positive,Neutral,0.9846,False
Board game start hua aur friendship test ban gaya 😂,Negative,Neutral,0.8296,True
Someone brought a puzzle to the park.,Positive,Neutral,0.864,False
Puzzle dekh ke mera patience park se bahar chala gaya 😂,Negative,Positive,0.9117,True
I found a really strange riddle.,Neutral,Positive,0.9982,False
I bought a tiny globe.,Positive,Neutral,0.8044,False
I marked five countries I want to visit.,Positive,Neutral,0.809,False
"Five countries se start kiya, ab list fifty hai 😂",Positive,Neutral,0.9429,True
I want to visit the Amazon rainforest.,Positive,Neutral,0.9535,False
Amazon jungle mein mosquito mera main character ban jayega 😂🌿,Negative,Neutral,0.6799,True
I want to see the Great Barrier Reef.,Positive,Neutral,0.9718,False
I want to visit Patagonia.,Positive,Neutral,0.9284,False
Patagonia ka landscape unreal lagta hai 🏔️,Positive,Negative,0.9955,False
I want to see Mount Fuji.,Positive,Neutral,0.6008,False
Fuji ke saamne photo mein main background ban jaungi 😂🗻,Positive,Neutral,0.7708,True
Winter NYC mein stylish rehna alag challenge hoga 😂🧥,Negative,Positive,0.9619,True
I want to see Kyoto during autumn.,Positive,Neutral,0.8508,False
Prague ki streets mein bas randomly walk karna hai.,Positive,Negative,0.8866,False
Petra photos mein hi unreal lagti hai.,Positive,Negative,0.9931,False
I want to visit Bhutan.,Positive,Negative,0.5745,False
I want to visit Kenya for a safari.,Positive,Neutral,0.5265,False
Safari mein animals ko disturb nahi karna hai.,Positive,Neutral,0.9807,False
Giraffe ko dekh ke camera automatically nikal jayega.,Positive,Neutral,0.7525,False
I want to see penguins in Antarctica.,Positive,Neutral,0.9911,False
I want to visit the Galapagos Islands.,Positive,Neutral,0.96,False
I want to see volcanoes from a safe distance.,Positive,Neutral,0.8955,False
Volcano ko close-up mein dekhne ka plan bilkul nahi 😂🌋,Negative,Neutral,0.6031,True
I want to visit a desert at night.,Positive,Neutral,0.9027,False
I want to travel by sleeper train.,Positive,Neutral,0.9936,False
Sleeper train ka window view alag level ka hota hai 🚆,Positive,Neutral,0.9977,False
I want to take a road trip abroad.,Positive,Negative,0.5361,False
I want to rent a camper van.,Positive,Neutral,0.9966,False
I want to try scuba diving.,Positive,Neutral,0.7725,False
I want to try paragliding.,Positive,Neutral,0.9922,False
Kayak palat gaya toh vacation instantly adventure ban jayega 😂🚣,Negative,Positive,0.9222,True
I want to see a glacier.,Positive,Neutral,0.9038,False
Glacier photos mein blue ice unreal lagti hai 🧊,Positive,Negative,0.9883,False
Volcano ke saath distance maintain karungi 😂🌋,Positive,Neutral,0.8662,True
I want to visit a rainforest.,Positive,Neutral,0.9792,False
Rainforest mein waterproof bag compulsory hoga 😂🌿,Neutral,Positive,0.5293,True
I want to visit a floating market.,Positive,Neutral,0.9976,False
I want to see cherry blossoms.,Positive,Neutral,0.9948,False
Canada ke autumn colours unreal lagte hain 🍁,Positive,Negative,0.7822,False
I want to visit a Christmas market abroad.,Positive,Neutral,0.8942,False
I want to see the midnight sun.,Positive,Neutral,0.6341,False
Midnight sun dekh ke sleep schedule officially confused 😂☀️,Negative,Positive,0.9874,True
I want to visit a tiny village somewhere.,Positive,Neutral,0.8787,False
City se break lena kabhi kabhi zaroori hai.,Positive,Negative,0.9938,False
I want to travel without a fixed itinerary.,Positive,Negative,0.5089,False
Random road choose karna exciting bhi hai aur risky bhi 😂🗺️,Neutral,Negative,0.9218,True
I want to collect postcards from different countries.,Positive,Neutral,0.906,False
I want to learn basic phrases before travelling.,Positive,Neutral,0.905,False
I want to travel somewhere completely new.,Positive,Neutral,0.4045,False
Bas passport ready rehna chahiye 😂✈️,Positive,Neutral,0.5509,True
Aaj metro mein ek banda pura guitar leke khada tha 😂🎸,Positive,Neutral,0.8025,True
Metro aaj surprisingly empty thi.,Positive,Negative,0.835,False
Signal pe khade khade podcast complete kar diya.,Neutral,Positive,0.9829,False
Auto wale bhaiya ne shortcut se bacha liya mujhe.,Positive,Negative,0.9663,False
Aaj first time electric bus mein travel kiya.,Positive,Neutral,0.9939,False
Bus mein ek uncle sabko route samjha rahe the 😂,Positive,Neutral,0.398,True
Aaj cycle se market chali gayi.,Positive,Negative,0.9801,False
Road pe ek dog mere saath kaafi door tak chala 🐕,Positive,Neutral,0.9452,False
Traffic police wale uncle ne actually smile karke side karwaya.,Positive,Negative,0.856,False
Petrol pump pe line unexpectedly short thi.,Positive,Neutral,0.9559,False
Aaj parking easily mil gayi.,Positive,Neutral,0.505,False
"Parking mil gayi, aaj universe mere favour mein hai 😂",Positive,Negative,0.9886,True
Rickshaw wala exact change leke baitha tha.,Positive,Neutral,0.9588,False
Boarding gate last minute change hua.,Negative,Neutral,0.9972,False
Flight mein window seat mil gayi.,Positive,Neutral,0.9606,False
Station pe ek book exchange stall dekha.,Positive,Neutral,0.9577,False
"Book exchange karne gayi thi, teen books lekar aa gayi 😂📚",Positive,Negative,0.9734,True
Parcel expected time se pehle aa gaya.,Positive,Neutral,0.8803,False
Delivery guy ne rain mein bhi parcel deliver kiya.,Positive,Neutral,0.8488,False
"Baarish mein parcel bach gaya, humanity bhi bach gayi 😂",Positive,Negative,0.9763,True
"Address sahi tha, printer ka alag hi agenda tha 😂",Negative,Neutral,0.9525,True
Aaj ek handwritten postcard mila.,Positive,Neutral,0.9723,False
Handwritten cheez dekh ke WhatsApp thoda outdated laga 😂,Positive,Negative,0.9668,True
Itne purane headlines padh ke time travel ho gaya 😂,Positive,Negative,0.9808,True
Radio jockey ki energy subah 7 baje bhi dangerous thi 😂,Positive,Negative,0.9462,True
Phone ka screen protector finally replace kiya.,Positive,Neutral,0.9917,False
Camera lens clean kiya toh photos suddenly sharp ho gayi.,Positive,Neutral,0.6555,False
Gallery mein bohot saare duplicate photos the.,Neutral,Positive,0.9949,False
Notification settings thodi clean kar di.,Positive,Neutral,0.5255,False
Passwords yaad rakhne ka career finally khatam 😂,Positive,Negative,0.9217,True
Aaj QR code scan karte waqt camera hang ho gaya.,Negative,Neutral,0.9969,False
Bluetooth speaker connect ho gaya first try mein.,Positive,Neutral,0.9927,False
Files organize karte karte purane versions se friendship ho gayi 😂,Positive,Negative,0.9784,True
Aaj ek new keyboard shortcut seekha.,Positive,Neutral,0.9957,False
"Shortcut seekh liya, ab main officially tech expert 😂",Positive,Negative,0.9839,True
Monitor ka brightness bohot low tha.,Neutral,Negative,0.5371,False
Printer ne first attempt mein print de diya.,Positive,Neutral,0.9734,False
Printer ne aaj decide kiya ki drama baad mein karenge 😂,Positive,Negative,0.99,True
Aaj ek old camera mila ghar mein.,Positive,Neutral,0.9967,False
Photo nikalte hi suspense start ho jata hai 😂,Positive,Negative,0.834,True
Aaj ek Polaroid wall dekhi.,Positive,Neutral,0.9971,False
Aaj ek photography exhibition dekhi.,Positive,Neutral,0.951,False
Best moment aaya aur camera ghar pe vacation pe tha 😂,Negative,Positive,0.9728,True
Phone camera ne aaj photographer ki job le li 😂📸,Positive,Negative,0.7747,True
Aaj ek pottery workshop dekhi.,Positive,Neutral,0.9806,False
Clay mere haath mein jaake abstract art ban gayi 😂🏺,Positive,Negative,0.9941,True
Watercolor mein mistake ko “artistic choice” bol sakte hain 😂🎨,Positive,Negative,0.9451,True
Aaj sketching try ki.,Positive,Neutral,0.9755,False
Aaj ek ceramic mug paint kiya.,Positive,Neutral,0.9822,False
Mug ka design thoda questionable hai but cute hai 😂☕,Positive,Negative,0.5938,True
Embroidery looks really difficult.,Neutral,Negative,0.4412,False
Ek stitch ke baad patience ne bye bol diya 😂,Negative,Positive,0.7956,True
Knitting seekhne ka mann hai.,Positive,Neutral,0.9608,False
"Knitting ka first project scarf nahi, confusion hoga 😂",Negative,Neutral,0.6821,True
Crochet dekh ke lagta hai fingers bhi multitasking karti hain 😂,Positive,Negative,0.9781,True
Aaj clay se tiny bowl banaya.,Positive,Neutral,0.9956,False
I found a miniature model shop.,Positive,Neutral,0.9218,False
Miniature furniture dekh ke main emotionally invested ho gayi 😂,Positive,Negative,0.935,True
Chhoti train dekh ke childhood activate ho gaya 🚂,Positive,Neutral,0.9616,False
Aaj a model airplane exhibition dekhi.,Positive,Neutral,0.9919,False
Plane models dekh ke airport ka patience yaad aa gaya 😂✈️,Negative,Positive,0.7247,True
I tried making a paper boat.,Positive,Neutral,0.996,False
Aaj board game cafe dekha.,Positive,Neutral,0.9895,False
Escape rooms look intense.,Neutral,Positive,0.993,False
Aaj a quiz app try kiya.,Positive,Neutral,0.8979,False
Quiz app ne meri general knowledge ko reality check diya 😂,Negative,Positive,0.9684,True
Ek astronomy answer sahi hua aur ego sky pe 😂🌌,Positive,Neutral,0.6069,True
Universe ke size ke saamne meri problems microscopic lagti hain 😂,Positive,Negative,0.9881,True
I saw a planetarium show today.,Positive,Neutral,0.5171,False
I learned about black holes today.,Positive,Neutral,0.8252,False
Mars pe jaana exciting hai but oxygen ka issue thoda hai 😂,Negative,Neutral,0.8116,True
Moon ne aaj streetlight ko competition diya 🌕,Positive,Neutral,0.9022,True
I saw the International Space Station online.,Positive,Neutral,0.9838,False
I downloaded a constellation app.,Positive,Neutral,0.9769,False
"Ab sky mein random dots nahi, names bhi hain 😂",Positive,Neutral,0.9531,True
Aaj ek science museum gayi thi.,Positive,Neutral,0.9867,False
Dinosaur dekh ke extinction ka reason samajh nahi aaya 😂🦖,Neutral,Negative,0.7174,True
I touched a meteorite exhibit.,Positive,Neutral,0.9171,False
Meteorite ko touch karke space wali feeling aa gayi 😂,Positive,Negative,0.8075,True
There was a robotics display.,Positive,Neutral,0.9955,False
The robot could recognize faces.,Positive,Neutral,0.9557,False
I saw a 3D printer working.,Positive,Neutral,0.9931,False
I learned how solar panels work.,Positive,Neutral,0.9613,False
Wind turbines looked huge in person.,Positive,Neutral,0.7073,False
Turbine dekh ke laga hawa bhi serious business hai 😂,Positive,Negative,0.9686,True
Dam dekh ke engineering ka scale samajh aaya.,Positive,Neutral,0.9223,False
Earthquake ka science interesting hai but experience bilkul nahi chahiye 😂,Negative,Neutral,0.8062,True
Volcano ko screen pe hi dekhna safest lagta hai 😂🌋,Positive,Negative,0.9471,True
I learned how glaciers move.,Positive,Neutral,0.8242,False
Glacier itna slow hai phir bhi powerful 😭🧊,Positive,Negative,0.9187,False
Samundar ke andar itna kuch hai aur hum surface pe busy hain 😂🌊,Positive,Negative,0.5925,True
Deep sea creatures look unreal.,Neutral,Negative,0.9738,False
I saw a documentary on coral reefs.,Positive,Neutral,0.9934,False
I watched a recycling experiment.,Positive,Neutral,0.9444,False
Food waste ko bhi second chance mil raha hai 😂🌱,Positive,Negative,0.9387,True
I started separating dry waste.,Positive,Neutral,0.9957,False
Aaj ek astronomy club ka poster dekha.,Positive,Neutral,0.989,False
I found a birdwatching group online.,Positive,Neutral,0.9436,False
Someone identified a bird just by its call.,Positive,Neutral,0.9485,False
Bird sound se species identify karna next level hai.,Positive,Neutral,0.9558,False
I bought a small pair of binoculars.,Positive,Neutral,0.9639,False
"Binoculars se neighbour nahi, birds dekhne hain 😂",Positive,Neutral,0.7048,True
I saw a documentary about bees.,Positive,Neutral,0.9961,False
I learned that ants have complex colonies.,Positive,Neutral,0.9928,False
Tiny insects ne architecture bhi start kar diya 😂,Positive,Negative,0.9841,True
I saw a documentary about whales.,Positive,Neutral,0.9957,False
Dolphins are surprisingly intelligent.,Positive,Neutral,0.69,False
Dolphins ka brain dekh ke humans thoda insecure ho sakte hain 😂,Positive,Negative,0.9794,True
I watched a video about octopuses.,Positive,Neutral,0.9047,False
"Octopus ke paas literally extra arms hain, unfair advantage 😂🐙",Positive,Negative,0.9524,True
Sea turtles travel huge distances.,Positive,Neutral,0.8791,False
I learned about migratory birds.,Positive,Neutral,0.9815,False
Birds ko bhi long-distance travel ka experience hai 😂,Positive,Neutral,0.5909,True
Bird ko voice note bhejna sikhana baaki hai 😂🐦,Positive,Negative,0.9052,True
I saw a fox in a wildlife documentary.,Positive,Neutral,0.9907,False
Elephants have strong social bonds.,Positive,Neutral,0.8625,False
Elephant family dynamics bhi complicated hoti hongi 😂🐘,Neutral,Negative,0.9481,True
I learned that crows can recognize faces.,Positive,Neutral,0.9946,False
Crow mujhe pehchan le toh main polite rahungi 😂,Positive,Negative,0.9019,True
I saw a documentary on orangutans.,Positive,Neutral,0.997,False
Orangutan ka expression bilkul human jaisa tha 😭,Positive,Negative,0.8489,False
Koalas sleep for many hours.,Neutral,Positive,0.911,False
Sloths move incredibly slowly.,Neutral,Negative,0.53,False
Sloth ne meri walking speed ko ambitious bana diya 😂,Positive,Negative,0.9021,True
Penguins actually recognize each other by voices.,Positive,Neutral,0.9933,False
Penguin attendance bhi voice-based hai apparently 😂🐧,Positive,Neutral,0.9445,True
I watched a documentary about coral spawning.,Positive,Neutral,0.9576,False
Aaj ek thrift store explore kiya.,Positive,Neutral,0.9792,False
"Thrift store mein ek jacket mili, destiny bol rahi thi le lo 😂🧥",Positive,Negative,0.9776,True
Old chair ko polish karke new life mil gayi.,Positive,Neutral,0.8922,False
Lamp old hai but attitude expensive wala 😂💡,Positive,Negative,0.9429,True
Clock chal rahi thi but time samajhna alag challenge 😂,Neutral,Positive,0.6547,True
I saw an old typewriter.,Positive,Neutral,0.9933,False
Typewriter pe typo ka koi undo button nahi 😂,Negative,Neutral,0.7844,True
I found an old vinyl record.,Positive,Neutral,0.9371,False
I saw a cassette collection.,Positive,Neutral,0.9508,False
Someone still collects stamps.,Positive,Neutral,0.8074,False
I found an old coin.,Positive,Neutral,0.6336,False
Coin itna old hai ki history bhi confused hogi 😂🪙,Positive,Negative,0.9916,True
Har coin ke peeche story hoti hai apparently.,Positive,Neutral,0.9957,False
I saw a miniature train collection.,Positive,Neutral,0.9228,False
Collection dekh ke bas “ek aur chahiye” wali feeling aa gayi 😂,Positive,Negative,0.9321,True
Someone collects fridge magnets from cities.,Positive,Neutral,0.9934,False
Fridge ab geography textbook ban gaya 😂🧲,Positive,Negative,0.9868,True
I want to collect postcards too.,Positive,Neutral,0.8256,False
Postcard collection mein wallet ka role important hoga 😂,Negative,Neutral,0.6419,True
I saw a wall full of concert tickets.,Positive,Neutral,0.7305,False
Ticket dekh ke yaad hi nahi raha movie kab dekhi thi 😂,Neutral,Negative,0.9842,True
I found a map with handwritten notes.,Positive,Neutral,0.9867,False
Menu ke prices dekh ke inflation personally feel hua 😂,Negative,Neutral,0.8179,True
I saw a vintage bicycle.,Positive,Neutral,0.968,False
"New camera mein features zyada, old camera mein personality 😂",Positive,Neutral,0.686,True
Aaj ek language exchange event dekha.,Positive,Neutral,0.9911,False
French pronunciation is difficult.,Negative,Neutral,0.8356,False
Hiragana dekh ke notebook khud serious lagne lagi 😂,Positive,Negative,0.969,True
Arabic letters art jaise lagte hain.,Positive,Neutral,0.7647,False
Italian phrase bolke accent pe unnecessary confidence aa gaya 😂,Positive,Negative,0.9776,True
German words can get really long.,Neutral,Negative,0.4439,False
I tried learning sign language basics.,Positive,Neutral,0.996,False
I learned the alphabet in sign language.,Positive,Neutral,0.9879,False
Language exchange groups seem useful.,Positive,Neutral,0.8631,False
I heard someone speaking five languages.,Positive,Neutral,0.9872,False
I want to learn Portuguese.,Positive,Neutral,0.955,False
I started learning basic Arabic numbers.,Positive,Neutral,0.9869,False
"Numbers easy the, pronunciation ne dhoka diya 😂",Negative,Positive,0.8075,True
I learned how different countries greet people.,Positive,Neutral,0.9493,False
Greeting styles bhi culture ke hisaab se kitne different hain.,Positive,Neutral,0.9914,False
Some cultures bow instead of shaking hands.,Positive,Neutral,0.9724,False
I learned about tea ceremonies in Japan.,Positive,Neutral,0.9866,False
Korean bowing etiquette is interesting.,Positive,Neutral,0.8616,False
Etiquette yaad rakhne ke liye manual chahiye mujhe 😂,Negative,Positive,0.702,True
I watched a video about Māori culture.,Positive,Neutral,0.9369,False
I read about Scandinavian traditions.,Positive,Neutral,0.8138,False
I learned about Mexican Day of the Dead traditions.,Positive,Neutral,0.9401,False
I saw traditional Ethiopian clothing.,Positive,Neutral,0.9636,False
I watched a documentary on Mongolian nomads.,Positive,Neutral,0.8959,False
Nomadic lifestyle ka freedom part tempting lagta hai 😂,Positive,Negative,0.9955,True
I read about Japanese train etiquette.,Positive,Neutral,0.9937,False
I learned about Swedish fika culture.,Positive,Neutral,0.9506,False
I read about Turkish coffee fortune traditions.,Positive,Neutral,0.9895,False
I learned about Finnish sauna culture.,Positive,Neutral,0.9624,False
I watched a documentary on traditional Mexican music.,Positive,Neutral,0.7262,False
I heard traditional Irish music.,Positive,Neutral,0.5028,False
Scottish bagpipes are impossible to ignore.,Neutral,Positive,0.8473,False
Bagpipes sunke neighbours bhi culture learn kar lenge 😂,Negative,Positive,0.7855,True
I watched a Brazilian carnival video.,Positive,Neutral,0.991,False
Carnival ka energy level dekh ke main tired ho gayi 😂🎉,Negative,Positive,0.7548,True
I saw a Korean traditional fan dance.,Positive,Neutral,0.9705,False
I watched a Chinese lion dance.,Positive,Neutral,0.7695,False
Lion dance mein drums ne pura atmosphere change kar diya 🥁,Positive,Negative,0.989,False
I saw a traditional Indian puppet show abroad.,Positive,Neutral,0.8892,False
I read about Polynesian navigation.,Positive,Neutral,0.9625,False
I watched a documentary on Silk Road history.,Positive,Neutral,0.9815,False
Purane traders bhi networking mein expert the 😂,Positive,Negative,0.4605,True
I watched a documentary about ancient navigation.,Positive,Neutral,0.5038,False
I read about old postal systems.,Positive,Neutral,0.989,False
"Letters travel karne mein weeks lagte the, imagine 😂✉️",Negative,Positive,0.6077,True
I saw an old world map today.,Positive,Neutral,0.9845,False
Aaj ek unusual cloud formation dekhi.,Positive,Neutral,0.9696,False
Hawa bhi aaj apna opinion change kar rahi thi 😂,Neutral,Negative,0.995,True
I heard a distant train horn at night.,Positive,Neutral,0.5064,False
Train horn ne raat ko full cinematic bana diya 🚆,Positive,Negative,0.9808,True
The street was unusually quiet.,Positive,Neutral,0.5927,False
Itni shanti thi ki apne thoughts loud lagne lage 😂,Negative,Positive,0.5124,True
A tiny cat was sleeping near the gate.,Positive,Neutral,0.971,False
"Cat ne mujhe dekha bhi nahi, celebrity behavior 😂🐈",Positive,Negative,0.9765,True
Someone left flowers near the bench.,Positive,Neutral,0.957,False
Feather dekh ke bas nature documentary yaad aa gayi 😂,Positive,Negative,0.9922,True
The park had a small pond.,Positive,Neutral,0.9739,False
Pond ke paas ducks full relaxed mode mein the 🦆,Positive,Neutral,0.9687,False
One duck followed another everywhere.,Positive,Neutral,0.989,False
Ducks ki bhi group politics hoti hogi 😂🦆,Positive,Negative,0.839,True
I saw tiny fish near the bridge.,Positive,Neutral,0.8442,False
Fountain ne bhi weekend off le liya apparently 😂,Neutral,Negative,0.9425,True
A streetlight was flickering.,Negative,Neutral,0.6306,False
The moon reflected perfectly in the water.,Positive,Neutral,0.6786,False
Water mein moon ka reflection unreal lag raha tha 🌕,Positive,Negative,0.9561,False
I saw a tiny rainbow in the fountain mist.,Positive,Neutral,0.8325,False
Someone was flying a kite nearby.,Positive,Neutral,0.9845,False
Kite itni high thi ki string invisible ho gayi 🪁,Positive,Negative,0.9701,False
Kite udaate udaate main hi run karne lagi 😂🪁,Positive,Negative,0.9819,True
I found a tiny snail after rain.,Positive,Neutral,0.9499,False
Snail ka speed dekh ke patience seekhna chahiye 😂🐌,Positive,Negative,0.7595,True
I saw a spider making a web.,Positive,Neutral,0.9826,False
I saw ants carrying a huge leaf.,Positive,Neutral,0.8952,False
Ants ne teamwork ka practical demo de diya 😂🐜,Positive,Neutral,0.6377,True
A bee landed on a flower beside me.,Positive,Neutral,0.7715,False
"Bee ne bas flower choose kiya, mujhe ignore kar diya 🐝",Neutral,Negative,0.9796,True
I heard crickets after sunset.,Positive,Neutral,0.5943,False
Crickets ka background music free mein mil raha tha 😂,Positive,Neutral,0.8942,True
The air smelled different after rain.,Positive,Neutral,0.9938,False
I missed the sunrise today.,Negative,Positive,0.9642,False
I sat outside without checking my phone.,Positive,Neutral,0.346,False
Twenty minutes phone ke bina survive kar liya 😂,Positive,Neutral,0.636,True
Aaj kaafi der tak bas hawa sun rahi thi.,Positive,Negative,0.9223,False
"Neeche traffic tha, upar pura peaceful scene 😂",Positive,Negative,0.9315,True
Fireworks start hue aur camera immediately nikal gaya 🎆,Positive,Neutral,0.8492,True
Itne short fireworks ke liye itna excitement 😂,Positive,Negative,0.5137,True
Someone released lanterns into the sky.,Positive,Neutral,0.9185,False
The road was completely empty at dawn.,Positive,Neutral,0.5558,False
Empty road dekh ke city pehchaan mein nahi aayi 😂,Positive,Negative,0.993,True
I saw fishermen returning early morning.,Neutral,Positive,0.774,False
Subah ke time waterfront ka vibe alag hota hai.,Positive,Neutral,0.9976,False
I saw boats lined up near the shore.,Positive,Neutral,0.9461,False
Waves bhi apparently overtime kar rahi thi 😂🌊,Positive,Negative,0.8693,True
Shells dekh ke pocket already beach museum ban gayi 😂🐚,Positive,Negative,0.6243,True
I found a piece of sea glass.,Positive,Neutral,0.9238,False
The lighthouse was visible from far away.,Positive,Neutral,0.9092,False
The beach was empty today.,Positive,Neutral,0.5256,False
"Empty beach mil gayi, universe ne reservation kar diya 😂🏖️",Positive,Negative,0.9173,True
"Random walk thi, ending mein pura documentary material mil gaya 😂",Positive,Negative,0.9386,True
Wallet ko ghar pe rest chahiye tha apparently 😂,Negative,Neutral,0.4901,True
UPI se payment ho gayi easily.,Positive,Neutral,0.8171,False
Cash carry karne ka era officially over 😂,Positive,Negative,0.8491,True
ATM mein line surprisingly chhoti thi.,Positive,Neutral,0.7591,False
ATM ne aaj mujhe VIP treatment de diya 😂,Positive,Negative,0.9943,True
"PIN yaad raha, brain ne aaj kaam kar diya 😂",Positive,Negative,0.9939,True
Update ke baad app mujhe hi unfamiliar lag rahi 😂,Negative,Positive,0.9938,True
Account statement download kar liya.,Positive,Neutral,0.9856,False
Aaj budget bana liya.,Positive,Neutral,0.8792,False
"Budget banaya hai, follow karna optional hai 😂",Positive,Negative,0.9961,True
Grocery ka bill expected se kam aaya.,Positive,Neutral,0.9908,False
"Grocery bill kam tha, miracle ka screenshot le liya 😂",Positive,Neutral,0.473,True
Refund aate hi account ne saans li 😂,Positive,Negative,0.9922,True
Subscription renew ho gaya automatically.,Negative,Neutral,0.7477,False
Ek unnecessary subscription cancel ki.,Positive,Negative,0.995,False
Wallet mein old receipts mil gaye.,Neutral,Negative,0.7052,False
Wallet khola aur archaeology start ho gayi 😂,Neutral,Negative,0.9963,True
Coin purse ka zip toot gaya.,Negative,Neutral,0.9978,False
Aaj bank mein kaam jaldi ho gaya.,Positive,Neutral,0.9892,False
Bank mein jaldi kaam? Aaj calendar check karna padega 😂,Positive,Neutral,0.563,True
Cash machine working thi.,Positive,Neutral,0.995,False
Online bill payment kar di.,Positive,Neutral,0.6273,False
"Bills time pe bhar diye, adulthood points milenge kya 😂",Positive,Negative,0.9777,True
Electricity bill thoda zyada aaya.,Negative,Neutral,0.9961,False
Water bill normal tha.,Positive,Neutral,0.9692,False
Wi-Fi bill paid kar diya.,Positive,Negative,0.9444,False
"Internet ka bill bhar ke internet bachaya, logic dekho 😂",Positive,Neutral,0.5348,True
ATM receipt bhi memories collect kar rahi hai 😂,Neutral,Positive,0.9777,True
Aaj ek old wallet donate kar diya.,Positive,Neutral,0.9877,False
Wallet purana tha but emotional attachment unnecessary strong thi 😂,Positive,Negative,0.9869,True
Documents sort karte karte teen saal purani files mil gayi 😂,Neutral,Negative,0.9803,True
Passport application submit kar di.,Positive,Neutral,0.8768,False
Visa documents ready hain.,Positive,Neutral,0.9722,False
"Documents complete hain, ab bas luck ka form baaki hai 😂",Neutral,Positive,0.7139,True
ID card renew ho gaya.,Positive,Negative,0.8997,False
New photo mein bhi wahi face hai unfortunately 😂,Neutral,Negative,0.977,True
Aaj ek museum ticket online book ki.,Positive,Neutral,0.9628,False
"Ticket book kar liya, ab jaana bhi padega apparently 😂",Positive,Negative,0.9792,True
Museum mein audio guide liya.,Positive,Neutral,0.8314,False
Ek historical coin dekha.,Positive,Neutral,0.9843,False
"Coin chhota tha, history ka load bada tha 😂",Positive,Negative,0.9917,True
Building dekh ke andar jaana bhool jaoge 😂,Positive,Negative,0.9803,True
Map mein duniya hi alag version ki lag rahi thi 😂,Neutral,Negative,0.8507,True
Historical letters preserve kiye hue the.,Positive,Neutral,0.9768,False
"Har photo ke peeche story thi, captions bhi full serious 😂",Positive,Negative,0.904,True
Ek telescope exhibit bhi tha.,Positive,Neutral,0.9865,False
Telescope dekh ke space ka FOMO ho gaya 😂🚀,Positive,Negative,0.8928,True
Planetarium ticket bhi mil gayi.,Positive,Neutral,0.9171,False
"Planetarium mein seat mil gayi, ab neck ko adjust karna hai 😂",Positive,Neutral,0.7237,True
Science centre mein interactive exhibits the.,Positive,Neutral,0.8973,False
Har button dabane ka mann ho raha tha 😂,Positive,Negative,0.9898,True
Ek robot ne greeting ki.,Positive,Negative,0.9498,False
Photos mein gravity ne resignation de diya 😂,Positive,Negative,0.9958,True
Fish upar se dekh rahi thi jaise hum exhibit hain 😂🐟,Positive,Negative,0.9749,True
Lighting itni achhi thi ki selfie ka pressure aa gaya 😂,Positive,Negative,0.9222,True
Aaj ek farmers market dekha.,Positive,Neutral,0.9872,False
Tomatoes bhi yahan celebrity treatment le rahe the 😂🍅,Positive,Neutral,0.8456,True
Fresh vegetables kaafi colourful the.,Positive,Neutral,0.5723,False
Homemade jam ka stall tha.,Positive,Neutral,0.9659,False
Jam sample liya aur ab full jar chahiye 😂,Positive,Neutral,0.6044,True
Handmade soap ka stall bhi tha.,Positive,Neutral,0.9923,False
Soap itna aesthetic tha ki use karne ka mann nahi karega 😂,Positive,Negative,0.7256,True
Someone was selling handmade candles.,Positive,Neutral,0.9949,False
Local cheese tasting thi.,Positive,Neutral,0.9884,False
Cheese sample ne budget ka confidence tod diya 😂,Negative,Positive,0.9888,True
A small honeycomb display was there.,Positive,Neutral,0.9766,False
Pottery dekhi aur shelf already full yaad aa gayi 😂,Neutral,Positive,0.6184,True
Local artists had small prints.,Positive,Neutral,0.9509,False
Fresh oranges ka stall tha.,Positive,Neutral,0.9854,False
I bought some strawberries.,Positive,Neutral,0.9714,False
Strawberries ghar pahunchne se pehle aadhi gayab 😂🍓,Negative,Positive,0.967,True
Aaj public art installation dekhi.,Positive,Neutral,0.9926,False
Installation samajh nahi aayi but photo achhi aa gayi 😂,Neutral,Positive,0.9587,True
Wall ne pura area upgrade kar diya 🎨,Positive,Negative,0.9352,False
Someone painted a huge mural.,Positive,Neutral,0.8308,False
Mural dekh ke ekdum city postcard wali feeling aayi.,Positive,Negative,0.4935,False
Street artist portraits bana raha tha.,Positive,Neutral,0.5159,False
Chalk art pavement pe bana tha.,Positive,Neutral,0.9973,False
Aaj ek sculpture garden dekha.,Positive,Neutral,0.9592,False
Kuch sculptures samajh nahi aaye but vibe thi 😂,Neutral,Negative,0.7332,True
Public piano rakha tha.,Positive,Neutral,0.9929,False
Kisi ne piano bajaya aur pura place cinematic ho gaya 🎹,Positive,Negative,0.9567,False
Outdoor cinema ka poster dekha.,Positive,Neutral,0.9962,False
Movie screen park mein lagi thi.,Positive,Neutral,0.9922,False
Mosquitoes bhi audience mein honge apparently 😂,Negative,Neutral,0.9408,True
Aaj ek train museum dekha.,Positive,Neutral,0.9422,False
Locomotive ka size expected se huge tha.,Positive,Neutral,0.9956,False
Engine dekh ke laga train bhi gym jaati thi 😂,Positive,Negative,0.8653,True
Signals dekh ke pata chala trains bhi traffic rules follow karti hain 😂,Positive,Neutral,0.9197,True
Old railway uniforms were displayed.,Positive,Neutral,0.9763,False
Uniforms dekh ke pura vintage movie vibe aa gaya.,Positive,Negative,0.9822,False
A model railway was running.,Positive,Neutral,0.9955,False
I saw a vintage airplane propeller.,Positive,Neutral,0.9908,False
Propeller dekh ke old aviation movies yaad aa gayi.,Positive,Negative,0.9932,False
Flight simulator bhi tha.,Positive,Neutral,0.9954,False
Space suit replica dekhi.,Positive,Neutral,0.9931,False
Space suit pehen ke photo lene ka mann ho raha 😂🚀,Positive,Neutral,0.4543,True
Aaj ek bookstore mein poetry section mila.,Positive,Neutral,0.9962,False
Travel books dekh ke passport activate karne ka mann hua 😂,Positive,Neutral,0.772,True
Graphic novels ka section bhi tha.,Positive,Neutral,0.9959,False
Used books ka shelf mila.,Positive,Neutral,0.9281,False
Used books ke pages mein random old notes milte hain.,Positive,Negative,0.8507,False
Previous reader ne book ko personal project bana diya tha 😂,Neutral,Negative,0.9731,True
Bookstore mein reading corner tha.,Positive,Neutral,0.9799,False
Reading corner se uthne ka mann hi nahi hua.,Positive,Neutral,0.5215,False
Aaj ek author talk attend ki.,Positive,Neutral,0.7758,False
Book signing bhi hui.,Positive,Neutral,0.9802,False
Library mein foreign magazines mili.,Positive,Neutral,0.99,False
Newspaper archive section bhi tha.,Positive,Neutral,0.9873,False
Purane headlines padh ke reality ka timeline confusing ho gaya 😂,Neutral,Negative,0.981,True
I found a book from 1975.,Positive,Neutral,0.848,False
Old books smell different.,Positive,Neutral,0.9018,False
A poetry reading event was happening.,Positive,Neutral,0.9073,False
"Poetry sunte sunte phone silent kar diya, rare moment 😂",Positive,Negative,0.9846,True
Someone recited a poem in three languages.,Positive,Neutral,0.9877,False
Aaj ek theatre rehearsal dekhi.,Positive,Neutral,0.9534,False
Stage lights ka setup huge tha.,Positive,Neutral,0.6902,False
Costume room mein normal clothes ka chance hi nahi 😂,Positive,Neutral,0.9108,True
Someone was practicing a monologue.,Positive,Neutral,0.9708,False
Monologue itna intense tha ki main chup chaap side ho gayi 😂,Positive,Negative,0.9941,True
"Seat comfortable thi, ab interval mein uthna problem 😂",Negative,Neutral,0.7919,True
Aaj puppet theatre dekha.,Positive,Neutral,0.9373,False
Someone was doing magic tricks.,Positive,Neutral,0.7045,False
"Trick samajh nahi aayi, trust issues start 😂",Neutral,Negative,0.9921,True
A mime artist was performing nearby.,Positive,Neutral,0.704,False
Mime ne bina bole pura scene explain kar diya 😂,Positive,Negative,0.9924,True
A small dance performance happened.,Positive,Neutral,0.9035,False
Someone was playing violin outside.,Positive,Neutral,0.8339,False
A drummer was performing.,Positive,Neutral,0.9572,False
Drum ki awaaz ne bina invitation attention le li 😂🥁,Positive,Negative,0.9578,True
A jazz performance was happening.,Positive,Neutral,0.9115,False
Someone was doing beatboxing.,Positive,Neutral,0.9796,False
Beatboxing sunke speaker ki zarurat hi nahi lagi 😂,Positive,Negative,0.921,True
I watched a short documentary at a film festival.,Positive,Neutral,0.8367,False
Dialogue nahi tha phir bhi message samajh aa gaya.,Positive,Negative,0.6559,False
Someone recommended an indie movie.,Positive,Neutral,0.994,False
Indie movie start ki aur ending tak theories chalti rahi 😂,Positive,Negative,0.9922,True
Camera angles dekh ke phone camera boring lagne laga 😂,Positive,Negative,0.9327,True
Aaj ek documentary on architecture dekhi.,Positive,Neutral,0.987,False
Brutalist buildings look unusual.,Neutral,Negative,0.9525,False
Wooden house dekh ke snow wali life tempting lagti hai 🏠❄️,Positive,Negative,0.5312,True
Glass building mein sunlight ka bill bhi impressive hoga 😂,Negative,Positive,0.9836,True
I saw a building covered in plants.,Positive,Neutral,0.9419,False
Aaj ek tiny house tour dekha.,Positive,Neutral,0.9945,False
Tiny house mein space management NASA level tha 😂,Positive,Neutral,0.9816,True
Floating houses look interesting.,Positive,Neutral,0.7712,False
I watched a video about underground homes.,Positive,Neutral,0.9817,False
Underground house ka temperature advantage tempting hai.,Positive,Neutral,0.9968,False
Capsule hotels look tiny.,Neutral,Negative,0.969,False
Capsule hotel mein luggage ka career difficult hoga 😂,Negative,Neutral,0.6752,True
A floating hotel sounds wild.,Positive,Neutral,0.6813,False
"Hotel paani pe hai, checkout ke baad swim bhi? 😂",Positive,Neutral,0.8775,True
I saw a hotel inside an old building.,Positive,Neutral,0.9963,False
Ice hotels look unreal.,Positive,Negative,0.988,False
Ice hotel cute hai but blanket ka pressure alag 😂❄️,Negative,Positive,0.5796,True
I saw a house with a rooftop garden.,Positive,Neutral,0.9695,False
Rooftop garden dekh ke terrace ka potential samajh aaya 🌱,Positive,Neutral,0.8793,False
Aaj a tiny library inside a cafe dekhi.,Positive,Neutral,0.9967,False
"Cafe ke andar library, ab bahar jaane ka reason nahi 😂",Positive,Negative,0.9813,True
Someone had converted a bus into a home.,Positive,Neutral,0.9875,False
I saw a converted railway carriage home.,Positive,Neutral,0.9878,False
A houseboat was parked near the shore.,Positive,Neutral,0.9909,False
I saw a windmill near a farm.,Positive,Neutral,0.9655,False
Windmill ka view postcard jaisa tha 🌾,Positive,Neutral,0.7924,False
A solar-powered house was open for visitors.,Positive,Neutral,0.9925,False
Smart home mein bas smart owner missing hai 😂,Neutral,Negative,0.7281,True
Voice-controlled lights seem convenient.,Positive,Neutral,0.9704,False
Lights ko bolke on karna thoda royal lagta hai 😂💡,Positive,Negative,0.987,True
Robot vacuum cleaned the floor.,Positive,Neutral,0.9062,False
Robot vacuum ne corners ko strategically ignore kiya 😂,Negative,Neutral,0.7015,True
Automatic plant watering sounds useful.,Positive,Neutral,0.9729,False
I saw a home composting setup.,Positive,Neutral,0.9613,False
Someone had a vertical garden.,Positive,Neutral,0.9943,False
Vertical garden mein plants bhi traffic rules follow karte lag rahe 😂🌿,Positive,Neutral,0.6891,True
A rooftop beehive was interesting.,Positive,Neutral,0.8748,False
Rooftop pe bees ka startup chal raha tha 😂🐝,Positive,Neutral,0.8885,True
Aaj ek meteorological station dekha.,Positive,Neutral,0.9947,False
"Weather measure karne ke liye itne instruments hote hain, wow 😂",Positive,Neutral,0.5208,True
Rain gauge was surprisingly simple.,Positive,Neutral,0.882,False
Baarish ko measure karne ka bhi proper system hai.,Positive,Neutral,0.9822,False
I saw a weather balloon launch.,Positive,Neutral,0.8501,False
Hawa ko bhi statistics dene padte hain apparently 😂,Neutral,Negative,0.9963,True
The weather station had a radar display.,Positive,Neutral,0.971,False
Radar screen dekh ke weather suddenly serious lagne laga 😂,Positive,Negative,0.9686,True
Thunder was really loud today.,Negative,Positive,0.9228,False
It started raining exactly when I left.,Negative,Neutral,0.9279,False
Baarish ko meri timing personally pasand nahi 😂,Negative,Positive,0.8417,True
The forecast was actually correct today.,Positive,Neutral,0.8784,False
Humidity was surprisingly low.,Positive,Neutral,0.9323,False
Aaj hawa ne thoda insaan banne ka decide kiya 😂,Positive,Negative,0.7975,True
The wind was very strong.,Negative,Positive,0.9763,False
Sky ne aaj brightness reduce kar di 😂☁️,Neutral,Positive,0.9874,True
Aaj lungs ko thoda premium service mili 😂,Positive,Neutral,0.4555,True
The temperature dropped at night.,Positive,Neutral,0.8479,False
I saw frost on the window.,Positive,Neutral,0.7463,False
There was a light fog outside.,Positive,Neutral,0.9638,False
Fog mein road full mystery movie lag rahi thi 😂,Positive,Negative,0.9966,True
The sky turned orange before rain.,Positive,Neutral,0.6909,False
Sky ne rain se pehle warning banner laga diya 😂🌦️,Positive,Negative,0.8479,True
A rainbow appeared after the storm.,Positive,Neutral,0.8832,False
The clouds cleared suddenly.,Positive,Neutral,0.715,False
Sky ne refresh button daba diya apparently 😂,Positive,Negative,0.777,True
I watched a weather documentary.,Positive,Neutral,0.9563,False
Tornado ko screen pe hi rehne do please 😂,Negative,Neutral,0.9949,True
Aaj ek astronomy livestream dekhi.,Positive,Neutral,0.9807,False
Someone explained solar eclipses really well.,Positive,Neutral,0.8755,False
"Eclipse ka science samajh aa gaya, timing phir bhi confusing 😂",Positive,Negative,0.9066,True
Moon ne aaj full dramatic filter laga rakha tha 🌑,Positive,Neutral,0.9869,True
I learned about auroras.,Positive,Neutral,0.9872,False
Aurora forecasts are available online.,Positive,Neutral,0.9863,False
Ab lights ka bhi forecast milta hai 😂,Positive,Negative,0.9847,True
A glacier webcam was online.,Positive,Neutral,0.9865,False
Satellite se storm dekh ke weather ka scale samajh aaya.,Positive,Neutral,0.9805,False
Earth looked tiny in the satellite image.,Positive,Neutral,0.9735,False
A map showed ocean currents.,Positive,Neutral,0.9958,False
I watched a documentary on time zones.,Positive,Neutral,0.9825,False
"Ek line cross karo aur date change, wild concept 😂",Positive,Negative,0.9958,True
Someone was tracking a satellite online.,Positive,Neutral,0.9825,False
Satellite bhi location share kar raha hai apparently 😂🛰️,Positive,Negative,0.68,True
I saw a map of submarine cables.,Positive,Neutral,0.9956,False
Fiber cables connect continents.,Positive,Neutral,0.9737,False
Hum WhatsApp kar rahe hain aur neeche cables kaam kar rahi 😂,Positive,Neutral,0.5971,True
Internet invisible lagta hai but infrastructure massive hai.,Positive,Neutral,0.8567,False
Data centre bhi electricity ka heavy user nikla 😂,Negative,Neutral,0.7976,True
I watched a server cooling system demo.,Positive,Neutral,0.9818,False
Servers ko bhi AC ki zarurat hoti hai apparently 😂,Positive,Neutral,0.9107,True
I saw an old computer museum.,Positive,Neutral,0.9722,False
Old computers dekh ke laptops suddenly lightweight lagne lage 😂,Positive,Negative,0.8917,True
I saw an old calculator collection.,Positive,Neutral,0.9863,False
Aaj ek old telephone booth dekha.,Positive,Neutral,0.9938,False
Phone booth dekh ke childhood movie scene yaad aa gaya ☎️,Positive,Neutral,0.8478,False
Someone still had a rotary phone.,Positive,Neutral,0.9909,False
Fax ka comeback bhi ho gaya toh surprise nahi hoga 😂,Neutral,Negative,0.504,True
I saw a telegraph machine.,Positive,Neutral,0.9931,False
I learned one Morse code letter.,Positive,Neutral,0.6644,False
Ek letter seekh ke secret agent feel ho raha 😂,Positive,Negative,0.9336,True
Someone demonstrated radio communication.,Positive,Neutral,0.9942,False
Radio waves invisible hain but kaam full serious 😂,Positive,Neutral,0.485,True
I saw an old satellite phone.,Positive,Neutral,0.9907,False
Satellite phone dekh ke remote travel ka importance samajh aaya.,Positive,Neutral,0.6831,False
The antenna was huge.,Neutral,Positive,0.9496,False
I watched a documentary about GPS.,Positive,Neutral,0.8079,False
GPS ke bina main probably next city mein hoti 😂,Negative,Neutral,0.9716,True
Satellites help with navigation.,Positive,Neutral,0.8588,False
Digital maps have changed travel.,Positive,Neutral,0.9503,False
Offline maps are useful.,Positive,Neutral,0.8195,False
Offline map download karna adulthood ka underrated skill hai.,Positive,Negative,0.9914,False
“Later” folder mein ab pura continent pada hai 😂,Positive,Negative,0.9778,True
Aaj random country ke street views dekhe.,Positive,Neutral,0.9951,False
"Street View pe duniya ghoom li, budget zero 😂🌍",Positive,Negative,0.9803,True
Some cities look completely different at night.,Positive,Neutral,0.9493,False
Night view ne same city ko new version bana diya.,Positive,Neutral,0.967,False
I explored a virtual museum.,Positive,Neutral,0.5914,False
Zoom karke painting ke cracks tak dekh liye 😂,Positive,Negative,0.8558,True
I watched a live camera from another country.,Positive,Neutral,0.8772,False
A live city webcam was showing snowfall.,Positive,Neutral,0.9737,False
"Yahan heat, wahan snow; Earth ka mood random hai 😂❄️",Positive,Negative,0.4587,True
I found a public radio station from Iceland.,Positive,Neutral,0.9365,False
Iceland ka radio sunke travel craving activate ho gayi 😂,Positive,Negative,0.6277,True
A Brazilian radio station was playing music.,Positive,Neutral,0.9715,False
I heard a traditional Mongolian song.,Positive,Neutral,0.715,False
A Japanese instrumental track was playing.,Positive,Neutral,0.912,False
I found a small independent radio show.,Positive,Neutral,0.9559,False
I listened to a podcast on world food history.,Positive,Neutral,0.9189,False
I saw traditional clothes from Peru.,Positive,Neutral,0.992,False
Tiles dekh ke floor suddenly boring lagne laga 😂,Positive,Negative,0.9672,True
Minimal room dekh ke mere सामान ko guilt ho gaya 😂,Positive,Negative,0.9741,True
I saw handmade Peruvian textiles.,Positive,Neutral,0.9956,False
Someone showed me traditional embroidery.,Positive,Neutral,0.9936,False
"Ek design banane mein kitna time lagta hoga, respect 😂",Positive,Negative,0.5754,True
I watched a documentary about global architecture.,Positive,Neutral,0.976,False
Different climates ke hisaab se buildings change hoti hain.,Positive,Neutral,0.9945,False
I saw houses built into hills.,Positive,Neutral,0.9918,False
I watched a documentary about island communities.,Positive,Neutral,0.9081,False
Island life peaceful lagti hai until supplies ka question aaye 😂,Neutral,Positive,0.9918,True
I saw a village where bicycles are common.,Positive,Neutral,0.9848,False
"Cycle hi transport, parking ka tension zero 😂🚲",Positive,Negative,0.5097,True
Some towns use boats as public transport.,Positive,Neutral,0.9632,False
Boat se commute karna daily life mein kitna cool hoga 😂,Positive,Negative,0.5877,True
I watched a documentary about mountain villages.,Positive,Neutral,0.6401,False
A village had houses painted bright blue.,Positive,Neutral,0.9452,False
Different parts of the world have such different lifestyles.,Positive,Neutral,0.9359,False
Duniya literally ek hi planet pe kitne versions mein chal rahi hai 😂🌍,Positive,Negative,0.5099,True
Chidiya ne attendance bhi mujhse pehle laga di 😂,Positive,Negative,0.9823,True
Window ke bahar squirrel baithi thi.,Positive,Neutral,0.9975,False
Squirrel ka confidence dekh ke mujhe apni life rethink karni padi 😂,Positive,Negative,0.9927,True
Aaj terrace pe pigeon nahi aaye.,Positive,Neutral,0.9976,False
Pigeons ne apparently mujhe aaj leave de di 😂,Positive,Negative,0.9891,True
Garden mein ek tiny snail dekha.,Positive,Neutral,0.996,False
Snail ki speed dekh ke meri walking fast lagne lagi 😂,Positive,Negative,0.7999,True
Ek cat gate ke paas so rahi thi 🐈,Positive,Neutral,0.9925,False
"Cat ne mujhe dekha bhi nahi, celebrity behaviour 😂",Positive,Negative,0.9775,True
Dog ne aaj tail wag karke welcome kiya 🐶,Positive,Neutral,0.7947,False
Dog ka welcome mere relatives se better tha 😂,Positive,Neutral,0.8855,True
Ek puppy ball ke peeche bhaag raha tha.,Positive,Neutral,0.9938,False
"Puppy ki priorities sorted hain, meri nahi 😂",Positive,Neutral,0.774,True
Park mein ek old couple chess khel raha tha.,Positive,Neutral,0.9874,False
Dono itne serious the jaise world championship ho 😂,Positive,Negative,0.9447,True
Guitar bajane wale uncle ne pura park concert bana diya 😂,Positive,Negative,0.9401,True
Ek kid bubbles bana raha tha 🫧,Positive,Neutral,0.8923,False
Sunset ne aaj free mein wallpaper de diya 😂,Positive,Negative,0.9852,True
Sky ne filter khud laga liya apparently 😂,Positive,Neutral,0.9523,True
Moon ko aaj unnecessary brightness ka shauk tha 😂,Positive,Negative,0.9706,True
Aaj morning sky completely clear tha.,Positive,Neutral,0.9765,False
Sky ne aaj buffering band kar di 😂,Positive,Negative,0.9526,True
"Ek side chal gaya, doosri side ne retirement le li 😂",Negative,Neutral,0.8287,True
Charger mil gaya.,Positive,Neutral,0.9644,False
Phone cover change kar liya.,Positive,Neutral,0.9654,False
Naya cover lagate hi phone ka attitude badal gaya 😂,Positive,Negative,0.9786,True
Screen protector perfectly lag gaya.,Positive,Neutral,0.8995,False
Screen protector lagane wale se patience seekhna chahiye 😂,Positive,Negative,0.9717,True
Bluetooth speaker connect ho gaya 🔊,Positive,Neutral,0.9874,False
Speaker ne bina drama ke connect karke shock de diya 😂,Positive,Negative,0.9929,True
Laptop fan ki awaaz aaj normal hai.,Positive,Neutral,0.9402,False
Laptop ne aaj helicopter mode activate nahi kiya 😂,Positive,Negative,0.5902,True
Keyboard clean kar diya.,Positive,Neutral,0.5537,False
Mouse ko charge karna bhi ab emotional responsibility hai 😂,Neutral,Negative,0.9556,True
USB drive mil gayi.,Positive,Neutral,0.7544,False
Old photos backup kar liye.,Positive,Neutral,0.9843,False
Gallery mein 700 screenshots pade hain.,Neutral,Positive,0.8954,False
Screenshots ka museum bana ke ticket bech sakti hu 😂,Positive,Negative,0.9773,True
Aaj notifications clear kar diye 📱,Positive,Neutral,0.9483,False
Ek app uninstall kar di.,Positive,Negative,0.9947,False
Password manager update kiya.,Positive,Neutral,0.9825,False
Passwords yaad rakhne ki duty ab technology ki hai 😂,Positive,Negative,0.9493,True
Two-factor authentication on kar diya.,Positive,Neutral,0.9579,False
"Account security strong hai, memory security weak 😂",Negative,Neutral,0.779,True
NFC payment try kiya.,Positive,Negative,0.7168,False
"Phone tap kiya aur payment ho gayi, magic lagta hai 😂",Positive,Negative,0.9909,True
Smartwatch ka strap change kiya.,Positive,Neutral,0.9072,False
Watch ka strap badla aur personality upgrade samajh liya 😂,Positive,Negative,0.9802,True
Alarm tone change kar di.,Positive,Negative,0.9461,False
Alarm ki awaaz badalne se uthna thodi easy ho jayega 😂,Negative,Positive,0.6773,True
Phone battery 100% hai 🔋,Positive,Neutral,0.9949,False
Aaj ek puzzle complete kiya.,Positive,Neutral,0.9493,False
Chess app mein rating badhi ♟️,Positive,Negative,0.9243,False
Riddle solve hui toh unnecessary happiness mil gayi 😂,Positive,Negative,0.9404,True
Record bana ke ab officially retire karna chahiye 😂,Positive,Negative,0.9964,True
Jigsaw puzzle ka box mil gaya.,Positive,Neutral,0.9916,False
"Box mil gaya but pieces missing hain, excellent 😂",Negative,Positive,0.8782,True
Aaj colouring ki 🖍️,Positive,Neutral,0.9935,False
Colouring karte karte inner artist unemployed ho gaya 😂,Positive,Negative,0.9934,True
Sketchbook ka first page fill kar diya.,Positive,Neutral,0.9671,False
"First page achha hai, baaki pages pressure mein hain 😂",Positive,Negative,0.8047,True
Origami flower banaya.,Positive,Neutral,0.992,False
Aaj knitting try ki.,Positive,Neutral,0.8576,False
Bracelet bana liya.,Positive,Negative,0.6498,False
"Bracelet ban gaya, patience almost nahi bachi 😂",Positive,Negative,0.9897,True
Clay se small bowl banaya.,Positive,Neutral,0.9935,False
Bowl tedha hai but handmade bolke bach jayega 😂,Positive,Neutral,0.6704,True
"Candle decorate karna easy tha, clean-up ne revenge liya 😂",Negative,Positive,0.4767,True
Aaj calligraphy practice ki.,Positive,Neutral,0.9886,False
Ek comic strip draw ki.,Positive,Neutral,0.9815,False
Character mere se zyada expressive nikla 😂,Positive,Negative,0.9283,True
Photography ke liye old camera nikala.,Positive,Neutral,0.7422,False
Film camera ka roll mil gaya.,Positive,Neutral,0.9972,False
Aaj origami crane banaya.,Positive,Neutral,0.7966,False
Crane bana aur surprisingly udne ki zarurat nahi padi 😂,Positive,Negative,0.9738,True
I tried making a bookmark.,Positive,Neutral,0.9451,False
Bookmark bana but book abhi bhi missing hai 😂,Neutral,Negative,0.9941,True
Aaj ek board game mila.,Positive,Neutral,0.9886,False
Board game ne friendship test karne ka full setup rakha tha 😂,Negative,Neutral,0.8712,True
Monopoly khelne ka plan hai.,Positive,Negative,0.6598,False
Scrabble ka board set kar diya.,Positive,Neutral,0.9535,False
Uno cards shuffle kar diye.,Positive,Neutral,0.8361,False
Carrom board clean kar diya.,Positive,Neutral,0.9343,False
Carrom striker ne aaj mujhe cooperate kiya.,Positive,Neutral,0.9953,False
Chess pieces missing the.,Negative,Neutral,0.5005,False
Ludo board mil gaya.,Positive,Negative,0.6148,False
Ludo mein luck ko career bana lena chahiye 😂,Positive,Negative,0.3766,True
Aaj badminton racket repair karaya.,Positive,Neutral,0.9935,False
"Racket repair hua, ab excuses ka stock khatam 😂",Positive,Negative,0.8678,True
Table tennis ball mil gayi.,Positive,Neutral,0.9977,False
Ball mil gayi but table ka pata nahi 😂,Negative,Neutral,0.5522,True
Rope ko suljhane mein workout pehle hi ho gaya 😂,Positive,Neutral,0.9218,True
"Bell fix hai, traffic ko ab warning mil jayegi 😂",Positive,Negative,0.5026,True
Cycle tyre mein air bhar di.,Positive,Neutral,0.9802,False
Aaj skating rink gaya.,Positive,Neutral,0.9954,False
Roller skates kaafi fast hain.,Positive,Neutral,0.7254,False
Roller skates ne gravity ka importance samjha diya 😂,Negative,Neutral,0.8853,True
Aaj pottery wheel try kiya.,Positive,Neutral,0.997,False
Clay mere plan se zyada creative nikli 😂,Positive,Negative,0.978,True
Ceramic mug paint kiya.,Positive,Neutral,0.9839,False
"Mug pe design bana diya, ab chai bhi artistic lagegi 😂",Positive,Negative,0.9949,True
Glass painting start ki.,Positive,Neutral,0.9575,False
"Paint haath pe zyada laga, glass pe kam 😂",Negative,Neutral,0.9571,True
Aaj watercolor try kiya.,Positive,Neutral,0.9929,False
"Watercolor ne water pe full focus kiya, color pe nahi 😂",Negative,Neutral,0.7986,True
Acrylic painting complete hui.,Positive,Neutral,0.8218,False
Aaj ek old diary mili.,Positive,Neutral,0.9803,False
Diary kholi aur purane versions ka reunion ho gaya 😂,Neutral,Negative,0.9813,True
Purana greeting card mila.,Positive,Neutral,0.9251,False
Old stickers ka packet mila.,Positive,Neutral,0.7828,False
Aaj childhood toy mila.,Positive,Neutral,0.9378,False
Toy dekh ke suddenly age irrelevant lagne lagi 😂,Positive,Negative,0.5066,True
Old photo album clean kiya.,Positive,Neutral,0.6463,False
Ek old birthday card mila.,Positive,Neutral,0.9714,False
Aaj old postcards dekhe.,Positive,Neutral,0.9958,False
Stamps dekh ke mail ka ancient version unlock ho gaya 😂,Positive,Negative,0.9102,True
Old coins ka album mila.,Positive,Neutral,0.8087,False
Coins dekh ke history pocket-sized lag rahi thi 😂,Positive,Negative,0.9883,True
Aaj family recipes ki notebook mili.,Positive,Neutral,0.978,False
Recipes mein measurements literally “andaaze se” hain 😂,Positive,Negative,0.9734,True
Calendar dekh ke time travel ka budget version mil gaya 😂,Positive,Neutral,0.6746,True
Aaj ek old key mili 🔑,Positive,Neutral,0.9964,False
Key mil gayi but lock ka retirement kab ka ho chuka 😂,Neutral,Negative,0.774,True
Aaj window ka curtain wash kiya.,Positive,Neutral,0.9973,False
Bedsheet change kar di.,Positive,Negative,0.8515,False
Fresh bedsheet ke baad bed se uthna illegal lagta hai 😂,Positive,Negative,0.9536,True
Cushion covers wash kar diye.,Positive,Neutral,0.9496,False
Cushions bhi spa treatment le rahe hain apparently 😂,Positive,Neutral,0.9203,True
Drawer organize kiya.,Positive,Neutral,0.9286,False
Drawer mein jo cheezein mili unka purpose abhi unknown hai 😂,Neutral,Negative,0.6694,True
Aaj cupboard ka top shelf clean hua.,Positive,Neutral,0.9913,False
Top shelf pe pura forgotten civilization mili 😂,Neutral,Negative,0.8626,True
Shoe rack finally sorted hai.,Positive,Neutral,0.5882,False
Umbrella repair karwa liya ☂️,Positive,Neutral,0.7596,False
Umbrella repair hua exactly jab rain season almost khatam hai 😂,Negative,Neutral,0.8862,True
Backpack wash kar diya.,Positive,Negative,0.9334,False
Backpack ke andar se old biscuit wrapper mila 😂,Negative,Neutral,0.9638,True
Aaj water bottle clean ki.,Positive,Neutral,0.9977,False
Bottle clean hui aur guilt bhi clean ho gaya 😂,Positive,Neutral,0.8251,True
Lunchbox ka lid mil gaya.,Positive,Neutral,0.9865,False
"Lid teen din se missing tha, detective case solved 😂",Positive,Neutral,0.4208,True
Aaj keychain change ki 🔑,Positive,Neutral,0.9979,False
Door hinge ki awaaz fix ho gayi.,Positive,Neutral,0.9513,False
Door ne finally horror movie banna band kar diya 😂,Positive,Negative,0.9945,True
Fan clean kar diya.,Positive,Negative,0.6656,False
Fan se itni dust nikli ki second fan ban sakta tha 😂,Negative,Positive,0.7462,True
Light bulb replace kar diya.,Positive,Negative,0.5991,False
Bulb change hua aur room ne 4K quality activate kar di 😂,Positive,Neutral,0.841,True
Switchboard repair ho gaya.,Positive,Neutral,0.9665,False
Switchboard ne aaj electricity se dosti maintain rakhi 😂,Positive,Neutral,0.8089,True
Aaj mirror clean kiya.,Positive,Neutral,0.9918,False
Mirror clean hua toh reality unnecessarily clear ho gayi 😂,Negative,Positive,0.6249,True
Clock ki battery change ki.,Positive,Neutral,0.6545,False
"Clock chal raha hai, meri timing ab bhi questionable 😂",Neutral,Negative,0.9922,True
Wall pe new photo frame lagaya.,Positive,Neutral,0.9883,False
"Frame lag gaya, ab wall thodi responsible lag rahi 😂",Positive,Negative,0.982,True
Room mein small lamp add kiya.,Positive,Neutral,0.9953,False
Aaj scented candle jalayi.,Positive,Neutral,0.9967,False
"Room ki smell improve hui, personality abhi pending 😂",Positive,Neutral,0.9153,True
Bookshelf pe plant rakh diya.,Positive,Negative,0.7886,False
Plant bookshelf pe mujhse zyada photogenic lag raha 😂,Positive,Negative,0.9125,True
Clock ko bhi room tour mil gaya 😂,Positive,Negative,0.9226,True
Rug itna soft hai ki floor ne competition lose kar diya 😂,Positive,Negative,0.9962,True
Door mat replace kar diya.,Positive,Negative,0.9834,False
Door mat bhi ab entrance pe attitude de raha 😂,Positive,Negative,0.9893,True
Aaj shoe polish kiya.,Positive,Neutral,0.9922,False
Aaj ek new pen try kiya.,Positive,Neutral,0.8409,False
Pencil itni sharp hai ki confidence hurt ho raha 😂,Positive,Negative,0.9926,True
Eraser ka naya packet liya.,Positive,Neutral,0.486,False
"Eraser zyada cute hai, mistakes ab bhi wahi hain 😂",Neutral,Positive,0.9932,True
Sticky notes ka pack mil gaya.,Positive,Neutral,0.9686,False
Sticky notes lene ke baad ab har surface suspect hai 😂,Positive,Negative,0.9599,True
Aaj fountain pen clean kiya.,Positive,Neutral,0.9759,False
Fountain pen ne cleaning ke baad royal treatment demand kiya 😂,Positive,Negative,0.6625,True
Paper itna smooth hai ki likhne ka pressure aa gaya 😂,Positive,Negative,0.8209,True
Whiteboard markers fresh hain.,Positive,Neutral,0.9818,False
"Marker fresh hai, handwriting ab bhi same 😂",Neutral,Positive,0.9706,True
Aaj a mechanical pencil mili.,Positive,Neutral,0.9919,False
Mechanical pencil dekh ke stationery obsession activate ho gaya 😂,Positive,Negative,0.6731,True
A new folder bought kiya.,Positive,Neutral,0.9366,False
"Folder empty hai, potential bohot hai 😂",Positive,Negative,0.9557,True
"Paper clips bhi itne organized hain, jealous ho rahi hu 😂",Positive,Negative,0.9913,True
Aaj stapler fix kiya.,Positive,Neutral,0.9887,False
Scissors sharpen karwa li.,Positive,Neutral,0.9872,False
A ruler ka naya set liya.,Positive,Neutral,0.9754,False
"Ruler seedha hai, life abhi bhi questionable 😂",Neutral,Negative,0.9949,True
Aaj sewing kit organize ki.,Positive,Neutral,0.9807,False
Aaj a zipper repair kiya.,Positive,Neutral,0.9015,False
"Zipper repair ho gaya, bag ne second chance le liya 😂",Positive,Negative,0.5286,True
Safety pins ka stock dekh ke emergency department khol sakti hu 😂,Positive,Neutral,0.894,True
Aaj a button sew kiya.,Positive,Negative,0.9033,False
"Button lag gaya, fashion industry safe hai 😂",Positive,Negative,0.4782,True
Aaj wardrobe se ek jacket nikali 🧥,Positive,Neutral,0.9809,False
Scarf purana hai but fashion ne usko abhi tak cancel nahi kiya 😂,Positive,Negative,0.832,True
Aaj shoes ke laces change kiye.,Positive,Neutral,0.9922,False
Socks ka matching pair mil gaya.,Positive,Neutral,0.9967,False
Matching socks milna aaj lottery win jaisa tha 😂,Positive,Neutral,0.8049,True
Aaj a cap wash ki.,Positive,Neutral,0.9918,False
A new tote bag mil gaya.,Positive,Neutral,0.9428,False
Tote bag mein ab unnecessary cheezein professionally carry hongi 😂,Positive,Negative,0.9862,True
Gloves ka pair mil gaya.,Positive,Neutral,0.7509,False
Aaj a woolen cap try ki.,Positive,Neutral,0.9946,False
Shoelaces ne outfit ka pura responsibility le liya 😂,Positive,Negative,0.4497,True
Aaj ek local craft fair dekha.,Positive,Neutral,0.9888,False
Wooden toys dekh ke phone se thoda break lene ka mann hua.,Positive,Negative,0.901,False
Hand-painted magnets mile.,Positive,Neutral,0.9908,False
Magnet fridge pe laga aur fridge suddenly cultured lagne laga 😂,Positive,Neutral,0.7672,True
Local artist ne postcards banaye the.,Positive,Neutral,0.9876,False
Bookmark ke liye book dhundhna ab next mission hai 😂,Neutral,Negative,0.9884,True
A ceramic whistle dekhi.,Neutral,Positive,0.7083,False
Someone was carving wood.,Positive,Neutral,0.9972,False
A metal sculpture stall tha.,Positive,Neutral,0.9703,False
Handmade paper ka stall tha.,Positive,Neutral,0.997,False
Contest jeetne ka chance sunke confidence unnecessary badh gaya 😂,Positive,Negative,0.9863,True
Aaj a crossword magazine li.,Positive,Neutral,0.9833,False
Trivia card ne random knowledge ka stock activate kar diya 😂,Positive,Negative,0.962,True
"Brain mein unnecessary fact save ho gaya, useful kab hoga pata nahi 😂",Neutral,Negative,0.9846,True
Octopus ke three hearts hote hain.,Positive,Neutral,0.9933,False
Crows can recognize faces.,Positive,Neutral,0.9956,False
Crows ko dekh ke ab behaviour careful rakhna padega 😂🐦‍⬛,Neutral,Positive,0.9672,True
Some birds can mimic sounds.,Positive,Neutral,0.906,False
"Birds bhi copy kar sakte hain, competition serious hai 😂",Positive,Neutral,0.7102,True
Bees communicate through movement.,Positive,Neutral,0.9894,False
Dolphins use unique whistles.,Positive,Neutral,0.984,False
Dolphins ke bhi personalised usernames hain apparently 😂,Positive,Neutral,0.883,True
Penguins bhi attendance by voice karte hain apparently 😂,Positive,Neutral,0.9532,True
Some frogs change colour.,Positive,Neutral,0.9775,False
Butterflies taste with their feet.,Neutral,Positive,0.5175,False
Butterfly ke feet bhi multi-purpose hain 😂,Positive,Neutral,0.8675,True
Book ne har page pe ek aur “wait what?” de diya 😂,Positive,Negative,0.9359,True
"Space mein bhi dust hai, universe bhi ghar jaisa nikla 😂",Neutral,Negative,0.559,True
Some rocks can float on water.,Positive,Neutral,0.9494,False
Stone ka float karna physics ka personal flex hai 😂,Positive,Neutral,0.8123,True
"Glass bhi pressure mein complicated ho jata hai, relatable 😂",Neutral,Positive,0.9964,True
Honey ne shelf life mein sabko embarrass kar diya 😂,Positive,Negative,0.9246,True
Log literally har cheez ka record bana chuke hain 😂,Positive,Negative,0.6248,True
A record for longest paper airplane flight exists.,Positive,Neutral,0.8033,False
A person collected vintage postcards.,Positive,Neutral,0.8878,False
Stamps ka collection itna bada tha ki post office jealous ho 😂,Positive,Negative,0.964,True
Someone restored an old bicycle.,Positive,Neutral,0.9847,False
Old bicycle ko new life mil gayi 🚲,Positive,Neutral,0.7368,False
A vintage radio was restored.,Positive,Neutral,0.905,False
Someone repaired a mechanical clock.,Positive,Neutral,0.9222,False
A watchmaker was working quietly.,Positive,Neutral,0.7967,False
Aaj a small greenhouse dekha 🌿,Positive,Neutral,0.9669,False
Tomatoes were growing indoors.,Positive,Neutral,0.9967,False
Tomatoes ko bhi climate-controlled lifestyle mil raha 😂🍅,Positive,Neutral,0.8572,True
I saw hydroponic plants.,Positive,Neutral,0.9891,False
Plants without soil dekh ke brain ko update chahiye tha 😂,Positive,Negative,0.8342,True
Someone was growing herbs vertically.,Positive,Neutral,0.9954,False
A small cactus collection tha.,Positive,Neutral,0.9953,False
Cactus ka attitude uske size se kaafi bada tha 😂🌵,Positive,Neutral,0.6861,True
A lotus pond was nearby.,Positive,Neutral,0.9932,False
Pond itna calm tha ki phone automatically silent feel hua 😂,Positive,Neutral,0.4595,True
A botanical garden had rare flowers.,Positive,Neutral,0.9264,False
Rare flowers dekh ke normal plants ko bhi respect dena pada 😂,Positive,Negative,0.9927,True
I saw a carnivorous plant.,Positive,Neutral,0.9915,False
"Plant insects kha raha tha, nature ka plot twist 😂🌱",Positive,Neutral,0.8745,True
Bench itni perfect thi ki obviously kisi aur ne pehle reserve kar rakhi 😂,Negative,Positive,0.8316,True
Park mein free Wi-Fi available tha.,Positive,Neutral,0.9933,False
Public charging station bhi tha.,Positive,Neutral,0.9907,False
Charging station ne low battery wale citizens ko rescue kar diya 😂,Positive,Neutral,0.6791,True
Aaj ek drinking water station dekha.,Positive,Neutral,0.9932,False
Public benches were newly painted.,Positive,Neutral,0.9908,False
Bench fresh paint ke saath VIP lag rahi thi 😂,Positive,Neutral,0.829,True
A bicycle repair stand was installed nearby.,Positive,Neutral,0.9902,False
Cycle repair stand dekh ke transport department serious lagne laga 😂,Positive,Negative,0.9581,True
There was a small free library box.,Positive,Neutral,0.9779,False
Free library box mein books bhi better stocked thi than expected 😂,Positive,Negative,0.5233,True
Someone left a handwritten note inside.,Positive,Neutral,0.9831,False
Lost-and-found box dekh ke humanity ka group project yaad aa gaya 😂,Positive,Negative,0.9341,True
Someone returned a lost wallet there.,Positive,Neutral,0.619,False
A street cleaner was working early.,Positive,Neutral,0.97,False
City clean rakhne wale log underrated hain.,Positive,Negative,0.89,False
A local volunteer group was planting trees.,Positive,Neutral,0.9856,False
Someone donated books to the community centre.,Positive,Neutral,0.6158,False
A neighbourhood swap event was happening.,Positive,Neutral,0.9116,False
"Jo cheez ghar mein useless hai, kisi aur ke kaam aa sakti hai 😂",Positive,Negative,0.9816,True
People were exchanging old clothes.,Positive,Neutral,0.833,False
Wardrobe ka population control ho raha tha 😂,Positive,Neutral,0.8154,True
A repair cafe was open today.,Positive,Neutral,0.9632,False
Repair cafe dekh ke “replace everything” culture pe thoda doubt hua 😂,Positive,Negative,0.9749,True
Someone was fixing old electronics there.,Positive,Neutral,0.9706,False
Purane gadgets ko second life mil rahi thi 🔧,Positive,Negative,0.9846,False
A community garden had shared tools.,Positive,Neutral,0.928,False
People were exchanging seeds.,Positive,Neutral,0.9688,False
A local group was collecting blankets.,Positive,Neutral,0.8726,False
Someone organized a neighbourhood cleanup.,Positive,Neutral,0.967,False
Cleanup ke baad same street completely different lag rahi thi.,Positive,Neutral,0.9966,False
A local donation drive collected toys.,Positive,Neutral,0.8565,False
A community kitchen was serving meals.,Positive,Neutral,0.9843,False
Community kitchen dekh ke log kitna support kar sakte hain feel hua.,Positive,Neutral,0.7967,False
Aaj a small cultural exhibition dekhi.,Positive,Neutral,0.9299,False
Exhibition mein har corner ka alag vibe tha 😂,Positive,Negative,0.9103,True
Local artists had painted the walls.,Positive,Neutral,0.9624,False
Walls ne normal building ko pura character de diya.,Positive,Negative,0.8667,False
Traditional instruments were displayed.,Positive,Neutral,0.9579,False
Someone demonstrated a handmade instrument.,Positive,Neutral,0.946,False
Instrument ki sound expected se bilkul different thi.,Positive,Neutral,0.9761,False
A craft workshop was happening.,Positive,Neutral,0.9695,False
"Workshop mein sabka focus serious tha, except mera 😂",Negative,Neutral,0.5703,True
People were making paper lanterns.,Positive,Neutral,0.9906,False
A traditional weaving demo was happening.,Positive,Neutral,0.9924,False
Someone was carving a wooden mask.,Positive,Neutral,0.9856,False
A pottery artist was teaching kids.,Positive,Neutral,0.9212,False
A local storyteller was performing.,Positive,Neutral,0.855,False
Storyteller ne sabko bina screen ke engaged rakha 😂,Positive,Negative,0.9289,True
People were learning a traditional dance.,Positive,Neutral,0.8847,False
Steps simple lag rahe the until I tried them 😂,Negative,Positive,0.9319,True
A cultural food display was arranged.,Positive,Neutral,0.8533,False
Handmade masks were hanging everywhere.,Positive,Neutral,0.6214,False
A local history wall had old photos.,Positive,Neutral,0.9342,False
Old photos ne area ka pura timeline dikha diya.,Positive,Neutral,0.9395,False
Someone had donated an old typewriter.,Positive,Neutral,0.9243,False
Typewriter dekh ke keyboard suddenly boring lagne laga 😂,Positive,Negative,0.9617,True
A vintage sewing machine was displayed.,Positive,Neutral,0.9742,False
An old camera collection was on display.,Positive,Neutral,0.9055,False
Old cameras dekh ke photography ka pura evolution samajh aaya.,Positive,Negative,0.872,False
A traditional clock was displayed.,Positive,Neutral,0.9866,False
Clock ka design dekh ke modern clocks boring lagne lage 😂,Positive,Negative,0.9932,True
Someone restored a wooden trunk.,Positive,Neutral,0.9715,False
Trunk restore karke usko second life de di.,Positive,Negative,0.6135,False
A small heritage walk was happening.,Positive,Neutral,0.957,False
Doors dekh ke lag raha tha har house ka apna character hai 😂,Positive,Neutral,0.5992,True
A historic fountain was still working.,Positive,Neutral,0.987,False
Fountain itne saal baad bhi duty pe hai 😂,Positive,Negative,0.925,True
Aaj ek street musician ko violin bajate suna 🎻,Positive,Neutral,0.9955,False
Violin wale bhaiya ka audience main aur teen pigeons the 😂,Positive,Neutral,0.5626,True
Ek tiny bookstore basement mein mili.,Positive,Neutral,0.7267,False
Bookstore itni hidden thi jaise books ko privacy chahiye 😂,Positive,Negative,0.8762,True
Aaj ek handmade soap stall dekha.,Positive,Neutral,0.9921,False
Ek old bridge ke neeche artwork bana hua tha.,Positive,Neutral,0.997,False
Bridge ke neeche wali wall ne gallery ko competition de diya 😂,Positive,Negative,0.9912,True
Aaj ek foreign coin mila 🪙,Positive,Neutral,0.9985,False
"Coin kis country ka hai pata nahi, but detective mode on hai 😂",Positive,Neutral,0.9896,True
Ek stranger ne lost umbrella return kiya.,Positive,Neutral,0.9768,False
"Umbrella wapas mil gaya, humanity ne aaj attendance laga di 😂",Positive,Negative,0.6779,True
Aaj ek tiny bakery discover hui.,Positive,Neutral,0.9806,False
Bakery itni hidden thi ki calories bhi secretly aa rahi thi 😂,Positive,Negative,0.9411,True
Ek artist sidewalk pe portraits bana raha tha.,Positive,Neutral,0.9849,False
"Artist ne five minute mein face bana diya, main five minute mein decide nahi kar pati 😂",Positive,Negative,0.9832,True
Aaj public piano dekha 🎹,Positive,Neutral,0.991,False
"Piano public tha, meri talent private hi rehni chahiye 😂",Positive,Neutral,0.3876,True
Ek kid newspaper fold karke boat bana raha tha.,Positive,Negative,0.8982,False
Paper boat ne childhood ka subscription renew kar diya 😂,Positive,Negative,0.9805,True
Aaj ek tiny museum dekha.,Positive,Neutral,0.9432,False
Ek old map wall pe laga tha 🗺️,Positive,Neutral,0.9953,False
Map dekh ke lag raha tha duniya kaafi badi hai aur main bas ek corner mein hu 😂,Neutral,Negative,0.9275,True
Aaj ek handmade bookmark gift mila.,Positive,Neutral,0.8304,False
"Bookmark mil gaya, ab book finish karna bhi padega 😂",Positive,Negative,0.9973,True
Ek street artist chalk se stars bana raha tha.,Positive,Neutral,0.7832,False
Aaj ek old fountain pen repair hua.,Positive,Neutral,0.9942,False
Ek tiny aquarium dekha 🐠,Positive,Neutral,0.9745,False
Aaj ek telescope se moon dekha 🌙,Positive,Neutral,0.5367,False
Moon close dikha toh problems thodi temporarily small lagne lagi.,Positive,Neutral,0.7101,False
"Bas directions diye the, award ceremony nahi chahiye thi 😂",Neutral,Negative,0.9076,True
Aaj ek old bookstore ke bahar poetry board laga tha 📖,Positive,Neutral,0.9589,False
